53
55
91
94
95
97
2037
2038
3181
3287
3288
3289
3290
3839
10542
10543
10544
11432
11525
11526
11527
15793
15794
15795
15796
17115
17116
17543
17544
17545
18272
18273
18274
18275
19067
19422
19646
19647
20476
20483
22063
22303
22304
22305
22306
23046
23268
23269
23642
23697
24031
24875
25168
25169
26014
26015
26017
26692
27725
27726
27918
28789
29138
29139
29140
29141
29525
29588
29639
29772
29815
29816
29817
29934
29938
30359
30669
31471
31472
31720
31721
31722
31894
31992
32832
32854
32908
33162
33170
33362
33476
33517
33565
33782
34811
35051
35053
35057
35168
35189
35614
35624
36048
36187
36188
36251
36280
36281
36282
36299
36732
37517
37550
37768
38566
39156
39157
39158
39304
40059
40597
40604
40605
40606
40757
40859
40860
40868
41066
41081
41082
41181
41200
41202
41249
41436
41481
41501
42109
42110
42111
42112
42723
42724
42952
43029
43030
43226
43229
43257
44157
44248
44300
44560
46188
46562
46563
46564
46932
46945
46955
47028
47029
47030
47031
47330
47331
47375
47464
47465
48437
48686
48717
48889
48890
49348
49355
50617
50692
50695
50703
50759
50772
50836
51101
51147
51148
51149
51586
52702
52703
53319
54101
54120
54121
54122
54123
54289
54316
54357
55111
56024
56181
56185
56186
56187
56188
56232
57093
57227
57560
57561
57562
58256
58556
58661
58852
59385
59386
59387
59631
59658
60282
60344
60376
60601
60602
61575
61650
61665
61807
61953
62977
62978
63743
63744
63790
64782
65289
65769
65972
65973
65974
66266
66927
67799
67800
67801
68474
69098
69100
69448
70021
70918
71050
71345
71408
72123
72766
72767
72922
72923
73288
73622
74813
74822
75277
75780
75781
75782
78755
79386
79413
80592
82996
83104
83105
83693
83694
85228
85229
85882
85903
85905
86075
86474
86528
86529
88380
88381
88382
88383
88384
92467
93173
95412
95413
95877
98573
100451
102269
102270
102271
102998
102999
104832
104834
106214
106215
106217
106312
106654
106725
107656
107698
108396
108397
108398
108399
108888
108889
108906
108907
108969
108970
108971
108972
110081
110082
110083
111223
111224
111737
111738
112922
113875
114146
114153
115109
115350
115413
115424
115425
116252
116253
116254
116999
119031
119080
119081
119082
120348
125285
126635
126636
126637
127560
129137
129326
129641
129937
129952
129953
129954
130090
130115
130301
132572
132573
134207
134791
136000
136001
136156
136157
136269
136518
137108
137109
137111
137310
137587
137588
138598
138931
139557
140857
141810
141811
141812
142737
142988
142989
144887
145316
145340
145559
145560
145561
145562
145563
146247
146542
147127
147789
148120
148187
148370
149364
149585
152071
152208
152323
152324
152419
152575
153904
154208
154594
155560
156509
156547
156565
156598
156754
157540
159598
160314
162189
163312
163981
163982
164189
164190
164192
164408
164713
164826
164827
165793
166245
166246
166452
166485
167023
167387
168228
169349
169350
170007
170008
170218
171212
171213
171605
172627
173029
173790
173828
173926
175211
175212
176441
177457
177763
179323
180723
182203
182393
185055
186064
186401
188207
188463
189393
189394
189395
189498
189557
189558
189559
189560
190513
192573
192710
195244
195245
195259
195703
196650
196949
197333
200519
201661
204053
204194
208512
211429
211432
214243
218151
219183
219184
219393
219394
221228
222312
222380
222527
222550
222785
225819
230174
230175
231079
233869
234038
234039
234175
234333
236486
236487
238767
249832
252235
252236
252921
253721
253722
253723
254562
254670
254866
254877
255705
255863
257829
258251
258865
258866
258867
259272
261808
261809
261810
263368
264100
264143
267135
268601
270837
272291
272322
272815
273174
273175
273305
274043
275259
276571
276572
276578
277455
277543
281315
284556
284816
284818
284819
285045
287049
288058
292006
293224
293759
293784
294196
295544
297086
297261
305410
307944
316200
319390
320800
322867
323001
324252
326567
331530
334400
344875
346633
347377
348701
352553
353453
358606
359869
361624
361627
361818
363104
382692
387465
387466
387475
388099
388428
397775
401014
401015
401016
401129
404142
404565
404645
408454
408508
409167
409808
410054
410193
413883
413884
413885
416702
418774
427104
427650
430528
432913
434228
434526
434634
443783
447474
448158
449287
449638
449639
449640
449641
453404
454733
454888
455796
455797
455968
456315
456619
456620
458173
458813
459373
460809
461636
463693
463933
464908
467360
467361
467363
467694
478233
478235
478256
478376
480317
482389
483798
485392
487203
490427
490994
491412
493879
494946
497045
499017
499018
500514
500623
500624
502575
502809
503483
503488
503841
506046
506047
506048
506890
506891
508561
508569
509334
509357
509358
509665
511444
511715
512095
512097
512098
512683
512684
513222
513281
513450
514540
515560
516168
519806
520097
520098
520279
520280
520732
522908
524083
524084
528777
530518
530519
530520
536977
537377
537630
538698
541538
543208
544671
545223
547082
547814
547827
551489
552565
562556
565648
567403
567405
567406
567599
567763
568434
568435
569707
571073
572061
572062
572063
573034
573837
574547
577333
577603
580683
587711
592113
593087
593089
593091
595633
595855
598089
598313
599979
601493
602121
609253
609255
611011
611877
611879
612229
613997
614963
615815
617203
617825
619969
620017
621985
624721
625433
625611
625641
626285
626305
626359
634961
634963
634965
634967
635023
637375
641985
646938
650161
653739
654103
659205
659430
662099
667607
667729
667730
672527
672530
673532
674845
675330
675986
676076
677551
678088
678090
678612
678652
679071
679205
679272
680118
680119
683010
683799
685230
686394
687129
687303
688462
688986
688987
688988
698850
698851
698852
699279
700546
701563
701564
701565
701567
701568
701569
701570
710381
712969
716074
717552
717938
721613
722215
722235
722236
722237
722238
723297
724219
725724
726609
727854
727997
727998
728952
728953
728965
729672
730023
730178
730803
731450
732134
734183
737166
737406
737438
737439
737440
737441
737442
737443
737444
737445
737446
737447
737448
737449
737450
737451
737452
737453
737454
737455
737456
737457
737907
737908
737909
739789
739790
741949
742004
742368
742392
742504
742522
742531
742566
743553
743972
744184
744305
745087
746099
746857
746858
746859
747758
747806
751015
752977
755119
756409
756459
763407
765392
767692
767693
767694
771640
773808
773809
773817
776668
776774
777553
781370
785130
785582
785583
785584
785882
786505
786506
786507
786932
788971
789929
790371
790372
791365
792235
792236
792410
792478
792479
792480
792807
794254
794899
795810
796506
796517
796725
797280
797731
798975
799600
799880
800601
800706
800930
800942
802246
803137
803138
803767
803783
808725
808783
809404
809648
812722
813023
816221
818060
818061
818062
818063
821580
821622
821623
821695
821996
821997
821998
822668
823324
823840
825073
830311
830521
830574
830685
831751
832139
832140
832818
832819
832820
832866
833431
834422
836826
838076
838077
841101
842321
846346
846347
846348
846349
846350
846351
846352
847974
849199
854204
855575
856844
860182
864868
867859
869722
872933
874356
875018
876744
895355
895540
895541
896870
896871
896898
905419
905521
905522
905977
905978
905979
905980
908006
908007
909706
911074
911233
912442
915218
918484
921005
921078
921980
922029
922765
925492
925983
926225
929500
932502
934111
937407
939016
939814
943940
945298
945653
945654
945869
946373
946425
947655
950150
955107
955895
959836
960739
960740
960818
962442
963764
967375
968160
968844
968845
969472
969473
969609
970099
971578
971579
978211
981555
984878
985833
986837
987724
994567
994568
995115
995158
996178
996179
997277
997433
997750
997751
998003
998107
999524
1000348
1001225
1001487
1005957
1010979
1013739
1014872
1014873
1014874
1014875
1014877
1017133
1020878
1020879
1022700
1025348
1025968
1026666
1027065
1028215
1028286
1028396
1028441
1028954
1029435
1029436
1029437
1029438
1029692
1029708
1031111
1032074
1034334
1034961
1035141
1036765
1040169
1040989
1041175
1041398
1042613
1042878
1043129
1044536
1044537
1044612
1045669
1045670
1045671
1046098
1046139
1046146
1046154
1046168
1046171
1046178
1046182
1046185
1046192
1046193
1046200
1046204
1046207
1046208
1046209
1046215
1046230
1046258
1046259
1046271
1046279
1046302
1046431
1046528
1046902
1046903
1046905
1046980
1047005
1047006
1047415
1047416
1047417
1047427
1047463
1047470
1049718
1049719
1049940
1049941
1049942
1049943
1052682
1055518
1056393
1056394
1056395
1056396
1056397
1058078
1058079
1058080
1059227
1067056
1067616
1068746
1071585
1071722
1075692
1077725
1077796
1079972
1080934
1082644
1082645
1082646
1083092
1083093
1083094
1087891
1090154
1091616
1093148
1095152
1097389
1098039
1098040
1098042
1098043
1098045
1098108
1101206
1101207
1101209
1101356
1101561
1102453
1102796
1103334
1103822
1106604
1106605
1109753
1111225
1111226
1113791
1113877
1119407
1120233
1121944
1122959
1122960
1122961
1123301
1124919
1128459
1129535
1131748
1131890
1133212
1133957
1134049
1135544
1140047
1140797
1140995
1140996
1140997
1144011
1144012
1151640
1152463
1152984
1158324
1174266
1174267
1179168
1185190
1190320
1194464
1194465
1200519
1200520
1209110
1213399
1213400
1213401
1213539
1213806
1215222
1216237
1216238
1220985
1220986
1221053
1225306
1225352
1229270
1231979
1233110
1234096
1234097
1234098
1240759
1241425
1242557
1246510
1247975
1247976
1251914
1253363
1253364
1253365
1253366
1253622
1253771
1253815
1253816
1253817
1253818
1253819
1253820
1253831
1258957
1259659
1259667
1259668
1259669
1259863
1260108
1260962
1261122
1263085
1263088
1263090
1266754
1266755
1266756
1266757
1268004
1268005
1268006
1269271
1269272
1269745
1269746
1272513
1272514
1272612
1272613
1275856
1277281
1279097
1279098
1281357
1283342
1283490
1283491
1283492
1284002
1284719
1284722
1285135
1285526
1285761
1285762
1285763
1285764
1287670
1290471
1290727
1291225
1293214
1294446
1295448
1295549
1295708
1296664
1301853
1302785
1305415
1306368
1306369
1306997
1310551
1310882
1315872
1319820
1322054
1348060
1348764
1349186
1349195
1349605
1353542
1354539
1355225
1355966
1356194
1356199
1359802
1360333
1363916
1363917
1366670
1366671
1366672
1367378
1370768
1370769
1373128
1375004
1379078
1382035
1382036
1382037
1382038
1382039
1382040
1382693
1382694
1382695
1382696
1385120
1385964
1388314
1390129
1393008
1394789
1395848
1395949
1402110
1402111
1402141
1404021
1404256
1404257
1404258
1404259
1407383
1407384
1407385
1411560
1412742
1416669
1416954
1418133
1418648
1418649
1420165
1420284
1428619
1430505
1434810
1434811
1434812
1434813
1435692
1437694
1439711
1441008
1444340
1444722
1447448
1447449
1447450
1447728
1448105
1448106
1449135
1449186
1449499
1449854
1452251
1454603
1459487
1459488
1463254
1463669
1464035
1465111
1465961
1466895
1468171
1468172
1468173
1469037
1472912
1474491
1478501
1478502
1478503
1478504
1478505
1479127
1479777
1482128
1482977
1482978
1482981
1483165
1484251
1484252
1484253
1485287
1486161
1486195
1486278
1486561
1486819
1489858
1491666
1491765
1491805
1493428
1497966
1501363
1501740
1501741
1503559
1504852
1505569
1508836
1509274
1510823
1511109
1514231
1520541
1520642
1520652
1520956
1522398
1523637
1524133
1524177
1525008
1527960
1531066
1531720
1532376
1534687
1535983
1537290
1538560
1538561
1538562
1541045
1541385
1542911
1543215
1543216
1543217
1551246
1552531
1554663
1557461
1557553
1559267
1559387
1559388
1559574
1561332
1562113
1562379
1562903
1564191
1568261
1568930
1570488
1570489
1571308
1573324
1574877
1574878
1577821
1579635
1579854
1581348
1581744
1581745
1584558
1587272
1588619
1588621
1588622
1588679
1593348
1594438
1594769
1598117
1598267
1600095
1602457
1603470
1605954
1605955
1606128
1606352
1606353
1606555
1607216
1607321
1608941
1610023
1610184
1610185
1610187
1610188
1610942
1611436
1611437
1611606
1611780
1611781
1611782
1611783
1611784
1613198
1613811
1613969
1614227
1614256
1617835
1618094
1618544
1619611
1620248
1620249
1620946
1621929
1623744
1623788
1623891
1623892
1626279
1626280
1627804
1628151
1631523
1631526
1633220
1633221
1640257
1642114
1647660
1648095
1648263
1648281
1649345
1649346
1651478
1651935
1652159
1652493
1652503
1652536
1655737
1656727
1657294
1658584
1660276
1660683
1661082
1661231
1663006
1666354
1666871
1670741
1670742
1670743
1670744
1670745
1673436
1674528
1676524
1676992
1677107
1678055
1678056
1682472
1682474
1682475
1683230
1683361
1685335
1685554
1690291
1690435
1691817
1693943
1694474
1694476
1694477
1696439
1698069
1698070
1698327
1698343
1700018
1700019
1703489
1703921
1703923
1703926
1706189
1706541
1709022
1709115
1709633
1709651
1709980
1710958
1712440
1712441
1712442
1713608
1714320
1714495
1719319
1723144
1724512
1730218
1731073
1731878
1731879
1731880
1731881
1731882
1732116
1732964
1736606
1737021
1739274
1740994
1741641
1745561
1745562
1745563
1747608
1748990
1749115
1749454
1751992
1759637
1760697
1763070
1763071
1763072
1763073
1764395
1766921
1769262
1770555
1772211
1772213
1772214
1772218
1773025
1773609
1776593
1776594
1776595
1776596
1776597
1777455
1777688
1777908
1778547
1779910
1780638
1782802
1783822
1785339
1786977
1787055
1787604
1788240
1789415
1789452
1789526
1790202
1790205
1791893
1791897
1793810
1799305
1799844
1801452
1802383
1802384
1802500
1802501
1802563
1803436
1803466
1804648
1807460
1808108
1808732
1808733
1808734
1811527
1813203
1815220
1815221
1815222
1815799
1818533
1820639
1820640
1824581
1824877
1825929
1827120
1827226
1827631
1828816
1828817
1828818
1828869
1829086
1829259
1833962
1835991
1836918
1838940
1839017
1839542
1839686
1841324
1841791
1844512
1846209
1846210
1846644
1850507
1850508
1850685
1850686
1851445
1851557
1852597
1852617
1853046
1853047
1853559
1854589
1856383
1856553
1856558
1856726
1857451
1858571
1859282
1859779
1859841
1859843
1859961
1861719
1862009
1862010
1862190
1862492
1862506
1862759
1864216
1864217
1864395
1865291
1866909
1869430
1869431
1870592
1870916
1871282
1872193
1872916
1873866
1874799
1874987
1875255
1876014
1876015
1876016
1876017
1877532
1879212
1880010
1881837
1881838
1881839
1881840
1883033
1883153
1883154
1883155
1883431
1883432
1883433
1883434
1883445
1883446
1883447
1883461
1883937
1884609
1886819
1888718
1888719
1889235
1889563
1890237
1891202
1891549
1893901
1896469
1896685
1898185
1899226
1899305
1899464
1902638
1905143
1908351
1913395
1913667
1916618
1919502
1922122
1922626
1923287
1925563
1925801
1926188
1926622
1929372
1929514
1929666
1931351
1932446
1932534
1933560
1933561
1934311
1934328
1935279
1936149
1936245
1936578
1936716
1937800
1938944
1939639
1939640
1939641
1939642
1939643
1939863
1940256
1942216
1942217
1942369
1942821
1942871
1943617
1943618
1943817
1944094
1945488
1945962
1947698
1947886
1949545
1949546
1949547
1950051
1950694
1951845
1952134
1954996
1955074
1956126
1956310
1956860
1957122
1958045
1958054
1958105
1959464
1960408
1960997
1961571
1962280
1965332
1966099
1966417
1966791
1966823
1967309
1967430
1968436
1971289
1971372
1972430
1973400
1974490
1975033
1977935
1977936
1977937
1977938
1977940
1978629
1978710
1978711
1978941
1979289
1979290
1979291
1979396
1979942
1980521
1980659
1980841
1980931
1981560
1984272
1984398
1985676
1986008
1987479
1987792
1988693
1988863
1989318
1989804
1989839
1990185
1991690
1991692
1991986
1992102
1992103
1992104
1992120
1992121
1992122
1992123
1992124
1992125
1992126
1992127
1992128
1992129
1992698
1993117
1994655
1994802
1995399
1996790
1996791
2002569
2003405
2003643
2003943
2004429
2004575
2005622
2005623
2005624
2005625
2005626
2006190
2006248
2006274
2007979
2008827
2008875
2008876
2008877
2009092
2010447
2010808
2011378
2012468
2014061
2014062
2016904
2017288
2020106
2020704
2021850
2022129
2022782
2023929
2023930
2024162
2027288
2028042
2034019
2034239
2034258
2037613
2038396
2040134
2040458
2041210
2041972
2042208
2042210
2042492
2042991
2044656
2045385
2046442
2048914
2048915
2049430
2049796
2049803
2049804
2049805
2049806
2050996
2051216
2052314
2052881
2053116
2053673
2053674
2053796
2053797
2054321
2054870
2055562
2055563
2055858
2056893
2056967
2057898
2059380
2059555
2061816
2061913
2063174
2064254
2064255
2064256
2064257
2064258
2065714
2066440
2066838
2068270
2068271
2068272
2069178
2069179
2070221
2070598
2071583
2071584
2072634
2072900
2073656
2077405
2077811
2078193
2081750
2085419
2088517
2089866
2089867
2089868
2089869
2096702
2096832
2097030
2097957
2097958
2098069
2098616
2098771
2099665
2099666
2099667
2099668
2099669
2099670
2100261
2100262
2100323
2100324
2100325
2100330
2100332
2100337
2100339
2100340
2100342
2100343
2100348
2100355
2100356
2100360
2100361
2100362
2100363
2100365
2100366
2100368
2100369
2100415
2100474
2101595
2102223
2102278
2102330
2102331
2102332
2106073
2106476
2106482
2106628
2106629
2106844
2107192
2107775
2108802
2109048
2113450
2119140
2119728
2121822
2121823
2123620
2126673
2127688
2127689
2127691
2127692
2130186
2131512
2131552
2131553
2132504
2132505
2132506
2132507
2132508
2132509
2132510
2134710
2134877
2135769
2138078
2138170
2138171
2139319
2139942
2140546
2140719
2142744
2144523
2146052
2146053
2146054
2146055
2146056
2146727
2147292
2147293
2147294
2147295
2147296
2147297
2147298
2147299
2147300
2147301
2147791
2147892
2149802
2149809
2149810
2149811
2149812
2149813
2149814
2149815
2149816
2149817
2149818
2149819
2149820
2149821
2149822
2149823
2150005
2150456
2151745
2152107
2154038
2155526
2155642
2157207
2157351
2158106
2158830
2158831
2159427
2159901
2159902
2160522
2161043
2161044
2161045
2161166
2161411
2162629
2162630
2164663
2167380
2167381
2167382
2167383
2167596
2167605
2167638
2168112
2168658
2170568
2170569
2171713
2171737
2171738
2171741
2172566
2172668
2174465
2174581
2174582
2174584
2174585
2174586
2176279
2176280
2177594
2177627
2177657
2179590
2180029
2180030
2180031
2180032
2180033
2180034
2180035
2180436
2182320
2183138
2183169
2183213
2183214
2183215
2184593
2185474
2185475
2185476
2185477
2185478
2185479
2185480
2186046
2187466
2189211
2189523
2190711
2190724
2191464
2191543
2192766
2192792
2193745
2194524
2196289
2196306
2196985
2196986
2196987
2196988
2197524
2198627
2198955
2200054
2200666
2202917
2203912
2204826
2204827
2204828
2204845
2206483
2209640
2210465
2212074
2212075
2217204
2219201
2221419
2224044
2224061
2225479
2226339
2226599
2227582
2228296
2228465
2228845
2232721
2233420
2233580
2233581
2233582
2233583
2233584
2234725
2234981
2234982
2234983
2236829
2236865
2237853
2237860
2238681
2238682
2239476
2239593
2240162
2241008
2243734
2244115
2244190
2244765
2252716
2253318
2254685
2257848
2258147
2259079
2259355
2259356
2259358
2259415
2260156
2260159
2260402
2262537
2263560
2264918
2265953
2265956
2265971
2265992
2266025
2266027
2266030
2266121
2266466
2266610
2266624
2268815
2268817
2268820
2271786
2272395
2272608
2272609
2273818
2274326
2274921
2275091
2275093
2275094
2276559
2276652
2278847
2282143
2282517
2283859
2285271
2285687
2286334
2286439
2289992
2291168
2292290
2292319
2292420
2294046
2294155
2294716
2294750
2294751
2294752
2294753
2295828
2295962
2296142
2296321
2297450
2298323
2298950
2299787
2300589
2300755
2301044
2301131
2301591
2301668
2301669
2301670
2301671
2301672
2301673
2301674
2301675
2301676
2301677
2301678
2301679
2302344
2303041
2310838
2311666
2311667
2311668
2311669
2311670
2311671
2311672
2311673
2311695
2311696
2316161
2316526
2316527
2316963
2317574
2317953
2319419
2319431
2320268
2320830
2320951
2320952
2320953
2320954
2320955
2321242
2321329
2323356
2324328
2324816
2324906
2326936
2329207
2329208
2330280
2330347
2330372
2330914
2331927
2333573
2334619
2335151
2335693
2335870
2335871
2335926
2336246
2336376
2336382
2336432
2336593
2336679
2336758
2337041
2337416
2337417
2337628
2337853
2337880
2338728
2339066
2340907
2341259
2342179
2343254
2345270
2345324
2347016
2347499
2347646
2348188
2348896
2350525
2352025
2352713
2352972
2352973
2352974
2352975
2353132
2353228
2353229
2353411
2354346
2354347
2354348
2354349
2354350
2354557
2356179
2357553
2357850
2357934
2358491
2359045
2359066
2359803
2359829
2360394
2361101
2361132
2362078
2362479
2364041
2364327
2365830
2366557
2366558
2366821
2367712
2368150
2369241
2371974
2372058
2374417
2375080
2377360
2377492
2377640
2378204
2378242
2378251
2379790
2380137
2380879
2380881
2380882
2380883
2381092
2381564
2381800
2381922
2382206
2386203
2388067
2388283
2388284
2388285
2388357
2389230
2389231
2389233
2389234
2389261
2389372
2389434
2389578
2389814
2390132
2391862
2393773
2393774
2393775
2393776
2394716
2395625
2395831
2395832
2395833
2395834
2395835
2395836
2397534
2397666
2399674
2399766
2399767
2399831
2399963
2400750
2401386
2402093
2402614
2402615
2402616
2402837
2402838
2402844
2402845
2403109
2403134
2403345
2403346
2403347
2403348
2403349
2403454
2404367
2404771
2405742
2406327
2406362
2406393
2406633
2406634
2406768
2407235
2407240
2409422
2409738
2409978
2410988
2411069
2411176
2411412
2411413
2411414
2411513
2411514
2411515
2411516
2411517
2412068
2412720
2412815
2413242
2413741
2414404
2414405
2414406
2414407
2414408
2414409
2414410
2414411
2414412
2414413
2414414
2416027
2416324
2416507
2417937
2417938
2418520
2419786
2420193
2420331
2421618
2421911
2422483
2422545
2422648
2422813
2424393
2424445
2426554
2427262
2429915
2431630
2433734
2436877
2439572
2440464
2440959
2441591
2441756
2441757
2441758
2442341
2443182
2443429
2443637
2444965
2445727
2447008
2447573
2449729
2449745
2453535
2453852
2454003
2455265
2456962
2456963
2457613
2459903
2462364
2465008
2465616
2467664
2468042
2468593
2471964
2472377
2474006
2474715
2475177
2475821
2475980
2476682
2479057
2480261
2481338
2481595
2482014
2482015
2482971
2482972
2482973
2482974
2482975
2482976
2483685
2483686
2483687
2483688
2483689
2485859
2486581
2487106
2487583
2489274
2490635
2491807
2492678
2493155
2493648
2493922
2494522
2495062
2495225
2495492
2496258
2496510
2496689
2496841
2498488
2498847
2498848
2498849
2498850
2498851
2498852
2498853
2499063
2499716
2503163
2503210
2505296
2505638
2505993
2507697
2508072
2508968
2508969
2509244
2509468
2509953
2511050
2512179
2512984
2512985
2512986
2512987
2514111
2516616
2517362
2518549
2519798
2519910
2520864
2521962
2521992
2521993
2521994
2522697
2522762
2523479
2523572
2523638
2524723
2524724
2524759
2524760
2524761
2524762
2524763
2524764
2524765
2524766
2524767
2524768
2526773
2527597
2527887
2528066
2530575
2531078
2531079
2532015
2533044
2533563
2535165
2537719
2537992
2538098
2539233
2540248
2540249
2542905
2543726
2543727
2543728
2543729
2543730
2543731
2543736
2543737
2543738
2543739
2543740
2543741
2544057
2545457
2545718
2545719
2546306
2546809
2546810
2547542
2547566
2547614
2547950
2548108
2548682
2549989
2550137
2551738
2552121
2553473
2553713
2553714
2553715
2553716
2553717
2553718
2553719
2554346
2554785
2558190
2558884
2559418
2559677
2560369
2560861
2560862
2561547
2562065
2562227
2562355
2562356
2562357
2562358
2562359
2562360
2562361
2562486
2562783
2563786
2563787
2563788
2563789
2564051
2564211
2565674
2567539
2567896
2567911
2567912
2567913
2567914
2568869
2568870
2568871
2571859
2575404
2575405
2575406
2575407
2575408
2575409
2575410
2576099
2576100
2577157
2578110
2578911
2578999
2579000
2579001
2579002
2579003
2579032
2579616
2579906
2579907
2579908
2579909
2579910
2580572
2581143
2582812
2582879
2582895
2583117
2584178
2584507
2584602
2584956
2585701
2585707
2586836
2587357
2587767
2588188
2588597
2588598
2591737
2591895
2592704
2592998
2593279
2594075
2594178
2594543
2594752
2594916
2595131
2595482
2596167
2596835
2597009
2597229
2597265
2598031
2598114
2598135
2598274
2598332
2598377
2598521
2598702
2599337
2600385
2601766
2602944
2603449
2603573
2604830
2605647
2606412
2606428
2607136
2607499
2607602
2607767
2607768
2607769
2607770
2608073
2608227
2610903
2611399
2613210
2613372
2613373
2613375
2615039
2615607
2616207
2616208
2616209
2616210
2617241
2617879
2618014
2618953
2619276
2619557
2620157
2620158
2620159
2620160
2620161
2620162
2620666
2620703
2622105
2623692
2624926
2624947
2624948
2625170
2625471
2626604
2626886
2628396
2630193
2631182
2631380
2632290
2634936
2635614
2635615
2636070
2636166
2637033
2637079
2637295
2639894
2643144
2643422
2643551
2644762
2644763
2644764
2645017
2646975
2648255
2648380
2648381
2648382
2648384
2648387
2648388
2648438
2652226
2652228
2652846
2653905
2654042
2654810
2655294
2655571
2656603
2656604
2656655
2656960
2656985
2657677
2658821
2658851
2659801
2660297
2661101
2661680
2661681
2661682
2661683
2661684
2662275
2663715
2664722
2665411
2665660
2665661
2665988
2666683
2666701
2668132
2669802
2669803
2669804
2669805
2669806
2669828
2670990
2674183
2674184
2674702
2674703
2675575
2676201
2676270
2677178
2677182
2677438
2677465
2677833
2677957
2678638
2679188
2679523
2679524
2679525
2679637
2680071
2681301
2682176
2684077
2684331
2684332
2684592
2684623
2684716
2685141
2686915
2688290
2690189
2691351
2692345
2692459
2692703
2692790
2693809
2696226
2698958
2700285
2700655
2700921
2700922
2701044
2701221
2703308
2703470
2703471
2707159
2707712
2707976
2707977
2707978
2707979
2707997
2707998
2707999
2708018
2708725
2708726
2709764
2710590
2711201
2712092
2712810
2712912
2713199
2713464
2714384
2714482
2714594
2714595
2714822
2715435
2715894
2715895
2715896
2715897
2715898
2717615
2717624
2718478
2718479
2718735
2719655
2719876
2720367
2720504
2720505
2722059
2722060
2722061
2722062
2722063
2722146
2722166
2723319
2723361
2725106
2725764
2725765
2725766
2727014
2728341
2728342
2728343
2728720
2729306
2729307
2730373
2730457
2730458
2730459
2730461
2730786
2730928
2732276
2732626
2735297
2735559
2735560
2735561
2735563
2735565
2736672
2737550
2737667
2738642
2739015
2739637
2740488
2740489
2741091
2741262
2741905
2742170
2742203
2742204
2742205
2742206
2742207
2743344
2743368
2745893
2747114
2747910
2748039
2748769
2750578
2751649
2753047
2755277
2755278
2755524
2756022
2756590
2756628
2756770
2757207
2757812
2757813
2758156
2760710
2760874
2760875
2761746
2762120
2763638
2763644
2764153
2767213
2768937
2769540
2769784
2770126
2770696
2771326
2771967
2772110
2772111
2775074
2775172
2775441
2777320
2778002
2778003
2778005
2778006
2778008
2778078
2778252
2778544
2778617
2780315
2780485
2780924
2781796
2783171
2783901
2784168
2784304
2784883
2785150
2785151
2785152
2786881
2787146
2788244
2788798
2788975
2789273
2790083
2790250
2790325
2790424
2791023
2791024
2791181
2791182
2791183
2791184
2791185
2791771
2792378
2792537
2792538
2792539
2792713
2792766
2792767
2793880
2793938
2794127
2794530
2794531
2794532
2794533
2794534
2794616
2794618
2795017
2795048
2795085
2795268
2795269
2795471
2796255
2796256
2796258
2796549
2796783
2797470
2798169
2798353
2798709
2799394
2799395
2799396
2799397
2800616
2801049
2802444
2802445
2803352
2803874
2804307
2804324
2804850
2805501
2805930
2806002
2806317
2806318
2806319
2806335
2806336
2806687
2806696
2806697
2806698
2807831
2808127
2808128
2808129
2808496
2809651
2811120
2811342
2811344
2812275
2812779
2813969
2814167
2814184
2814185
2814186
2814187
2814190
2814721
2816161
2817073
2817074
2817075
2817076
2818386
2818387
2818718
2819598
2819599
2819600
2819601
2819602
2819603
2819604
2819605
2819606
2819607
2819608
2820386
2821140
2823737
2824783
2824784
2824785
2824953
2825690
2826023
2826468
2827471
2827497
2827498
2827499
2827951
2827952
2828417
2831298
2831476
2831608
2831644
2831890
2831947
2833224
2833231
2833240
2833870
2834330
2834331
2834382
2834580
2835299
2835300
2835933
2836353
2836969
2837544
2838959
2838964
2838965
2838972
2839414
2839996
2840319
2840490
2840583
2840584
2840585
2841241
2841254
2841613
2841614
2842128
2842602
2842717
2842899
2843609
2843610
2843680
2843996
2845086
2845845
2845968
2846741
2846744
2847363
2847667
2848198
2848672
2848730
2848864
2849787
2849833
2850644
2852112
2852113
2852114
2852335
2852336
2852338
2852971
2852972
2854709
2856595
2856654
2857925
2857981
2858144
2859904
2859906
2859907
2860128
2860170
2861554
2861997
2861998
2861999
2862000
2862001
2862002
2862737
2863482
2863794
2864137
2864324
2864325
2864326
2864327
2864328
2864485
2864486
2866166
2866376
2866377
2866378
2866379
2867112
2867182
2867238
2867520
2867521
2867522
2867523
2868656
2868707
2868755
2869152
2870372
2870398
2870794
2871368
2872129
2872260
2872971
2873023
2873580
2874884
2875470
2875472
2877017
2877185
2877255
2877293
2878114
2878115
2878116
2878117
2878118
2878119
2878961
2878969
2878973
2879689
2879690
2879691
2879692
2879696
2879697
2879698
2879699
2879700
2879701
2879703
2879704
2879705
2879708
2879709
2879710
2879711
2879712
2879713
2879714
2879715
2879716
2879717
2879898
2880155
2880941
2882521
2882593
2882594
2882756
2883396
2883397
2883398
2883573
2883733
2883793
2883794
2883918
2884254
2884255
2886053
2887431
2887432
2887507
2887508
2887509
2890229
2890230
2892122
2892123
2892124
2892125
2892126
2892127
2892570
2892571
2892572
2892573
2892574
2893672
2894676
2895930
2895931
2895932
2896060
2897838
2898242
2899101
2899113
2900537
2900607
2900942
2900943
2901950
2902124
2902125
2902638
2902675
2903005
2903006
2903007
2903008
2903009
2903010
2904978
2906569
2907355
2908109
2909110
2909160
2909294
2909296
2911614
2912639
2914599
2914626
2914646
2914779
2915063
2915518
2915534
2916946
2918542
2918543
2918947
2918948
2919259
2919267
2919586
2919845
2920878
2923434
2923559
2923598
2924111
2924267
2925023
2925024
2925081
2926474
2926627
2927193
2927252
2927435
2927716
2927717
2927719
2927720
2927721
2927722
2927723
2927724
2927725
2927726
2927727
2927728
2927730
2927731
2927732
2927733
2927734
2927736
2928428
2928429
2928430
2929508
2930987
2930991
2930992
2931040
2931529
2931530
2931531
2931532
2931599
2931600
2931601
2932844
2932907
2933127
2934475
2935113
2937076
2937145
2937518
2937940
2938140
2938141
2938446
2938728
2938835
2939536
2939837
2940570
2942031
2942250
2942251
2942252
2942300
2942663
2944191
2944192
2944193
2945148
2945149
2945180
2945181
2945182
2945183
2945446
2945827
2946028
2946313
2946314
2946315
2947094
2947160
2947181
2947498
2948832
2948833
2950364
2950661
2950662
2950663
2950683
2950781
2951479
2952244
2953069
2953130
2953188
2953192
2953220
2954609
2954610
2954868
2954998
2955532
2955643
2955733
2960900
2963250
2963251
2963433
2965384
2965561
2965806
2965965
2965966
2965967
2965968
2965969
2965970
2965971
2965972
2965973
2965974
2965975
2965976
2965977
2965978
2965979
2965980
2965981
2965982
2965983
2965998
2966588
2966753
2968876
2968877
2968878
2968879
2968880
2968881
2968882
2968883
2968884
2968885
2968886
2968887
2968888
2968889
2968890
2968891
2968892
2968893
2968894
2968895
2968896
2968897
2968898
2969988
2970143
2971803
2973543
2973544
2973545
2973546
2973961
2973962
2973963
2973964
2975184
2975308
2975537
2975972
2976700
2976701
2976702
2977550
2977552
2977554
2977556
2977557
2977558
2977559
2977560
2977561
2977562
2977564
2977566
2977567
2977568
2977570
2977572
2977574
2977576
2977578
2977580
2977582
2977584
2977586
2977588
2977590
2977592
2977593
2977594
2977596
2977597
2977599
2977608
2978072
2978073
2978074
2978075
2978076
2978077
2978078
2978079
2978080
2978081
2978082
2978083
2978084
2978085
2978086
2978087
2978088
2978089
2978090
2978091
2978269
2978270
2978271
2978272
2979565
2979566
2979567
2979568
2979569
2979570
2979591
2979811
2979813
2979814
2979826
2980964
2983041
2984478
2986559
2987702
2987978
2988682
2990751
2990944
2991790
2992276
2992964
2993187
2994033
2995574
2995575
2995576
2995577
2995671
2996447
2996609
2997039
2998408
2998642
2999335
3000231
3000862
3001655
3001764
3001917
3002280
3003492
3003504
3003505
3003506
3003507
3003508
3003938
3004899
3005147
3005332
3005851
3006201
3006791
3007162
3007561
3007979
3007980
3007981
3008424
3008530
3008842
3008980
3009961
3010231
3011792
3013187
3013188
3013838
3015175
3015836
3017015
3019471
3021307
3021426
3022367
3022473
3023267
3023268
3023269
3024278
3024422
3025087
3025184
3026348
3026473
3027953
3029120
3029863
3032344
3032387
3032411
3032862
3033239
3033383
3033590
3033591
3033592
3034161
3034661
3036211
3036212
3036498
3036499
3037642
3037797
3038007
3038736
3039041
3041142
3041405
3041406
3043414
3046355
3046772
3046773
3048300
3052572
3054436
3054565
3054688
3055716
3056008
3056955
3057804
3061517
3061518
3061520
3061591
3061592
3061593
3061733
3061734
3061735
3061736
3062609
3062651
3062652
3062653
3062654
3062748
3064562
3064990
3065086
3065087
3065088
3065089
3065161
3065162
3065163
3065164
3065165
3065166
3065167
3066331
3067085
3067576
3067720
3067924
3068246
3068281
3068623
3069169
3069697
3070936
3071158
3071256
3071257
3071258
3071259
3071260
3071261
3071262
3071263
3071264
3071265
3072125
3072455
3072695
3073818
3073819
3073820
3073821
3073822
3073823
3073824
3073825
3073826
3073827
3073828
3073829
3073830
3074695
3074696
3074697
3074698
3075278
3075780
3076563
3076918
3077296
3077626
3077960
3078410
3078597
3079729
3082006
3082079
3082080
3082081
3082131
3082248
3082490
3082722
3082723
3082724
3082725
3082726
3082727
3082728
3082729
3082730
3082731
3082732
3082733
3082869
3082956
3084090
3084124
3084993
3085480
3085923
3085924
3085925
3085926
3086077
3087126
3088765
3088958
3088998
3089255
3089486
3090449
3090583
3090764
3090787
3090788
3090789
3090879
3091423
3091777
3092252
3092253
3092254
3093269
3093270
3093271
3093272
3093273
3093274
3093275
3093276
3093277
3093292
3093496
3093736
3093772
3094586
3094801
3094864
3096555
3097066
3099875
3100281
3100510
3100563
3100786
3102077
3102206
3104426
3105195
3108176
3108244
3108500
3108501
3110176
3110529
3113923
3114079
3114080
3114081
3114082
3114083
3114084
3114085
3114086
3114516
3114517
3114579
3114580
3114581
3114582
3114583
3114584
3114867
3115806
3116336
3117914
3118757
3118758
3119634
3119828
3119830
3121178
3121346
3121590
3121891
3122138
3122483
3124642
3124777
3125364
3125558
3125704
3125998
3126362
3126498
3126850
3128702
3128796
3130993
3131716
3131987
3133217
3133240
3133606
3133607
3133815
3133986
3134668
3136479
3136932
3137141
3138092
3138414
3138495
3138676
3138940
3138943
3140050
3140091
3140118
3140708
3141191
3142746
3142795
3142806
3143183
3143244
3143245
3143273
3143274
3143275
3145188
3145593
3146323
3146886
3146970
3147790
3147803
3148112
3148242
3148247
3148277
3148278
3148279
3148286
3148607
3148645
3149438
3149697
3150637
3150963
3150964
3151100
3152893
3153003
3153004
3153005
3153006
3153007
3153008
3153175
3153397
3153458
3153467
3153468
3153469
3153470
3153621
3154193
3154379
3154380
3154612
3154613
3154614
3154615
3154616
3155118
3155230
3155231
3155232
3155233
3155478
3155806
3156299
3156300
3156301
3156302
3156303
3156368
3157948
3160105
3160162
3160305
3160306
3160307
3160308
3160309
3161612
3162617
3162977
3163196
3164459
3164460
3164475
3166245
3167496
3167647
3167712
3168276
3168658
3168659
3170561
3170562
3170563
3170564
3170565
3170566
3170713
3170769
3171174
3172888
3173089
3175598
3175752
3175922
3176588
3176929
3176930
3176931
3176932
3177926
3178234
3178314
3178536
3178874
3178875
3179074
3179961
3179962
3179963
3179964
3179965
3181013
3181919
3182033
3183066
3183369
3184190
3184402
3184403
3184404
3184405
3184417
3185031
3185515
3186475
3186476
3186477
3186478
3188043
3188120
3189347
3190277
3190741
3191358
3191830
3191831
3191832
3191833
3191834
3193896
3194125
3194334
3194796
3194827
3195900
3196301
3197233
3197916
3198038
3198039
3198044
3198045
3198046
3198047
3198048
3198049
3198050
3198222
3198273
3198274
3198275
3198276
3198277
3198657
3198658
3198659
3199203
3199204
3199260
3199496
3199581
3199592
3200027
3200045
3200157
3201992
3202584
3203785
3204333
3204986
3205943
3206036
3206072
3210033
3210095
3210096
3210097
3210615
3211185
3211287
3211415
3211416
3211417
3211577
3213197
3213659
3213660
3213680
3213681
3213890
3213891
3213892
3213893
3213894
3215363
3215456
3215569
3215697
3216245
3216246
3216950
3217157
3217158
3217159
3217467
3217666
3218136
3218337
3218707
3218708
3218709
3218710
3219035
3219536
3219860
3220759
3221428
3221908
3221944
3222348
3222349
3222585
3223031
3224206
3224235
3224289
3224290
3225186
3225187
3225188
3225189
3225190
3225191
3225708
3225843
3226636
3226652
3226653
3226706
3226707
3226708
3226709
3226710
3226711
3226712
3226713
3226892
3227409
3227492
3227674
3227875
3227964
3228031
3228870
3229521
3229603
3229604
3229605
3229606
3229607
3230643
3230644
3231543
3231544
3231636
3231725
3232480
3234915
3235372
3236442
3236705
3236706
3236732
3236925
3237130
3237141
3237754
3237755
3238336
3238385
3238445
3238446
3239690
3240756
3240757
3240853
3241278
3241279
3244560
3245039
3245049
3245437
3245438
3245679
3246681
3246757
3247007
3247008
3247280
3247467
3247692
3248577
3248625
3249286
3249295
3249308
3249467
3249468
3249469
3249470
3249549
3249711
3249750
3249751
3249752
3249753
3255786
3256302
3257223
3257558
3257728
3257970
3258451
3258452
3258750
3259296
3259900
3260062
3260213
3260214
3260215
3260216
3260217
3260218
3260279
3260281
3260754
3261610
3262206
3262207
3262208
3262952
3263145
3263829
3264084
3264085
3264457
3264458
3265082
3265485
3265492
3266488
3267813
3267936
3268284
3268285
3268286
3269461
3270007
3270033
3271444
3271459
3271460
3271602
3271830
3272735
3273282
3273699
3273944
3274169
3274181
3274225
3274226
3274227
3274228
3275191
3275246
3275258
3276827
3277868
3277900
3278517
3278583
3279495
3279624
3280204
3280249
3282190
3282989
3283530
3283685
3283784
3284327
3285901
3286159
3286291
3286358
3286476
3286641
3286642
3286643
3286644
3286645
3286646
3286647
3286648
3286649
3286650
3286651
3286652
3286653
3287563
3287564
3287565
3287566
3287567
3288956
3289407
3289563
3290003
3290907
3291032
3291139
3291523
3291992
3292406
3292518
3292555
3295591
3295592
3295593
3295594
3295595
3295596
3295597
3295861
3295943
3295944
3295987
3296028
3296188
3296190
3296891
3296892
3296893
3296894
3296895
3297298
3297858
3298512
3298513
3298514
3298531
3299312
3300102
3300175
3300595
3300596
3300597
3300598
3300599
3300614
3301120
3301443
3301910
3301911
3301912
3302465
3302466
3302467
3302468
3302469
3302470
3304801
3305382
3305383
3305554
3305684
3305999
3306000
3306001
3306002
3306003
3306004
3307136
3308928
3309929
3310146
3310226
3310976
3311903
3312188
3312416
3312417
3312418
3312419
3312420
3313094
3313718
3314468
3315008
3315009
3315010
3315011
3315138
3315140
3316635
3316771
3317897
3318069
3318656
3318658
3318669
3318868
3319079
3319480
3319728
3319729
3319730
3319731
3320017
3320175
3320747
3321666
3321837
3321838
3321839
3321840
3322270
3322398
3322887
3323970
3324180
3325551
3327824
3327825
3328071
3328072
3328073
3328074
3328171
3328172
3328173
3328174
3328175
3328370
3328382
3328417
3328890
3329083
3329198
3329482
3330001
3331339
3331340
3331463
3331478
3331723
3331817
3332059
3332161
3332335
3332747
3333029
3333030
3333031
3334121
3337789
3339137
3339138
3339139
3339140
3339141
3339142
3339411
3339564
3339743
3339923
3340866
3341329
3341641
3343094
3343095
3343096
3343097
3343265
3343569
3343570
3343621
3343975
3344525
3344780
3344854
3345077
3345667
3346300
3346777
3346785
3346786
3346787
3347258
3348455
3349095
3349327
3349580
3350974
3351002
3351140
3351141
3351142
3351143
3351901
3352225
3352683
3353395
3353961
3353962
3354961
3355979
3356176
3356296
3356376
3357133
3357878
3359740
3359804
3359908
3360022
3360605
3360606
3360607
3360608
3360609
3361326
3361327
3361328
3361329
3361331
3361332
3361496
3361612
3362117
3362411
3362412
3362413
3362414
3362415
3362416
3362417
3362418
3362419
3362420
3362537
3363191
3363682
3363692
3363989
3364792
3364991
3364992
3364993
3364994
3364995
3364996
3364997
3364998
3365062
3365789
3366320
3366321
3366322
3366323
3366324
3366325
3366326
3366422
3366423
3366424
3366425
3366426
3366427
3366428
3366429
3366495
3366846
3366925
3367701
3368116
3370539
3371379
3371441
3372241
3372399
3373354
3373379
3373380
3373381
3373681
3373682
3374717
3374868
3375057
3375097
3375148
3375221
3375272
3375842
3376211
3376318
3376788
3377517
3378446
3378849
3378919
3379574
3379791
3379792
3379793
3379794
3379795
3379796
3379797
3379798
3379799
3379800
3379801
3379802
3379803
3379804
3379805
3379806
3379807
3379808
3379809
3380317
3381344
3381651
3381823
3382187
3382804
3384145
3384146
3384147
3384148
3384149
3384150
3384151
3384152
3384153
3384202
3384203
3385684
3386139
3386462
3386463
3386464
3386465
3386466
3387261
3387281
3387321
3387455
3387456
3387457
3387766
3388246
3388515
3389034
3390747
3391129
3391130
3391131
3391204
3392211
3392729
3392906
3392971
3393064
3393201
3393708
3393775
3393786
3393990
3394479
3395871
3396567
3396568
3396569
3396899
3397706
3397769
3398173
3398232
3398267
3399999
3401538
3401639
3401645
3401698
3401839
3401887
3402322
3402334
3402335
3402336
3402337
3402338
3402339
3402359
3402987
3403117
3403127
3403391
3403448
3403967
3404077
3404579
3404692
3404797
3404798
3404799
3404800
3404801
3405560
3405926
3405927
3405928
3405929
3405930
3405931
3405932
3407183
3407334
3407339
3407419
3407643
3408189
3408585
3408977
3409245
3410803
3411190
3411191
3411192
3411224
3411454
3411659
3411755
3411855
3412331
3412482
3412619
3412668
3412881
3413472
3413491
3413535
3413602
3413659
3413706
3413813
3414158
3414294
3414326
3414328
3414515
3414516
3414517
3414867
3414871
3414937
3415021
3415126
3415553
3415555
3415659
3416119
3416341
3416580
3416694
3417570
3417617
3417620
3418927
3419676
3420062
3420063
3420064
3420065
3420355
3420510
3420527
3420772
3421206
3421473
3421485
3421486
3421487
3421532
3421858
3422827
3422828
3422829
3423336
3423347
3424194
3424195
3424365
3424366
3425567
3426471
3426796
3427377
3427378
3428686
3429536
3429605
3429718
3429805
3430849
3431237
3431336
3431493
3431513
3431514
3431620
3431673
3432085
3434508
3434794
3435021
3436085
3438450
3438494
3438551
3439414
3439732
3439753
3440866
3441944
3442098
3442099
3442100
3442101
3443120
3443121
3443122
3444706
3444814
3446933
3447482
3447714
3447744
3447908
3447982
3448131
3448903
3448904
3449254
3450084
3450907
3450908
3450909
3450946
3451405
3452147
3452148
3452336
3452337
3452338
3452339
3452340
3452341
3452873
3453750
3453751
3453755
3453932
3455822
3456645
3456966
3457055
3458690
3458821
3459002
3459102
3459480
3459481
3459482
3459483
3459491
3460265
3460311
3461585
3461849
3461945
3462279
3462971
3465474
3465654
3466377
3466626
3466689
3466795
3467333
3468129
3468593
3469301
3471269
3471270
3471271
3471272
3471273
3471524
3472173
3473589
3473612
3473620
3474352
3474562
3474651
3475435
3475636
3476309
3477290
3477291
3477292
3477293
3477294
3477407
3478736
3479507
3481090
3481174
3481585
3481586
3482585
3482897
3484325
3484357
3484796
3485365
3485544
3485549
3485839
3485840
3486177
3486819
3487302
3487526
3487527
3487528
3488086
3488296
3488549
3488823
3489230
3489231
3490649
3492018
3492350
3492900
3492901
3492902
3492903
3492904
3492905
3492906
3492907
3492908
3492909
3492910
3493131
3493132
3493185
3494737
3494893
3495770
3496207
3496230
3496231
3496418
3496500
3496594
3497256
3497257
3497258
3497259
3497296
3497321
3497389
3497648
3497895
3497896
3498539
3498736
3500147
3501508
3501509
3501643
3501785
3501786
3501787
3501904
3502475
3504061
3504063
3504064
3504338
3505029
3505453
3506371
3507259
3507260
3507261
3507262
3507263
3507264
3507265
3507266
3507267
3507268
3507269
3507270
3507271
3507272
3507273
3507274
3507275
3507276
3507277
3507797
3507813
3507886
3508172
3508282
3508296
3508297
3508298
3508506
3509191
3510408
3510581
3511982
3512086
3512188
3513773
3514106
3514427
3515232
3516387
3516388
3516486
3516487
3516488
3516746
3517556
3517567
3517588
3517826
3518271
3518578
3518813
3518814
3518815
3518816
3518978
3520593
3520594
3520595
3520596
3520734
3521181
3521217
3521273
3521274
3521275
3521925
3521991
3521992
3521993
3522167
3522620
3522621
3522622
3522623
3522624
3522625
3522626
3522627
3522698
3523200
3524447
3524448
3524449
3524450
3524511
3526165
3526311
3526514
3526629
3526713
3526974
3526977
3526978
3527292
3528938
3529025
3529713
3529984
3530027
3530250
3530270
3530334
3531133
3531671
3531672
3531673
3531674
3531675
3531812
3531911
3532080
3532348
3532455
3532474
3532523
3533201
3533604
3533635
3535138
3535867
3536562
3536563
3536564
3536565
3536566
3536567
3536568
3536569
3536896
3538646
3538803
3539028
3539949
3540919
3541325
3541397
3542146
3542220
3542483
3542507
3542653
3543048
3543120
3543402
3543580
3543581
3543797
3544343
3545479
3545487
3546033
3546345
3546346
3546347
3546348
3546349
3546350
3546511
3546565
3546566
3546567
3546568
3546569
3547131
3547468
3547810
3547812
3549163
3550189
3550362
3550462
3551007
3551627
3552983
3553500
3553988
3555090
3556181
3556964
3557268
3557269
3557270
3557271
3557585
3557587
3557588
3557589
3557590
3557592
3557593
3557698
3557758
3557920
3558121
3558530
3559361
3559726
3559958
3560111
3560133
3560134
3560135
3560136
3560137
3560138
3560139
3560140
3560141
3560142
3560143
3560144
3560145
3560146
3560701
3560730
3560739
3561330
3561536
3561647
3561835
3562467
3562468
3562469
3562470
3562471
3562505
3562506
3562507
3563116
3563852
3564110
3564111
3564112
3564113
3564114
3564115
3564116
3564270
3564458
3564459
3564460
3564461
3564462
3564506
3564596
3564638
3564755
3564756
3564813
3564814
3564815
3564816
3564817
3565715
3566269
3568278
3568279
3568617
3568793
3568968
3568969
3570584
3570638
3571032
3571418
3572154
3572155
3572156
3572157
3572269
3572396
3572526
3572696
3573479
3573741
3573901
3574060
3574801
3574802
3574844
3574969
3575386
3575508
3575509
3575510
3575531
3575532
3577447
3577448
3578081
3578082
3578093
3578172
3578371
3578675
3578676
3578677
3578678
3578679
3578680
3578750
3578785
3579462
3579565
3579566
3579567
3579827
3580160
3580161
3580162
3580163
3580164
3582211
3582526
3583502
3583799
3583800
3583886
3584151
3584267
3585816
3586229
3586385
3587463
3588211
3588998
3590115
3590119
3590121
3590201
3590276
3591343
3591357
3591514
3591640
3591644
3591645
3591646
3591647
3591777
3591778
3591779
3592357
3592358
3592603
3592830
3592831
3593560
3593774
3594144
3594145
3594146
3594148
3594305
3595052
3595053
3595054
3595394
3595519
3596655
3596868
3597472
3598564
3600635
3600636
3601438
3601439
3601672
3601894
3602229
3602293
3602814
3603230
3603231
3604110
3604567
3604584
3604946
3604947
3605450
3605462
3605465
3605512
3605587
3605966
3605967
3605968
3605969
3605970
3605971
3605972
3606147
3606348
3606349
3606361
3606746
3607663
3607664
3607665
3607666
3607667
3607977
3608031
3608126
3608444
3608480
3608761
3609034
3609059
3609060
3609606
3610571
3612785
3613574
3614182
3614316
3614317
3614514
3614537
3614538
3614581
3614933
3615016
3616064
3616162
3616163
3616164
3616175
3616316
3617083
3617232
3618227
3618870
3619041
3619110
3619267
3619883
3619940
3620022
3620254
3620312
3620447
3620718
3621115
3621116
3621117
3621185
3621392
3621409
3621610
3621745
3621952
3621953
3621954
3621955
3622323
3622656
3623142
3623203
3624005
3624222
3624808
3624809
3624810
3624811
3624819
3625526
3625527
3625536
3625541
3625549
3625550
3625678
3627526
3628152
3628398
3628691
3629019
3629190
3629406
3630225
3630226
3630406
3633718
3634621
3634924
3635649
3635650
3635651
3635722
3635773
3636500
3636819
3638555
3638569
3638574
3639034
3639094
3640498
3641092
3641093
3641094
3641095
3641096
3641097
3641098
3641100
3641226
3641591
3641592
3641617
3641830
3642432
3642446
3642567
3642568
3642760
3642809
3642912
3642913
3642915
3643134
3643400
3643440
3643721
3643725
3644201
3644202
3644203
3644254
3644330
3644374
3644582
3644591
3644606
3644607
3644668
3644862
3645094
3645261
3645292
3645399
3645424
3645671
3645814
3645891
3645935
3645977
3646382
3646604
3647302
3647303
3647626
3647921
3648139
3648496
3648497
3648498
3648499
3648500
3648513
3648514
3648583
3649080
3649264
3650960
3651085
3651762
3651960
3652359
3652741
3652813
3652955
3653279
3653347
3654069
3654237
3654270
3654332
3654660
3655034
3655081
3655082
3655083
3655084
3656099
3656104
3656622
3656925
3656962
3657141
3657271
3657698
3658657
3659169
3659230
3659233
3659253
3659911
3659970
3659971
3660479
3661258
3661259
3661797
3663816
3664435
3664448
3664940
3665982
3666000
3666077
3666654
3666655
3666656
3666657
3666797
3666844
3667420
3667421
3667639
3667805
3667811
3667867
3667868
3667876
3667883
3667967
3668261
3668292
3669537
3669538
3669539
3669540
3669541
3669770
3670181
3670300
3670517
3670518
3670519
3670520
3670521
3672079
3672548
3672799
3673245
3673492
3674107
3675230
3675231
3676845
3677080
3677251
3677747
3678264
3678265
3678266
3678267
3678268
3678269
3678270
3678271
3678272
3678273
3678274
3678275
3678276
3678612
3678786
3679000
3679201
3679237
3679317
3679425
3679639
3679640
3679843
3680934
3681142
3681241
3681319
3681368
3681435
3681437
3681439
3681441
3681443
3682532
3682944
3683304
3683305
3683306
3683307
3683697
3683699
3683760
3683859
3684398
3684402
3684403
3684416
3684456
3684530
3684555
3684556
3685534
3685772
3685913
3686089
3686359
3687402
3687714
3688198
3688378
3688630
3689223
3689359
3689962
3689963
3690448
3691189
3691190
3691191
3691192
3691193
3691194
3691195
3691196
3691197
3691198
3691199
3691200
3691201
3691255
3691317
3691424
3691453
3691456
3692040
3692363
3692782
3692812
3692813
3692814
3692815
3692816
3692817
3692916
3693785
3693884
3695438
3695439
3695440
3696146
3696147
3696165
3696166
3697448
3697510
3698022
3698743
3698972
3699131
3699165
3699612
3699768
3699769
3699770
3699861
3699898
3699899
3700288
3700311
3700578
3700579
3701270
3701909
3702370
3703314
3703645
3703857
3704085
3704086
3704087
3704088
3704101
3704102
3704132
3704133
3704348
3704555
3704761
3704928
3704987
3705169
3705170
3705171
3705172
3705568
3705569
3706087
3706088
3706089
3706090
3706091
3706092
3706134
3708007
3708482
3708490
3709298
3709604
3709785
3709892
3710118
3710255
3710256
3710257
3710261
3710262
3710366
3710642
3710866
3711292
3711443
3711503
3711698
3712723
3713095
3713699
3713701
3713916
3714202
3714328
3714409
3714410
3714576
3714681
3714682
3714683
3714684
3715068
3716120
3716217
3716256
3716549
3716550
3716551
3716552
3716654
3716655
3716656
3716932
3717091
3717361
3718401
3718466
3719514
3719516
3719522
3719523
3719524
3720270
3720272
3720273
3720306
3720404
3720456
3720821
3720928
3721015
3721066
3721067
3721240
3721328
3721437
3721438
3721732
3721733
3721765
3721770
3722227
3722228
3722380
3722381
3722382
3722383
3722385
3722641
3722667
3722933
3723003
3723078
3723477
3723479
3723484
3723517
3723698
3723700
3723701
3723702
3723703
3723704
3723705
3723706
3723708
3724319
3724320
3724444
3724543
3725070
3725309
3725635
3725659
3725748
3726273
3726274
3726275
3726276
3726277
3726278
3726557
3726762
3728549
3728811
3728854
3728856
3729059
3729179
3729180
3729181
3729182
3729325
3729469
3729470
3729605
3729732
3729733
3729734
3729769
3729916
3730520
3730560
3730561
3730563
3730583
3730756
3731624
3731690
3731856
3732876
3732971
3733740
3734185
3734186
3734751
3734857
3734974
3735443
3735586
3735858
3735961
3737540
3738470
3739439
3739475
3739769
3739820
3739950
3740327
3740390
3740391
3740923
3741141
3741158
3741223
3741595
3741928
3742221
3742389
3742947
3742948
3742949
3742950
3743550
3743922
3744654
3744738
3744775
3745320
3745321
3745322
3745595
3745657
3747008
3747626
3747686
3747831
3749101
3749457
3749837
3749868
3749957
3750123
3750615
3752170
3752466
3752467
3752555
3752700
3753128
3753129
3754156
3754378
3754449
3754459
3754488
3754514
3754946
3754978
3754979
3754980
3754981
3754982
3754983
3754984
3754985
3755477
3756062
3757071
3758418
3758576
3758577
3758578
3758579
3758580
3758645
3758646
3758647
3758648
3758649
3758650
3759061
3759066
3759831
3759852
3760398
3760399
3760400
3760401
3760402
3760448
3760702
3760969
3761180
3761239
3761316
3761562
3761600
3761963
3761986
3761987
3761988
3761990
3761991
3762338
3763168
3763550
3763676
3763677
3763746
3764149
3764734
3765379
3765380
3765513
3765662
3765868
3765869
3765870
3766177
3766353
3766768
3766769
3766775
3768094
3768783
3768948
3769137
3769324
3770242
3770669
3770748
3771436
3771591
3772538
3773044
3773102
3773119
3773400
3775854
3775911
3775975
3775996
3776001
3776118
3777272
3777362
3777368
3777473
3777507
3778164
3778856
3778901
3780188
3780342
3780923
3780959
3781018
3781181
3781182
3781183
3781184
3781185
3781186
3781187
3781218
3781574
3782021
3782347
3783428
3783604
3783646
3783647
3784035
3785723
3785801
3785802
3785803
3785804
3785805
3785806
3786125
3786732
3786777
3786778
3786779
3786780
3786781
3786782
3786783
3786784
3786785
3786941
3787123
3787196
3787269
3787328
3787453
3788459
3788466
3788886
3788887
3789243
3789287
3789732
3789939
3791031
3791160
3791491
3791659
3791678
3791796
3791998
3792258
3792294
3792391
3792515
3792516
3792787
3793235
3793287
3793571
3795119
3795855
3795861
3795862
3795863
3795864
3795865
3795866
3795957
3796183
3796205
3796260
3796261
3796263
3796405
3797191
3797196
3797402
3797499
3797500
3797894
3798013
3798014
3798126
3798135
3798444
3798532
3798533
3798534
3798686
3799461
3799648
3800129
3800642
3800918
3801099
3801558
3802059
3802060
3802150
3802151
3802152
3802153
3802154
3802155
3802156
3802157
3802158
3802159
3802160
3802161
3802162
3802163
3802164
3802994
3804055
3804056
3804057
3804058
3804059
3804060
3804061
3804062
3804063
3804064
3804065
3804066
3804067
3804068
3804395
3804533
3804534
3804535
3804536
3804537
3804780
3804998
3804999
3805217
3805238
3805320
3805657
3805668
3805927
3805928
3806792
3807026
3807067
3807068
3807069
3807070
3807071
3807072
3807073
3807074
3807075
3807076
3807274
3807708
3808102
3808645
3809511
3809846
3812798
3812957
3813219
3813840
3814359
3814517
3815217
3816117
3816682
3816919
3817010
3817935
3817936
3818433
3819326
3819344
3819752
3821384
3821666
3821715
3821789
3822048
3822049
3822050
3822051
3822052
3822053
3822151
3822480
3822845
3823079
3823254
3823255
3823567
3824400
3824659
3824660
3824661
3824662
3824663
3825023
3825235
3826352
3826863
3827073
3827154
3827253
3827417
3827418
3827419
3827420
3827421
3827422
3827423
3827424
3827425
3827426
3827427
3829065
3829231
3829478
3829812
3829882
3829883
3829886
3831708
3831709
3831711
3832306
3832813
3833439
3833591
3833650
3833759
3833926
3834362
3834512
3834645
3834998
3835660
3835835
3835948
3836344
3838219
3838775
3838793
3838805
3839955
3839956
3839957
3839958
3839959
3839960
3839961
3839962
3839963
3839964
3839999
3840294
3840328
3840618
3840984
3840985
3840986
3840987
3840988
3841587
3841671
3841672
3842160
3842250
3842408
3842754
3842984
3843333
3843778
3843831
3843968
3843987
3844188
3844260
3844697
3844698
3844699
3844700
3844701
3844702
3844703
3844704
3844705
3845154
3845208
3845314
3845562
3845563
3845564
3845565
3845810
3845997
3845998
3845999
3846000
3847027
3847042
3847043
3847044
3847045
3849098
3849383
3849384
3849385
3849633
3849722
3849723
3849724
3849725
3850734
3850735
3850736
3850737
3850738
3851074
3851265
3851736
3851892
3852084
3852999
3853000
3853417
3853461
3853595
3853596
3853597
3853937
3854228
3855104
3855106
3855107
3855113
3855114
3855199
3855405
3855406
3855759
3857783
3859216
3859270
3859394
3859476
3859477
3859478
3859765
3859766
3859767
3860145
3860206
3862165
3862166
3862184
3862369
3862372
3863332
3863916
3863917
3863918
3863919
3863920
3864123
3865326
3865636
3865714
3865810
3865893
3866324
3866372
3866394
3866655
3866660
3866661
3866662
3866934
3866935
3866936
3866937
3866942
3866944
3868386
3869242
3869243
3869244
3869245
3869246
3869685
3869895
3869896
3869897
3869898
3870291
3870672
3870913
3871654
3872065
3872066
3872067
3872068
3872069
3872284
3872795
3872796
3872797
3872798
3872799
3872800
3872801
3872802
3873297
3874318
3874319
3874320
3875112
3875909
3876093
3876094
3876155
3876156
3876194
3876389
3876647
3876878
3877405
3877406
3877407
3877408
3877409
3877853
3877854
3877879
3877880
3877881
3877882
3878151
3878310
3878328
3878430
3878926
3878932
3878951
3879026
3879541
3879542
3879543
3879831
3879874
3880212
3880213
3880214
3880326
3880327
3880328
3880329
3880330
3880331
3880332
3881147
3881461
3881513
3883144
3883574
3883646
3883755
3883756
3883814
3883815
3883816
3883817
3883818
3883819
3883825
3884177
3884307
3884310
3884333
3884400
3884401
3884402
3884403
3884404
3884405
3884406
3884407
3884538
3884662
3884680
3884699
3884937
3885505
3885595
3885596
3886363
3886697
3887192
3887271
3887419
3888069
3888251
3888417
3889029
3889261
3889442
3889443
3889444
3889445
3889446
3889466
3889872
3889873
3889874
3889944
3890044
3890767
3890802
3890803
3890804
3890805
3890806
3890807
3890808
3890809
3890810
3890811
3890812
3890813
3890814
3890815
3890816
3890817
3890818
3890819
3890820
3890821
3890822
3890823
3890824
3890827
3890828
3890829
3890830
3890831
3890832
3890833
3890834
3890835
3890836
3890837
3890838
3890839
3890840
3890841
3890842
3890843
3890844
3890845
3890846
3890847
3890848
3890849
3890850
3890851
3890852
3890853
3890854
3890855
3890856
3890857
3890858
3890859
3891007
3891008
3891772
3892142
3893288
3893289
3893291
3893423
3893511
3893512
3893513
3893514
3893515
3893690
3893978
3893979
3894133
3894412
3894550
3894551
3894552
3894729
3894730
3894732
3895123
3895382
3895569
3895641
3896245
3896942
3897201
3897947
3898064
3898100
3898215
3898216
3898230
3898311
3898547
3898582
3898588
3898589
3898592
3898596
3898597
3898860
3899778
3899779
3899780
3899781
3900321
3900334
3900352
3900464
3900511
3900538
3900796
3900886
3901573
3901896
3901907
3903217
3903857
3903862
3903887
3903888
3904007
3904008
3904009
3904010
3904397
3904398
3904399
3904400
3904401
3904402
3904403
3904404
3904405
3904406
3904407
3904408
3904409
3904410
3904415
3904426
3904863
3904864
3905285
3905286
3905854
3906540
3906836
3907023
3907130
3907213
3907291
3907555
3907783
3908056
3908457
3908458
3908459
3908943
3909170
3910057
3910058
3910059
3910060
3910061
3910150
3910227
3910228
3910229
3910230
3910231
3910834
3911490
3911491
3911492
3911493
3911494
3911495
3911496
3911497
3911498
3911870
3911957
3912029
3912338
3912439
3913374
3913375
3913376
3913377
3913621
3913622
3913771
3913772
3913773
3913774
3913791
3913799
3913817
3913818
3914213
3914488
3914993
3915797
3915798
3915850
3916119
3916694
3917312
3917375
3917504
3917505
3917706
3917708
3918097
3918098
3918099
3918100
3918101
3918102
3918103
3918104
3918105
3918106
3918107
3918108
3918109
3918110
3918111
3918112
3918113
3918114
3919136
3919141
3919861
3920103
3921009
3921010
3921011
3921012
3921013
3921014
3921045
3921174
3921210
3921371
3921761
3921762
3921763
3921764
3921765
3922217
3922483
3922632
3922669
3922889
3923044
3923486
3923703
3923708
3923742
3923895
3924282
3924847
3925827
3925975
3926702
3926842
3927024
3927451
3928408
3928853
3929113
3929114
3929115
3929116
3929117
3929118
3929119
3929120
3929121
3929122
3929124
3929544
3929545
3929580
3929585
3929720
3929721
3930018
3930197
3930309
3931332
3932118
3932474
3932528
3932818
3932819
3932881
3933054
3933055
3933056
3933057
3933058
3933336
3933377
3933426
3933679
3933801
3933896
3934272
3934492
3934696
3934704
3934720
3934754
3934830
3934987
3935117
3935118
3935665
3935718
3936031
3937062
3937483
3938307
3938370
3938534
3938535
3938536
3938537
3938538
3938933
3938961
3939309
3940469
3940470
3940471
3940472
3940473
3940701
3940768
3940769
3940770
3940771
3941241
3941678
3942194
3942233
3942314
3942500
3942769
3943151
3943661
3943944
3944218
3944311
3944312
3944530
3944531
3944532
3944533
3945206
3945207
3945908
3945948
3945951
3945952
3945953
3945955
3946203
3946204
3946205
3946303
3946807
3946841
3947003
3947944
3948256
3948636
3948761
3949032
3949103
3949429
3949431
3949432
3949433
3949544
3949571
3949572
3949573
3949574
3949575
3949576
3949577
3949578
3949579
3949580
3949581
3949582
3949583
3949584
3949585
3949586
3949613
3949747
3949749
3949905
3950098
3950099
3950155
3950849
3951082
3951222
3951317
3951337
3951338
3951339
3951340
3951497
3951557
3951558
3951694
3951746
3952528
3952604
3952911
3953754
3953898
3954300
3954641
3954820
3955508
3955509
3956119
3956123
3956651
3956697
3957010
3957011
3957065
3957981
3958030
3958261
3958419
3958657
3958795
3959094
3959112
3959113
3959114
3959115
3960459
3961841
3961842
3962182
3962183
3963202
3963296
3963777
3963778
3963779
3963780
3963781
3963788
3963789
3963790
3963791
3963792
3964090
3964150
3964280
3964516
3964630
3964631
3964962
3965037
3965038
3965198
3965344
3965345
3965346
3965863
3965864
3965898
3965911
3965932
3966381
3966786
3966874
3966878
3967577
3968436
3968615
3968849
3969042
3969280
3969531
3969544
3969565
3969864
3969895
3970427
3970502
3970629
3971317
3971640
3971687
3971753
3971754
3971755
3972386
3972610
3972946
3973158
3974250
3974458
3974499
3974651
3974683
3974775
3974861
3975295
3975848
3975862
3975863
3975864
3975865
3975866
3975867
3976028
3976029
3976031
3976032
3976033
3976473
3976695
3976883
3977391
3977399
3977400
3977401
3977444
3977912
3978997
3979640
3979749
3979750
3979751
3979752
3979753
3979754
3979822
3979913
3980576
3980651
3980784
3980883
3980897
3980953
3980954
3981210
3981374
3981417
3981489
3981536
3982073
3982122
3982217
3982496
3982545
3983064
3983101
3983102
3983139
3983455
3984404
3984405
3984414
3984936
3985119
3985489
3985618
3985938
3986210
3986593
3986620
3986755
3986953
3987367
3987507
3987692
3987693
3987695
3987696
3988109
3988487
3988523
3988979
3989021
3989134
3989599
3989602
3989603
3989633
3989849
3989850
3990028
3990029
3990030
3990031
3990032
3990033
3990034
3990267
3990712
3990716
3990869
3991737
3992040
3992097
3992816
3993104
3993996
3994620
3995168
3996062
3996078
3996081
3996429
3996847
3996850
3997596
3997674
3998691
3999354
3999530
3999736
3999737
3999742
4000071
4000072
4000872
4001440
4002128
4002196
4002592
4002931
4003017
4003430
4003518
4003686
4004432
4004627
4004646
4004647
4004648
4004649
4004650
4004651
4004690
4004803
4005187
4005188
4005189
4005541
4006514
4006515
4006785
4006867
4007068
4007069
4007070
4007071
4007151
4007223
4007385
4007405
4007877
4007878
4007934
4008029
4009245
4009445
4009742
4010365
4010884
4010885
4011253
4011326
4011571
4011876
4012790
4012808
4013330
4013346
4013441
4013442
4013448
4013475
4013517
4014029
4014030
4014065
4014270
4014402
4014403
4014404
4014405
4014406
4014407
4014408
4014409
4014410
4014722
4015374
4015938
4016326
4016327
4016328
4016329
4016344
4016907
4017088
4017089
4018072
4018093
4018121
4018769
4018770
4019642
4019643
4019875
4020291
4020333
4021071
4021117
4021118
4022307
4022363
4022636
4023034
4023355
4023417
4024578
4024766
4025182
4025183
4025184
4025185
4025186
4025260
4025490
4025951
4026189
4026495
4026737
4026766
4027149
4027366
4028302
4028535
4028548
4028641
4029040
4029041
4029821
4029822
4030068
4030329
4031301
4031445
4033402
4033461
4033669
4033785
4033838
4034208
4034331
4034546
4034803
4034804
4034805
4034806
4034807
4035570
4035643
4035689
4035690
4035691
4035692
4036294
4036662
4036982
4037070
4037071
4037072
4037073
4037319
4037320
4037321
4037342
4037343
4037474
4037475
4037583
4038514
4038516
4038984
4038988
4038989
4038990
4039424
4039684
4039880
4040933
4041002
4041584
4041863
4041864
4042300
4042301
4042342
4042714
4043362
4044341
4044863
4044865
4044866
4044867
4044868
4045379
4045548
4046856
4046998
4047190
4047438
4047519
4047765
4047799
4048254
4048255
4048600
4048746
4048979
4049045
4049046
4049047
4049048
4049365
4049537
4049660
4049661
4049662
4049691
4049700
4049701
4050126
4050297
4050333
4050411
4050493
4050704
4050740
4050741
4050742
4050743
4050791
4050797
4050855
4051941
4052421
4052472
4052473
4052474
4052660
4052661
4052662
4052663
4053118
4053119
4053232
4053258
4053798
4053842
4053971
4053972
4054471
4054571
4055036
4055140
4055156
4055158
4055218
4055651
4055801
4055802
4055857
4056005
4056110
4056422
4056942
4057407
4057603
4057604
4057605
4057606
4057949
4057951
4058726
4059782
4059909
4060277
4060851
4061749
4061750
4061751
4061752
4061753
4061853
4061893
4062075
4062349
4062444
4062931
4063091
4063170
4063171
4063172
4063550
4063646
4063750
4063762
4063763
4063764
4063864
4063984
4063985
4064005
4064112
4064113
4064114
4064115
4064116
4064254
4064878
4065103
4065239
4065381
4065439
4065440
4065441
4065494
4065495
4065496
4065497
4065498
4065815
4066073
4066524
4066805
4066905
4067028
4067317
4067318
4067319
4067407
4067951
4068019
4068220
4068438
4068448
4068449
4068450
4068765
4068767
4068768
4068967
4068997
4069064
4069097
4069228
4069514
4069867
4070154
4071207
4071208
4071586
4071587
4071588
4072641
4072763
4072764
4072765
4072766
4072767
4072949
4073611
4073618
4073619
4073620
4073621
4073689
4074146
4074147
4074595
4074832
4075825
4075943
4075979
4076352
4076354
4076378
4076380
4076459
4076460
4076807
4077595
4079279
4079424
4079883
4079902
4080680
4080681
4080682
4080810
4081073
4081074
4081075
4081076
4081077
4081103
4081156
4081332
4081406
4082609
4083076
4083171
4083596
4083716
4083748
4084383
4084384
4084683
4084756
4084911
4085207
4085752
4085839
4086383
4086426
4087110
4087288
4087927
4087948
4087949
4088702
4088717
4088718
4088719
4088720
4088750
4088992
4089424
4089696
4089727
4089730
4089748
4089891
4090313
4090656
4090663
4090664
4090665
4090911
4091045
4091046
4092223
4092350
4092403
4092404
4092405
4092406
4092407
4093120
4093791
4093819
4093961
4093963
4093964
4093965
4094017
4094617
4094718
4094719
4094763
4094768
4094769
4094788
4094810
4095051
4095151
4095152
4095153
4095358
4095447
4095703
4095704
4095705
4095706
4095707
4095708
4095893
4095894
4096406
4096470
4096684
4096693
4096694
4096695
4097336
4097541
4097733
4097931
4098095
4098096
4098143
4098639
4098652
4098653
4098862
4098874
4098988
4099044
4099236
4099785
4099998
4100532
4100862
4100908
4100992
4100993
4100994
4100995
4100996
4100997
4101000
4101026
4101027
4101028
4101095
4101295
4101421
4101608
4101609
4101610
4101611
4101612
4101613
4101614
4101615
4101616
4101617
4101618
4101619
4101950
4102206
4102231
4102245
4102248
4102558
4103023
4103364
4103462
4103568
4103880
4104136
4104253
4104333
4104432
4104719
4104960
4105352
4105353
4105354
4105498
4105715
4105761
4105983
4106014
4106156
4106161
4106162
4106169
4106202
4106462
4106514
4106523
4106604
4106605
4106606
4106607
4106766
4106767
4106768
4106799
4106836
4106837
4106838
4106839
4106841
4106914
4106915
4106917
4107858
4108041
4108042
4108341
4109126
4109655
4111114
4111248
4111434
4111607
4111612
4111835
4112030
4112300
4112438
4112560
4112572
4112656
4112981
4113043
4113151
4113399
4113923
4113926
4113927
4114043
4114045
4114063
4114066
4114204
4114229
4114230
4114282
4114283
4114284
4114285
4114450
4114547
4114692
4114808
4114809
4114810
4114811
4114812
4114813
4114842
4114870
4115207
4115242
4115243
4115365
4115416
4116329
4116786
4116787
4116847
4116848
4116849
4117041
4117042
4117045
4117362
4117388
4117572
4117890
4117891
4117892
4117893
4117894
4117895
4117896
4117897
4117898
4117899
4117900
4118231
4118273
4118410
4119114
4119116
4119194
4119322
4119460
4119461
4119462
4119649
4119845
4119846
4120380
4121000
4121659
4121771
4121915
4122073
4122323
4122352
4122353
4122354
4122355
4122356
4122357
4122359
4122360
4122432
4123115
4123161
4123412
4123493
4123558
4123826
4123843
4123895
4124424
4124425
4124461
4124533
4124534
4124535
4124536
4124537
4124538
4124539
4124540
4124541
4124542
4124543
4124544
4124545
4124546
4124547
4124548
4124549
4124550
4124551
4124703
4125212
4125431
4125432
4125532
4125646
4125710
4126151
4126169
4126170
4126560
4126852
4126853
4126854
4127081
4127500
4127547
4127548
4127549
4127551
4127737
4128162
4128609
4128620
4128637
4128846
4129167
4129168
4129169
4129170
4129171
4129478
4129480
4129613
4129700
4130108
4130109
4130110
4130111
4130183
4130337
4130338
4130339
4130340
4130341
4130753
4130858
4131242
4131398
4132030
4132114
4132252
4132623
4132656
4132783
4132799
4132857
4132896
4132897
4132898
4132899
4132900
4133066
4133630
4133727
4134025
4134026
4134051
4134052
4134053
4134054
4134636
4135024
4135047
4135073
4135581
4135582
4135583
4135584
4135616
4135617
4135618
4135739
4135805
4136149
4137017
4137310
4137665
4137666
4137667
4137668
4137669
4137671
4137678
4137841
4137842
4137843
4137844
4137845
4138058
4138059
4138060
4138061
4138062
4138063
4138064
4138065
4138066
4138901
4138902
4138903
4139053
4139095
4139361
4139363
4139830
4139834
4139835
4139836
4139878
4139972
4140323
4140397
4140398
4140957
4141098
4141843
4141939
4141995
4142339
4142797
4142815
4142816
4142817
4143174
4143482
4143483
4143484
4143487
4143488
4143511
4143588
4143780
4143781
4143782
4143783
4143784
4143785
4143861
4144096
4144580
4144738
4144739
4144740
4144741
4144742
4144775
4144931
4145050
4145648
4145649
4146199
4146200
4146202
4146203
4146495
4146516
4146517
4146518
4146519
4147069
4147132
4147159
4147352
4147364
4147449
4147950
4148071
4148565
4149347
4149460
4149557
4149600
4149683
4149792
4150227
4150461
4150462
4150463
4150541
4150691
4150742
4150842
4150890
4150891
4150892
4150954
4151013
4151107
4151270
4151415
4151709
4151710
4151954
4151955
4151957
4151958
4152187
4152460
4152464
4152466
4152685
4153006
4153007
4153008
4153231
4153294
4153539
4153632
4153633
4153636
4153637
4153638
4153639
4153640
4153686
4153687
4153688
4153689
4153690
4153691
4153827
4153913
4155142
4155338
4155339
4155573
4156009
4156322
4156885
4157034
4157639
4158019
4158575
4158892
4158994
4158995
4159881
4160121
4160821
4161164
4161550
4161692
4162638
4162715
4163566
4163606
4164200
4164941
4165282
4166016
4166084
4166299
4166300
4166302
4166303
4166521
4166674
4166761
4166900
4167170
4167853
4168001
4168227
4168434
4169047
4169349
4169367
4169605
4170232
4170341
4170608
4170817
4172029
4172376
4172377
4172378
4172379
4172986
4173292
4173293
4173294
4173295
4173296
4173297
4173298
4173302
4173304
4173370
4173371
4173395
4173396
4173682
4173802
4174301
4174393
4174402
4174427
4174636
4174637
4174638
4175100
4176126
4176305
4176306
4176610
4176611
4176647
4176703
4176732
4177106
4177264
4177574
4177578
4177795
4177878
4177923
4178400
4178547
4179235
4179236
4179237
4179238
4179239
4179470
4179478
4179909
4180015
4180144
4180145
4181612
4182242
4182373
4182374
4182375
4182376
4182377
4182784
4182873
4183004
4183005
4183006
4183029
4183045
4183099
4183260
4183261
4183262
4183263
4183264
4183507
4183825
4183847
4183848
4183849
4183850
4184082
4184167
4184228
4184269
4184538
4184576
4184620
4184645
4184677
4184709
4184839
4184840
4185192
4185474
4185641
4185781
4185915
4186142
4186210
4186244
4186715
4186721
4186845
4186846
4186847
4186848
4186849
4186850
4186855
4186858
4186859
4186860
4187299
4187300
4187583
4187659
4188006
4188007
4188008
4188009
4188010
4188011
4188014
4188060
4188091
4188122
4188147
4188826
4189003
4189004
4189161
4189770
4189834
4190217
4190347
4190361
4190645
4190949
4190998
4191007
4191268
4191273
4191392
4191683
4191808
4191809
4191810
4191811
4191812
4191899
4191900
4193391
4193515
4193998
4194033
4194070
4194638
4194975
4194976
4195619
4196200
4196501
4197134
4197248
4197575
4197778
4197838
4198060
4198351
4199063
4199069
4199366
4199706
4199708
4199811
4200455
4201133
4201314
4201381
4201394
4202147
4202628
4202629
4202630
4202989
4203426
4203479
4203729
4203983
4204055
4204056
4204057
4204058
4204059
4204245
4204246
4204335
4204410
4204506
4204709
4204795
4204796
4204888
4205375
4205500
4205509
4205709
4205850
4205863
4206156
4206250
4206251
4206253
4206374
4206734
4207062
4207363
4207637
4207720
4207957
4208115
4208504
4208605
4209231
4209555
4209730
4210026
4210195
4210484
4210928
4211023
4211070
4211129
4211248
4211540
4211572
4211844
4213014
4213092
4213093
4213151
4213174
4213199
4213280
4213630
4213742
4214135
4214288
4214289
4214361
4214631
4214841
4215485
4215503
4215507
4215516
4215550
4215551
4215552
4215591
4215863
4216113
4216131
4216132
4216133
4216134
4216135
4216207
4216576
4216737
4217476
4217520
4218270
4218492
4219226
4219368
4219418
4219687
4219688
4219693
4219860
4220196
4220279
4220535
4220815
4221061
4221431
4221438
4221443
4221487
4221488
4221600
4221612
4221793
4222090
4222330
4222331
4222332
4222333
4222334
4222335
4222336
4222418
4222841
4222984
4223373
4223561
4223578
4223633
4223634
4223895
4224032
4224246
4224320
4224432
4224518
4224556
4224655
4225232
4225295
4225296
4225563
4225617
4225618
4225619
4225620
4225621
4225622
4225623
4225773
4225817
4225823
4225907
4225965
4226008
4226599
4226900
4226976
4227642
4227713
4227848
4228702
4228703
4228846
4228847
4228849
4228944
4229201
4229253
4229254
4229255
4229256
4229565
4229593
4229594
4229595
4229596
4229597
4229598
4229791
4229792
4230189
4230468
4231694
4231809
4231846
4231891
4231892
4231914
4232002
4232041
4232042
4232043
4232044
4232045
4232046
4232047
4232048
4232049
4232050
4232894
4233203
4233274
4233616
4233840
4233969
4233970
4233971
4234092
4234435
4234595
4234701
4235113
4235513
4235907
4235960
4235986
4236429
4236800
4236814
4236815
4236825
4236839
4236840
4236841
4236842
4236843
4236844
4236845
4236846
4236847
4236848
4236849
4236850
4236974
4236975
4236976
4237482
4237666
4237667
4237668
4237669
4237670
4237671
4237672
4237673
4237674
4237675
4237676
4237690
4237841
4237842
4237843
4237844
4237845
4237846
4237847
4237848
4237849
4237850
4237851
4237852
4237853
4237854
4237855
4237856
4237857
4237858
4237859
4237860
4237861
4237862
4237863
4237864
4237865
4237866
4237867
4237868
4237869
4237870
4237871
4237872
4237873
4238039
4238386
4238440
4238570
4238673
4238817
4238818
4238835
4238836
4238983
4239170
4239171
4239294
4239419
4239420
4239474
4239475
4239476
4239477
4239502
4239503
4239504
4239505
4239506
4239507
4239508
4240425
4240648
4240707
4240708
4240709
4240710
4240711
4240753
4240806
4240807
4240808
4241047
4241473
4241517
4241518
4242208
4242209
4242210
4242211
4242212
4242340
4242391
4242407
4242487
4242659
4242756
4242786
4243167
4243248
4243789
4243850
4243947
4243956
4244613
4244614
4244615
4244616
4245347
4245379
4245542
4245543
4245562
4245578
4245700
4245707
4245732
4245852
4245870
4245982
4245983
4245984
4245985
4245986
4245987
4245988
4245989
4245990
4246082
4246259
4246265
4246266
4246267
4247309
4247450
4247452
4247599
4247725
4248270
4248376
4248739
4249191
4249485
4249518
4249650
4249830
4250008
4250068
4250176
4250224
4250225
4250800
4250972
4251102
4251143
4251153
4251565
4251653
4251654
4251699
4251959
4252425
4252501
4252607
4252608
4252743
4253228
4253271
4253272
4253323
4253405
4253466
4253467
4253503
4253504
4253505
4253506
4253762
4254113
4254372
4254373
4254374
4254598
4254611
4254630
4254741
4254742
4254743
4254790
4254806
4254820
4254821
4254967
4255067
4255371
4255470
4255947
4256268
4256277
4256287
4256387
4256407
4256442
4256534
4256547
4257316
4257317
4257318
4257319
4257320
4257321
4257322
4257366
4257458
4257880
4257881
4257882
4257883
4257884
4258266
4258413
4258415
4258497
4258812
4259805
4260259
4260405
4260414
4260415
4260657
4260904
4261130
4261610
4262068
4262069
4262070
4262071
4262072
4262073
4262074
4262136
4262137
4262139
4262140
4262141
4262142
4262144
4262145
4262147
4262314
4262470
4262528
4262529
4262530
4262616
4263358
4263690
4264303
4264304
4264305
4264306
4264307
4264347
4264656
4265290
4265576
4265578
4265579
4265580
4265581
4266315
4266780
4266786
4266787
4266788
4266789
4267521
4267522
4267570
4268310
4268367
4268379
4268380
4268621
4268622
4268623
4268624
4268625
4268626
4268627
4268628
4268629
4268630
4268826
4269023
4269029
4269291
4269292
4269455
4269714
4269864
4269865
4269866
4269867
4269868
4269869
4269870
4270095
4270104
4270105
4270106
4270107
4270108
4270257
4270429
4270430
4270431
4270432
4270433
4270838
4271006
4271007
4271464
4271985
4271990
4272070
4272209
4272291
4272371
4272403
4272404
4272985
4273032
4273068
4273397
4273449
4273548
4274108
4274370
4274690
4274691
4274692
4274693
4274694
4274695
4275181
4275398
4275816
4276645
4277206
4277230
4277344
4277345
4277910
4278259
4278458
4278610
4278611
4278612
4278613
4278614
4278615
4278726
4278741
4279145
4279146
4279173
4279174
4279177
4279191
4279201
4279462
4279893
4279914
4279960
4280134
4280135
4280212
4280213
4280549
4280572
4280614
4281036
4281154
4281647
4281941
4281946
4282258
4282260
4282262
4282263
4282264
4282265
4282269
4282270
4282271
4282272
4282377
4282732
4282742
4282743
4282744
4282745
4282746
4282921
4283611
4283652
4283659
4283961
4283977
4284414
4284475
4284788
4284869
4284927
4285261
4285262
4285263
4285264
4286203
4286274
4286337
4286441
4286676
4286745
4287023
4287024
4287371
4287372
4287722
4287748
4287760
4287790
4287791
4287792
4287815
4287878
4288008
4288009
4288114
4288115
4288501
4289462
4289536
4289537
4289588
4289589
4289680
4289681
4289682
4289683
4289779
4290034
4290051
4291017
4291146
4291471
4291626
4291700
4292091
4292649
4292869
4293081
4293458
4293542
4293883
4294233
4294234
4294235
4294236
4294237
4294272
4294342
4294343
4294344
4294345
4294346
4294347
4294348
4294349
4294412
4294475
4294478
4294479
4294480
4294481
4294888
4295522
4295556
4295571
4295685
4295765
4296267
4296268
4296475
4296528
4296603
4297006
4297007
4297008
4297016
4297017
4297018
4297019
4297052
4297055
4297056
4297099
4297774
4297826
4297901
4297902
4298276
4298277
4298295
4298357
4298400
4298724
4298725
4298870
4299049
4299566
4300348
4300352
4300353
4300735
4300756
4300848
4301359
4301371
4301372
4301373
4301374
4301405
4301465
4301707
4301986
4303576
4303577
4303578
4303579
4303832
4303937
4303974
4303975
4303976
4303977
4303978
4303979
4304052
4304053
4304310
4304311
4304351
4304392
4304456
4304503
4304525
4304529
4304530
4304531
4304532
4304533
4304534
4304535
4304626
4304627
4304628
4304788
4304795
4304801
4304802
4304981
4304993
4305008
4305071
4305197
4305202
4305226
4305372
4305373
4305374
4305375
4305376
4305377
4305418
4305419
4305475
4305496
4305500
4305501
4305931
4305933
4306654
4306759
4307303
4307699
4307981
4307982
4308569
4308570
4308571
4308572
4308573
4308574
4308575
4308576
4308709
4308804
4308816
4309307
4309379
4309897
4310142
4310219
4310640
4311200
4311877
4312018
4312113
4313298
4313498
4313603
4313604
4313605
4313606
4313607
4313733
4313787
4313951
4313952
4314022
4314023
4314024
4314025
4314093
4314184
4314390
4314851
4314864
4315261
4315262
4315263
4315264
4315473
4315527
4316164
4317317
4317318
4317852
4317853
4317854
4318070
4318071
4318118
4318119
4319303
4319304
4319385
4319436
4319747
4319797
4319951
4319952
4319979
4320229
4320379
4321057
4321111
4321274
4321275
4321667
4321854
4321955
4322278
4322475
4322685
4322721
4323043
4323249
4323485
4323530
4323617
4323618
4323619
4323620
4323621
4323622
4323623
4323624
4323625
4323647
4324023
4324095
4324112
4324113
4324382
4324538
4325206
4325241
4325242
4325243
4325244
4325245
4325246
4325247
4325248
4325249
4325250
4325290
4325531
4325587
4325657
4325658
4325764
4325766
4326484
4326787
4326891
4327215
4327372
4327800
4328087
4328103
4328232
4328239
4328249
4328250
4328251
4328252
4328253
4328254
4328293
4328294
4328601
4328652
4328735
4328913
4328992
4329068
4329206
4329280
4329834
4330223
4330921
4330922
4330923
4330926
4330927
4330928
4330929
4330930
4330931
4330932
4330933
4330934
4331024
4331029
4331033
4331034
4331035
4331036
4331037
4331190
4331196
4331310
4331433
4331683
4331684
4331685
4331686
4331687
4331688
4331689
4331691
4331821
4331892
4331893
4331894
4331895
4331926
4332294
4332310
4332378
4332497
4332777
4332791
4333115
4333244
4333921
4334009
4334315
4334492
4334683
4334938
4335341
4335459
4335678
4335709
4335736
4335760
4335839
4335850
4335982
4336011
4336515
4336516
4336517
4336518
4336519
4336520
4336521
4336522
4336541
4336903
4337006
4337079
4337394
4337523
4337524
4337547
4337846
4337847
4338067
4338068
4338139
4338141
4339357
4339505
4339806
4340242
4340638
4340712
4340771
4340777
4341400
4341401
4341427
4341446
4341468
4341690
4341776
4341906
4342216
4342307
4342384
4342766
4342775
4342827
4342828
4342961
4342968
4343016
4343045
4343227
4343548
4343591
4343592
4343593
4344202
4344304
4344305
4344306
4344307
4344432
4344649
4344695
4345094
4345095
4345096
4345097
4345099
4345100
4345101
4345102
4345103
4345104
4345167
4345551
4345709
4345871
4346054
4346099
4346143
4346391
4346501
4346545
4346786
4346990
4346991
4346999
4347069
4347070
4347564
4347602
4347992
4347993
4347994
4348157
4348568
4348955
4349038
4349233
4349859
4349860
4349861
4349892
4350088
4350089
4350090
4350091
4350092
4350093
4350094
4350240
4350945
4350980
4351056
4352045
4352055
4352056
4352057
4352166
4352362
4352363
4352522
4353014
4353048
4353049
4353050
4353051
4353440
4353594
4353595
4353731
4353745
4353950
4354345
4354346
4354347
4354348
4354349
4354511
4354558
4354582
4354583
4354584
4354585
4354589
4354811
4354812
4354813
4354814
4354815
4354954
4355086
4355107
4355178
4355255
4355352
4355468
4355569
4355570
4355571
4355572
4355573
4355574
4355575
4355576
4355577
4355578
4355579
4355588
4355663
4355709
4355866
4355922
4355953
4356016
4356017
4356088
4356344
4356350
4356472
4356919
4357152
4357340
4357595
4357618
4358046
4358162
4358163
4358164
4358165
4358166
4358305
4358306
4358307
4358308
4358394
4358578
4359006
4359235
4359271
4359295
4359317
4359389
4359454
4359556
4359732
4359997
4360073
4360200
4360204
4360210
4360232
4360302
4360318
4360432
4360736
4361092
4361254
4361562
4361563
4361589
4361820
4361821
4362029
4362105
4362106
4362107
4362108
4362109
4362110
4362111
4362113
4362638
4363137
4363274
4363275
4363276
4363277
4363278
4364487
4364510
4364526
4364944
4365090
4365248
4365651
4365658
4365666
4365908
4365909
4365910
4365911
4365912
4366086
4366098
4366100
4366111
4366133
4366321
4366405
4366473
4366604
4367075
4367328
4367672
4367673
4367675
4367687
4367717
4367718
4367719
4367720
4367721
4367722
4367723
4367724
4367725
4367726
4367780
4368192
4368429
4368560
4368563
4368720
4368887
4369005
4369014
4369015
4369183
4369311
4369368
4369405
4369637
4369649
4369671
4369838
4370401
4370402
4370469
4370473
4370474
4370536
4370548
4371203
4371252
4371394
4371460
4371461
4371472
4371809
4371829
4372575
4372620
4372667
4373212
4373213
4373214
4373215
4373216
4373425
4373433
4373682
4373855
4373991
4374030
4374045
4374204
4374639
4375466
4375698
4375699
4376487
4376576
4376577
4376578
4376579
4376580
4376581
4376582
4376583
4376722
4377052
4377095
4377096
4377366
4377505
4377552
4377689
4377812
4378034
4378035
4378036
4378045
4378296
4378417
4378425
4378507
4378825
4378917
4379006
4379007
4379008
4379061
4379442
4379666
4380212
4380297
4380364
4380381
4380876
4380976
4380977
4380979
4381153
4381177
4381178
4381822
4381838
4381839
4381976
4381984
4382404
4382492
4382493
4382736
4383028
4383029
4383030
4383031
4383032
4383033
4383034
4383035
4383036
4383037
4383108
4383109
4383123
4383726
4383727
4383728
4383729
4383730
4383731
4383732
4383733
4383734
4383735
4383736
4383737
4383767
4383862
4384035
4384036
4384203
4384218
4384260
4384389
4384397
4384398
4384524
4384531
4384537
4384540
4384609
4385230
4385231
4385241
4385261
4385267
4385268
4385269
4385270
4385271
4385272
4385273
4385971
4385972
4385973
4385974
4385975
4385976
4385977
4385978
4385979
4386008
4386009
4386010
4386011
4386012
4386315
4386433
4386434
4386876
4387505
4388002
4388003
4388004
4388005
4388006
4388508
4388509
4388510
4388511
4388512
4388969
4389161
4389468
4389477
4389542
4390041
4390064
4390096
4390097
4390098
4390099
4390100
4390328
4390616
4390731
4392180
4392181
4392282
4392284
4392462
4392484
4392628
4392632
4392672
4392677
4392966
4393159
4393160
4393167
4393282
4393670
4394461
4394466
4394513
4394746
4394747
4394861
4394905
4395134
4395135
4395442
4395564
4395565
4395936
4396012
4396068
4396377
4396378
4396379
4396381
4396950
4397099
4397107
4397110
4397237
4397734
4397797
4397816
4397817
4397818
4397819
4397852
4397879
4398530
4398531
4398532
4398533
4398534
4398535
4398536
4398537
4398538
4398539
4398581
4398595
4399446
4400082
4400350
4400351
4400352
4400353
4400354
4400355
4400356
4400357
4400358
4400359
4400360
4400361
4400362
4400363
4400364
4400365
4400366
4400367
4400368
4400369
4400370
4400371
4400435
4400566
4400940
4401048
4401081
4401082
4401277
4401311
4401394
4401646
4402317
4402322
4402621
4402622
4402645
4402646
4402661
4402664
4403149
4403150
4403175
4403283
4403407
4403447
4403462
4403463
4403464
4403465
4403466
4403503
4403504
4403505
4403506
4403507
4403514
4403580
4403581
4403582
4403583
4403891
4403892
4403969
4403970
4403971
4403972
4404057
4404058
4404287
4404360
4404533
4404552
4404681
4404682
4404683
4404685
4404686
4404687
4404705
4404729
4404730
4404732
4404834
4404963
4405119
4405284
4405476
4405484
4405485
4405783
4405861
4406654
4406668
4406775
4407045
4407694
4408082
4408696
4408733
4408778
4408779
4408780
4408781
4408782
4408783
4408785
4408797
4408978
4409010
4409029
4409042
4409046
4409057
4409097
4409119
4409120
4409136
4409286
4409563
4409578
4409579
4409594
4409600
4409703
4409922
4410800
4411100
4411101
4411233
4411986
4412051
4412087
4412092
4412103
4412144
4412145
4412392
4412546
4412547
4412585
4412679
4412862
4412935
4413019
4413108
4413717
4413827
4413829
4413831
4413968
4414521
4414522
4414523
4414524
4414525
4414648
4414704
4415180
4415545
4415744
4415826
4415877
4416233
4416236
4416862
4416863
4416937
4417289
4417416
4417479
4417512
4417551
4417753
4417894
4417895
4417896
4417897
4417924
4417925
4417926
4417927
4418185
4418243
4418560
4418561
4418971
4418972
4419051
4419098
4419099
4419100
4419111
4419133
4419267
4419268
4419269
4419400
4419709
4419833
4419877
4420025
4420182
4420379
4420463
4420734
4421412
4421981
4421982
4421983
4421984
4422472
4422669
4422754
4422860
4422901
4423122
4423141
4423343
4423350
4423378
4423554
4423648
4423749
4423841
4423891
4424314
4424445
4424492
4424520
4424542
4424543
4424544
4424545
4424546
4424547
4424548
4424738
4425096
4426098
4426575
4426578
4426579
4426580
4426581
4426582
4426583
4426584
4426585
4426586
4426587
4426872
4427231
4427259
4427326
4427373
4427430
4427683
4427775
4428089
4428090
4428091
4428092
4428093
4428139
4428191
4428192
4428193
4428329
4428396
4428399
4428497
4428499
4428535
4428537
4428538
4428539
4428954
4428955
4428956
4428957
4428958
4429385
4429783
4429872
4429884
4429949
4430166
4430404
4430405
4430585
4430779
4430780
4430836
4431208
4431210
4431212
4431214
4431216
4431218
4431220
4431241
4431496
4431647
4431648
4431656
4431657
4431658
4431690
4431699
4431700
4431701
4431702
4431989
4432766
4432767
4432768
4432770
4432844
4432937
4432987
4433129
4433454
4433527
4433587
4434024
4434134
4434466
4434503
4434705
4435334
4435377
4435378
4435494
4435554
4435577
4435591
4435596
4435633
4435634
4435674
4436221
4436301
4436382
4436675
4437411
4437489
4437551
4437695
4437860
4437862
4437863
4437948
4438395
4438404
4438541
4438542
4438797
4438947
4439181
4439199
4439524
4439859
4440187
4440203
4441142
4441541
4441542
4441543
4441544
4441545
4441564
4441620
4441693
4441694
4442060
4442342
4442655
4442663
4443214
4443215
4443424
4444099
4444100
4444101
4444273
4444274
4444275
4444276
4444277
4444278
4444330
4444605
4444683
4444737
4444780
4444781
4444782
4444783
4444784
4444785
4444999
4445092
4445432
4445670
4445671
4446094
4446361
4446563
4446613
4446636
4446748
4446771
4446780
4446984
4447163
4447308
4447626
4447720
4447784
4447807
4447808
4447809
4447810
4447811
4448532
4448533
4448988
4448998
4448999
4449247
4449351
4449852
4449853
4449854
4449855
4449856
4449857
4449858
4450653
4450822
4451025
4451294
4451295
4451296
4451297
4451298
4451388
4451412
4451502
4451537
4451680
4451802
4451815
4452283
4452319
4452401
4452669
4452795
4452796
4452797
4452798
4452799
4452800
4452801
4452823
4452824
4453004
4453005
4453761
4453867
4453888
4453889
4454131
4454138
4454145
4454179
4454378
4454456
4454509
4454868
4454883
4455015
4455400
4455401
4455631
4456019
4456297
4456659
4456660
4457098
4457389
4457390
4457485
4457525
4457538
4457801
4457802
4457803
4457804
4457805
4457806
4457810
4457917
4457919
4457920
4457921
4457922
4458151
4458450
4458531
4458721
4458803
4458825
4459091
4459092
4459095
4459097
4459098
4459298
4459353
4459562
4459563
4459564
4459565
4459566
4459567
4459862
4460098
4460203
4460299
4460316
4460363
4460365
4460536
4460931
4461268
4461332
4461431
4461648
4461649
4461686
4461730
4461940
4462264
4462265
4462266
4462267
4462268
4462269
4462770
4463378
4463379
4463646
4463706
4464622
4464628
4464629
4464630
4464631
4464632
4464633
4464978
4465017
4465137
4465208
4465358
4465431
4465432
4465433
4465434
4465444
4465669
4465672
4465677
4465678
4465755
4465756
4465757
4465758
4465759
4465788
4466537
4466538
4466540
4466711
4466754
4466799
4466811
4466939
4466940
4466941
4467009
4467031
4467045
4467445
4467446
4467447
4467448
4467449
4467450
4467472
4467561
4467639
4467782
4467836
4467837
4467838
4467839
4468033
4468064
4468109
4468209
4468387
4468534
4468738
4468813
4468822
4469053
4469100
4469189
4469190
4469241
4469257
4469297
4469406
4469452
4470247
4470361
4470559
4470775
4470852
4470857
4470858
4470859
4470860
4470861
4470862
4470863
4470864
4470865
4470866
4470867
4470868
4470869
4470870
4470871
4470872
4470873
4470874
4470875
4470876
4470877
4470878
4470879
4470880
4470881
4470882
4470883
4470884
4470885
4470886
4470887
4470888
4470889
4470890
4470891
4470892
4470893
4470894
4470895
4470896
4470897
4470898
4470899
4470900
4470901
4470902
4470903
4470904
4470905
4470906
4470907
4470908
4470909
4470910
4470911
4470923
4470924
4471052
4471053
4471054
4471055
4471056
4471057
4471058
4471059
4471060
4471061
4471062
4471063
4471064
4471065
4471066
4471067
4471068
4471069
4471070
4471071
4471072
4471073
4471185
4471287
4471288
4471289
4471290
4471291
4471684
4471685
4471686
4471687
4472441
4472442
4472482
4472483
4472484
4472485
4472858
4472962
4473020
4473048
4473055
4473063
4473064
4473065
4473126
4473127
4473128
4473159
4473214
4473639
4473640
4473641
4473832
4473944
4473974
4474117
4474272
4474773
4474799
4474800
4474801
4474802
4474803
4474804
4474805
4474806
4474807
4474808
4474809
4474810
4474840
4475404
4475416
4475577
4475667
4475668
4475669
4475670
4475671
4475972
4475986
4475996
4475997
4475998
4475999
4476000
4476037
4476038
4476039
4476081
4476443
4476706
4476707
4476708
4476709
4476710
4476806
4476808
4476821
4476826
4477257
4477731
4477732
4477841
4478177
4478179
4478263
4478264
4478360
4478361
4478857
4479056
4479057
4479058
4479142
4479524
4480129
4480167
4480206
4480466
4480772
4480967
4481137
4482059
4482084
4482293
4482439
4482565
4482576
4482593
4482604
4482831
4482979
4482980
4482981
4483314
4483315
4483372
4483615
4483695
4483773
4483776
4483895
4483951
4484126
4484194
4484665
4484689
4484833
4484998
4485000
4485006
4485061
4485117
4485298
4485386
4485387
4485528
4485718
4485736
4485870
4486034
4486256
4486257
4486618
4486620
4486815
4487166
4487389
4487460
4487519
4487522
4487620
4487925
4487926
4487927
4487949
4488125
4488501
4488608
4488636
4488769
4488797
4488986
4489605
4489606
4489693
4489704
4489706
4489944
4489962
4490225
4490226
4490233
4490318
4490364
4490430
4491051
4491052
4491053
4491054
4491055
4491160
4491161
4491252
4491275
4491625
4491842
4491851
4491853
4492047
4492214
4492215
4492216
4492300
4492767
4492866
4492885
4492902
4492979
4492991
4492996
4493435
4493471
4493528
4493529
4493614
4493656
4493657
4493658
4493659
4493660
4493707
4493799
4493856
4493857
4493904
4494025
4494026
4494158
4494427
4494492
4494778
4495263
4495306
4495560
4495561
4495562
4495563
4495852
4495869
4495889
4495890
4496055
4496056
4496057
4496058
4496064
4496158
4496529
4496933
4497115
4497247
4497317
4497579
4497980
4498305
4498334
4498387
4498426
4498529
4498758
4498767
4498897
4499068
4499418
4499426
4499572
4499640
4499872
4500285
4500375
4500376
4500377
4500378
4500383
4500413
4500414
4500565
4500690
4500691
4500692
4500693
4500694
4500706
4500749
4500844
4500845
4500846
4500847
4500862
4501442
4501616
4501617
4501618
4501619
4502038
4502506
4502716
4503055
4503388
4503490
4503525
4503647
4503956
4503957
4503958
4503961
4503965
4504102
4504190
4504207
4504208
4504209
4504210
4504211
4504377
4504401
4504458
4504506
4504510
4504633
4504732
4504955
4505271
4505346
4505461
4505464
4505530
4505531
4505667
4505726
4505864
4505874
4505971
4505972
4505973
4505974
4505975
4505976
4506004
4506021
4506039
4506070
4506247
4506358
4506543
4506647
4506692
4506731
4506785
4506845
4506873
4506896
4506925
4506926
4506927
4506928
4506929
4506930
4507003
4507037
4507079
4507233
4507367
4507401
4507441
4507657
4507694
4507763
4507810
4508045
4508110
4508117
4508259
4508336
4508337
4508439
4508909
4509433
4509569
4509686
4509752
4510454
4510536
4511198
4511331
4511518
4512471
4512522
4512588
4513146
4513753
4513969
4514365
4514518
4514602
4514676
4514763
4515314
4515566
4516906
4516907
4518058
4518349
4518470
4518475
4518546
4518618
4518724
4518817
4518871
4518885
4518915
4518916
4518917
4518918
4518919
4519037
4519076
4519179
4519240
4519304
4519341
4519478
4519908
4520288
4520642
4521054
4521127
4521132
4521133
4521159
4521424
4521450
4521451
4521513
4521514
4521583
4522277
4522279
4522280
4522281
4522282
4522531
4522532
4522533
4522534
4522535
4522536
4522537
4522538
4522539
4522540
4522791
4522792
4522793
4522796
4522814
4522891
4522968
4523377
4523469
4523470
4523717
4523718
4523958
4524002
4524004
4524194
4524195
4524414
4524415
4524424
4524449
4524598
4524957
4524958
4525071
4525206
4525207
4525271
4525272
4525318
4525341
4525370
4525662
4525682
4525832
4525891
4526053
4526064
4526065
4526066
4526090
4526108
4526132
4526322
4526501
4526707
4526762
4526897
4526898
4527636
4527707
4527708
4527709
4527710
4527711
4527712
4527821
4528000
4528037
4528094
4528201
4528223
4528224
4528249
4528299
4528394
4528480
4528499
4528615
4528848
4528873
4529067
4529068
4529069
4529070
4529071
4529121
4529210
4529383
4529390
4529654
4529683
4529942
4530522
4530605
4530730
4530890
4530957
4530958
4530959
4530960
4530961
4531112
4531123
4531341
4531342
4531343
4531344
4531345
4531488
4531522
4532092
4532404
4532583
4532584
4532585
4532586
4532587
4532676
4532897
4532943
4532996
4533152
4533228
4533229
4533230
4533243
4533605
4533959
4533963
4534024
4534133
4534155
4534197
4534203
4534226
4534264
4534268
4534317
4534347
4534350
4534589
4534804
4534826
4534827
4534828
4534925
4534932
4535000
4535131
4535132
4535133
4535134
4535135
4535136
4535157
4535158
4535184
4535277
4535317
4535321
4535437
4535505
4535566
4535567
4535593
4535668
4536020
4536030
4536044
4536072
4536073
4536074
4536075
4536076
4536233
4536327
4536390
4536425
4536515
4536634
4536666
4536667
4536738
4536875
4536910
4536913
4537029
4537030
4537043
4537061
4537193
4537289
4537321
4537360
4537361
4537362
4537363
4537364
4537365
4537366
4537367
4537371
4537404
4537501
4537616
4537739
4537833
4537851
4537852
4537853
4537854
4537867
4537873
4537890
4537891
4537892
4537893
4537894
4537895
4537896
4537897
4537898
4537899
4537900
4537948
4538034
4538035
4538036
4538382
4538383
4538474
4538614
4538678
4538698
4539230
4539232
4539687
4540636
4541071
4541138
4541139
4541140
4541141
4541142
4541143
4541411
4541446
4541447
4541678
4541877
4542047
4542090
4542100
4542964
4543000
4543188
4543308
4543374
4543412
4543415
4543432
4543627
4543641
4543642
4543643
4544026
4544184
4544370
4544457
4544458
4544636
4544732
4544784
4544786
4545084
4545302
4545950
4546076
4546077
4546078
4546079
4546080
4546434
4546435
4546436
4546437
4546438
4547187
4547188
4547254
4547535
4547536
4547537
4547752
4547842
4548290
4548406
4548431
4548492
4548503
4548657
4548666
4549034
4549035
4549036
4549037
4549718
4549737
4549738
4549739
4549825
4550569
4550717
4551009
4551325
4551333
4551337
4551645
4551954
4552005
4552033
4552068
4552958
4552959
4553053
4553211
4553212
4553213
4553214
4553215
4553375
4553757
4553758
4553763
4553799
4554090
4554575
4554576
4554587
4554614
4554621
4554628
4555057
4555125
4555193
4555316
4555319
4555320
4555435
4555552
4555594
4555595
4555596
4555597
4555598
4555599
4555600
4555686
4555791
4555858
4555887
4556070
4556166
4556237
4556238
4556239
4556240
4556241
4556242
4556371
4556499
4556511
4556565
4556734
4556735
4556736
4556737
4556738
4556837
4556910
4557239
4557439
4557495
4557584
4557630
4557652
4557694
4557734
4557738
4557739
4557921
4558095
4558251
4558493
4558558
4558667
4558807
4558808
4558809
4558810
4558862
4558870
4558871
4558937
4558982
4559018
4559019
4559020
4559021
4559022
4559023
4559024
4559025
4559026
4559027
4559058
4559381
4559497
4559593
4559604
4559642
4559789
4559790
4559791
4559792
4560100
4560237
4560330
4560356
4560417
4560418
4560811
4561316
4561317
4561333
4561408
4561500
4561607
4561703
4561704
4561705
4561706
4561725
4561730
4561778
4561808
4561809
4561810
4561811
4561812
4561861
4562064
4562099
4562128
4562251
4562304
4562351
4562381
4562665
4562698
4562885
4562886
4562887
4562970
4562971
4563001
4563008
4563601
4563604
4563649
4563657
4563658
4563659
4563660
4563661
4563720
4563931
4564247
4564301
4564351
4564352
4564353
4564354
4564355
4564740
4564846
4564888
4565050
4565116
4565134
4565430
4565513
4565660
4565663
4565798
4566096
4566490
4566537
4566540
4566557
4566657
4567369
4567468
4567711
4567784
4568023
4569015
4569656
4569657
4569658
4569659
4569660
4569857
4569858
4569859
4569862
4570381
4570382
4570383
4570384
4570385
4570386
4570387
4570598
4570909
4570910
4570911
4570912
4570913
4570914
4570915
4570916
4570917
4570918
4570919
4570920
4571048
4571094
4571106
4571126
4571233
4571604
4571896
4571970
4572017
4572167
4572221
4572480
4572759
4572760
4572761
4572762
4572841
4572907
4573065
4573218
4573332
4573333
4573334
4573398
4573410
4573468
4573503
4573546
4573624
4573635
4573636
4573647
4573675
4573876
4573877
4573878
4573879
4573880
4573881
4573882
4573888
4573950
4573951
4573952
4573964
4573965
4573994
4574300
4574301
4574302
4574303
4574495
4574496
4574497
4574498
4574499
4574863
4574917
4574919
4574920
4574921
4574940
4574991
4574992
4574993
4574994
4574995
4574996
4575384
4575772
4575773
4575774
4575775
4575776
4575828
4575829
4575830
4575871
4575872
4575873
4575874
4576076
4576154
4576338
4576341
4576393
4576394
4576395
4576396
4576397
4576409
4576499
4576561
4576680
4576783
4576831
4576832
4576833
4576834
4576890
4577106
4577176
4577178
4577316
4577575
4577576
4577577
4577578
4577913
4577915
4577916
4577917
4577918
4577919
4577920
4577921
4577922
4577923
4577924
4577925
4577926
4577927
4577950
4577998
4578033
4578043
4578054
4578278
4578323
4578561
4578562
4578563
4578564
4578565
4579041
4579279
4579281
4579282
4579283
4579284
4579285
4579298
4579410
4579434
4579442
4579627
4579628
4579629
4579640
4579884
4579903
4580067
4580176
4580187
4580475
4580568
4580605
4580633
4580698
4580735
4580739
4580740
4580807
4580921
4581096
4581198
4581199
4581308
4581396
4581401
4581445
4581496
4581925
4581937
4581938
4581997
4582038
4582039
4582427
4582460
4582544
4582557
4582634
4582787
4583288
4583688
4583689
4583698
4583699
4583958
4583959
4583969
4584045
4584190
4584277
4584658
4584659
4584661
4584662
4584663
4584842
4584905
4584936
4584949
4585049
4585097
4585168
4585217
4585220
4585351
4585352
4585353
4585354
4585364
4585385
4585473
4585655
4585799
4585800
4585801
4585854
4586009
4586010
4586040
4586665
4586964
4587080
4587174
4587190
4587197
4587259
4587421
4587509
4587510
4587710
4587888
4588300
4588357
4588358
4588475
4588551
4588739
4588810
4588898
4589181
4589185
4589259
4589307
4589308
4589309
4589310
4589311
4589314
4589450
4589453
4589588
4589622
4589623
4590032
4590033
4590050
4590118
4590308
4590419
4590420
4590421
4590431
4590684
4590685
4590719
4591346
4591706
4591707
4592024
4592063
4592181
4592223
4592238
4592246
4592404
4592405
4592406
4592566
4592726
4592809
4592999
4593012
4593054
4593373
4593636
4593637
4593640
4593685
4593704
4593812
4593874
4593902
4594029
4594206
4594454
4594460
4594614
4594768
4594892
4594893
4594894
4594903
4595084
4595085
4595095
4595247
4595519
4595520
4595539
4595540
4595541
4595542
4595543
4595544
4596105
4596106
4596107
4596108
4596109
4596110
4596111
4596112
4596113
4596114
4596115
4596116
4596377
4596460
4596475
4596650
4596652
4596668
4596686
4596798
4596959
4596982
4597021
4597037
4597065
4597217
4597268
4597311
4597312
4597633
4597650
4597651
4597652
4597653
4597702
4597706
4597707
4597708
4597781
4598035
4598239
4598395
4598466
4598467
4598468
4598469
4598470
4598579
4598930
4598964
4599024
4599072
4599073
4599074
4599075
4599131
4599236
4599327
4599354
4599781
4599824
4599976
4600040
4600487
4600627
4600810
4600961
4600989
4601122
4601123
4601374
4601375
4601709
4601798
4601959
4601970
4601971
4601972
4601973
4602007
4602059
4602259
4602453
4602738
4602742
4602816
4602817
4602818
4602819
4602825
4602826
4602869
4602872
4602934
4603074
4603236
4603703
4603984
4604919
4605032
4605033
4605034
4605035
4605036
4605037
4605038
4605039
4605040
4605041
4605252
4605479
4605542
4605543
4605556
4605557
4605558
4605559
4605561
4605609
4605633
4605655
4605774
4605810
4605813
4605856
4605857
4605858
4605859
4605860
4605861
4605862
4605863
4605939
4605940
4605941
4605983
4606034
4606035
4606366
4606408
4606555
4606567
4606684
4606700
4606740
4606935
4607005
4607006
4607029
4607103
4607206
4607207
4607208
4607209
4607210
4607211
4607417
4607971
4607972
4608001
4608117
4608118
4608119
4608120
4608313
4608576
4608577
4608578
4608579
4608580
4608584
4608596
4608693
4608717
4608798
4608819
4608843
4608849
4608917
4609030
4609073
4609486
4610029
4610030
4610031
4610131
4610260
4610412
4610414
4610415
4610416
4610417
4610418
4610678
4610841
4610912
4610913
4610925
4610926
4610927
4610928
4610929
4610951
4610954
4611775
4611872
4611968
4612228
4613154
4613273
4613317
4613619
4613686
4613687
4613688
4613899
4613922
4614020
4614040
4614041
4614290
4614301
4614341
4614343
4614358
4614364
4614395
4614518
4614519
4614520
4614553
4614575
4615248
4615249
4615250
4615251
4615470
4616058
4616330
4616664
4616711
4616892
4617142
4617158
4617178
4617328
4617749
4617750
4617751
4617953
4617955
4617956
4617957
4618020
4618099
4618369
4618384
4618385
4618454
4618519
4618530
4618597
4618814
4618827
4618846
4618856
4618857
4618858
4618859
4618860
4618861
4618924
4618942
4619100
4619256
4619592
4619603
4619664
4619748
4619976
4620149
4620150
4620151
4620152
4620161
4620162
4620163
4620164
4620165
4620166
4620219
4620393
4620394
4620724
4621350
4621415
4621803
4621845
4621846
4621879
4621898
4621907
4622109
4622377
4622461
4622468
4622473
4622474
4622589
4622929
4623128
4623129
4623444
4623492
4623495
4623496
4623497
4623498
4623499
4623500
4623501
4623502
4623503
4623504
4623505
4623622
4623723
4623771
4623858
4623910
4623911
4624244
4624245
4624483
4624720
4624797
4624862
4625171
4625827
4625828
4625960
4626137
4626138
4626184
4626835
4626836
4626837
4627239
4627296
4627653
4627654
4628668
4629321
4629322
4629323
4629324
4629325
4629326
4629327
4629375
4629698
4629740
4629781
4629881
4630152
4630312
4630322
4630323
4630324
4630325
4630421
4630422
4630423
4630425
4630503
4630553
4630613
4630628
4630699
4630700
4630810
4630814
4630885
4630900
4630913
4631414
4631594
4631595
4631597
4631598
4631613
4631764
4631971
4632016
4632042
4632043
4632194
4632296
4632387
4632563
4632570
4632572
4632580
4632815
4632860
4633037
4633137
4633207
4633301
4633302
4633305
4633325
4633330
4633427
4633474
4633766
4633867
4634404
4634436
4634460
4634619
4634621
4634622
4634623
4634624
4634625
4634626
4634627
4634629
4634630
4634631
4634674
4634731
4634947
4635233
4635487
4635488
4635489
4635766
4635767
4635806
4635815
4635833
4635863
4635864
4635865
4635871
4635899
4635922
4636029
4636368
4636369
4636370
4636371
4636414
4636415
4636425
4636532
4636942
4636984
4637058
4637131
4637174
4637186
4637187
4637188
4637190
4637433
4637488
4637490
4638035
4638112
4638198
4638289
4638290
4638358
4638362
4638446
4638459
4638510
4638522
4638672
4638673
4638674
4638748
4638949
4639068
4639137
4639266
4639334
4639341
4639347
4639484
4639584
4639764
4639768
4639769
4639821
4639843
4639865
4639961
4640325
4640448
4640449
4640450
4640451
4640506
4640507
4640508
4640509
4640510
4640511
4640512
4640513
4640514
4640515
4640516
4640517
4640518
4640519
4640520
4640521
4640522
4640523
4640524
4640525
4640526
4640527
4640528
4640529
4640530
4640531
4640532
4640533
4640534
4640540
4640784
4640785
4640786
4640787
4640788
4640789
4640790
4641077
4641078
4641121
4641164
4641165
4641170
4641224
4641268
4641269
4641270
4641271
4641272
4641500
4641501
4641563
4642042
4642243
4642244
4642308
4642309
4642475
4642489
4642519
4642520
4642521
4642522
4642523
4642746
4642747
4643219
4643231
4643278
4643279
4643280
4643281
4643282
4643446
4644059
4644117
4644194
4644195
4644196
4644197
4644198
4644199
4644202
4644203
4644204
4644205
4644223
4644398
4644428
4644429
4644430
4644431
4644432
4644782
4645011
4645126
4645266
4645312
4645366
4645367
4645368
4645369
4645570
4645604
4645912
4645948
4645949
4646000
4646001
4646096
4646141
4646142
4646143
4646275
4646290
4646291
4646292
4646348
4646378
4646446
4646732
4646733
4646829
4646873
4646883
4647072
4647127
4647325
4647354
4647432
4647455
4647456
4647584
4647629
4647680
4647815
4647852
4647870
4647871
4647872
4647873
4647874
4647938
4647955
4647994
4648168
4648275
4648374
4648633
4648687
4648695
4649189
4649190
4649191
4649192
4649193
4649430
4650045
4650085
4650143
4650231
4650564
4650570
4650640
4650662
4650876
4650928
4650929
4650930
4650931
4650932
4650933
4650948
4651010
4651148
4651149
4651158
4651235
4651236
4651253
4651281
4651420
4651574
4651599
4651600
4651601
4651602
4651603
4651604
4651605
4651606
4651607
4651608
4651704
4651705
4651731
4652013
4652176
4652208
4652278
4652318
4652434
4652442
4652565
4652679
4652680
4652681
4652682
4652683
4652684
4652705
4652706
4652707
4652864
4652885
4652919
4652920
4652921
4652922
4652923
4652941
4653060
4653137
4653432
4653500
4653579
4653708
4653776
4654203
4654274
4654275
4654276
4654277
4654278
4654279
4654280
4654281
4654282
4654283
4654284
4654285
4654297
4654367
4654414
4654865
4654923
4654924
4655280
4655318
4655333
4655334
4655365
4655391
4655392
4655545
4655553
4655630
4655730
4655731
4656077
4656091
4656251
4656332
4656333
4656889
4657715
4657729
4657862
4657968
4658073
4658074
4658087
4658088
4658089
4658216
4658226
4658387
4658530
4658593
4658642
4658661
4658669
4658679
4658680
4658691
4658700
4658707
4658718
4658776
4658777
4658778
4658779
4658780
4658781
4658845
4658853
4658881
4658963
4658977
4658978
4658979
4659015
4659037
4659140
4659175
4659234
4659247
4659261
4659264
4659265
4659370
4659578
4659594
4659787
4659788
4659789
4659790
4659791
4659792
4659793
4659794
4659807
4659933
4659934
4660053
4660203
4660222
4660223
4660224
4660442
4660474
4660475
4660742
4660743
4660797
4661342
4661366
4661414
4661444
4661724
4661725
4661726
4661727
4661728
4662428
4662429
4662461
4662598
4662818
4662847
4663152
4663308
4663329
4663516
4663524
4663568
4663595
4663596
4663597
4663598
4663818
4664051
4664072
4664073
4664216
4664217
4664218
4664219
4664220
4664534
4664714
4664733
4664764
4664765
4664810
4664814
4664945
4665014
4665016
4665018
4665035
4665039
4665142
4665143
4665144
4665145
4665146
4665147
4665148
4665149
4665150
4665151
4665152
4665153
4665154
4665175
4665176
4665386
4665387
4665587
4665758
4665791
4666084
4666176
4666220
4666230
4666231
4666232
4666286
4666647
4666685
4667123
4667231
4667240
4667431
4667432
4667433
4667603
4667961
4668191
4668192
4668216
4668217
4668218
4668219
4668220
4668221
4668222
4668261
4668264
4668265
4668266
4668267
4668268
4668332
4668415
4668505
4668610
4668685
4668890
4669131
4669167
4669307
4669391
4669430
4669466
4669467
4669468
4669469
4669470
4669471
4669909
4669914
4670124
4670159
4670327
4670329
4670330
4670418
4670430
4670431
4670434
4670618
4670710
4670755
4671019
4671022
4671054
4671055
4671199
4671246
4671450
4671481
4672206
4672373
4672478
4672585
4672586
4672587
4672588
4672589
4672590
4672814
4672846
4672878
4673053
4673157
4673187
4673267
4673285
4673286
4673325
4673326
4673445
4673484
4673485
4673486
4673558
4673667
4673704
4673705
4673936
4674114
4674115
4674116
4674117
4674118
4674250
4674258
4674259
4674305
4674340
4674496
4674527
4674644
4674684
4674685
4674724
4675215
4675366
4675437
4675475
4675581
4675624
4676233
4676337
4676338
4676356
4676404
4676439
4676440
4676575
4676576
4676621
4676798
4676800
4676807
4676836
4676926
4676927
4676928
4676948
4676949
4676950
4676952
4677068
4677183
4677240
4677309
4677310
4677311
4677335
4677419
4677524
4677525
4677526
4677629
4677650
4677697
4677958
4678336
4678354
4678557
4678630
4678709
4678710
4678711
4678712
4678713
4678734
4678867
4678957
4678969
4679007
4679048
4679115
4679282
4679283
4679315
4679327
4679448
4679591
4679592
4679593
4679948
4679949
4680601
4680628
4680770
4680780
4680788
4680969
4680980
4680983
4681068
4681127
4681136
4681186
4681187
4681188
4681599
4681871
4681872
4681946
4681947
4681948
4681949
4681966
4682016
4682084
4682197
4682198
4682438
4682484
4682718
4682750
4682843
4683179
4683344
4683550
4683576
4683577
4683578
4683579
4683580
4683658
4683738
4683778
4683860
4683861
4683862
4683863
4683914
4683926
4684207
4684213
4684239
4684286
4684299
4684354
4684369
4684521
4684621
4684622
4684840
4684841
4684859
4684901
4684902
4684954
4685257
4685341
4685517
4685633
4685705
4685775
4685782
4685862
4685890
4685908
4686019
4686020
4686021
4686022
4686061
4686093
4686211
4686212
4686483
4686487
4686513
4686514
4686547
4686552
4686553
4686606
4686649
4686675
4686877
4686888
4687010
4687797
4687866
4687903
4687958
4687959
4687960
4687961
4687979
4688095
4688214
4688268
4688528
4688531
4688559
4688564
4688586
4688599
4688630
4688631
4688662
4688714
4688735
4688782
4688797
4688953
4689055
4689115
4689128
4689163
4689259
4689282
4689300
4689389
4689407
4689425
4689472
4689484
4689547
4689563
4689572
4689651
4689709
4689721
4689722
4689817
4689825
4689872
4689931
4690014
4690123
4690175
4690186
4690217
4690261
4690262
4690263
4690264
4690265
4690266
4690267
4690268
4690335
4690336
4690350
4690351
4690372
4690392
4690436
4690480
4690541
4690720
4690837
4690952
4691054
4691068
4691269
4691270
4691271
4691272
4691273
4691285
4691286
4691335
4691352
4691495
4691635
4691638
4692132
4692204
4692350
4692372
4692373
4692374
4692570
4692571
4692572
4692573
4692574
4692611
4692616
4692617
4692766
4692829
4692996
4693003
4693035
4693044
4693055
4693087
4693159
4693165
4693203
4693210
4693235
4693297
4693298
4693304
4693333
4693343
4693369
4693462
4693528
4693529
4693530
4693531
4693532
4693533
4693534
4693535
4693536
4693537
4693538
4693567
4693688
4693689
4693719
4693720
4693721
4693722
4693723
4693724
4693752
4693758
4693759
4693794
4693795
4693796
4694112
4694113
4694220
4694221
4694288
4694396
4694438
4694444
4694455
4694456
4694457
4694542
4694629
4694645
4694725
4694726
4694742
4694776
4694983
4694984
4695007
4695957
4696115
4696370
4696526
4696588
4696742
4696830
4697008
4697097
4697224
4697225
4697466
4697467
4697468
4697571
4697572
4697573
4697689
4697887
4698155
4698535
4699050
4699236
4699237
4699238
4699239
4699240
4699241
4699242
4699479
4699759
4699977
4700151
4700196
4700197
4700200
4700219
4700328
4700330
4700331
4700402
4700403
4700471
4700886
4701217
4701306
4701511
4701528
4701854
4701863
4701864
4702225
4702281
4702286
4702287
4702299
4702301
4702307
4702308
4702444
4702546
4702765
4702858
4702859
4702860
4702861
4702862
4702863
4702864
4702865
4702879
4702880
4702881
4702882
4702883
4702884
4702927
4702981
4703044
4703242
4703271
4703296
4703297
4703302
4703303
4703329
4703678
4703778
4703779
4703880
4703903
4703930
4704036
4704246
4704287
4704306
4704307
4704334
4704335
4704453
4704607
4704652
4704653
4704654
4704655
4704659
4705047
4705063
4705230
4705305
4705600
4705787
4705899
4705948
4705990
4706238
4706252
4706402
4706552
4706612
4706613
4706614
4706678
4706840
4706942
4707038
4707561
4707700
4707701
4707732
4707794
4707867
4707995
4707996
4707997
4707998
4707999
4708000
4708001
4708002
4708003
4708012
4708136
4708147
4708223
4708350
4708388
4708389
4708597
4708598
4708637
4708638
4708639
4708848
4708913
4709064
4709101
4709102
4709300
4709304
4709457
4709546
4709906
4709948
4709988
4710071
4710283
4710493
4710517
4710597
4710619
4710631
4710632
4710667
4710818
4710903
4710923
4710924
4710925
4710929
4710930
4710931
4711034
4711390
4711391
4711474
4711689
4711750
4711787
4712099
4712278
4712435
4712531
4712869
4713153
4713356
4713411
4713654
4713655
4713656
4713698
4713869
4713870
4713889
4713890
4714136
4714146
4714219
4714220
4714318
4714331
4714367
4714375
4714391
4714708
4714803
4714804
4714805
4715015
4715040
4715107
4715160
4715212
4715325
4715383
4715390
4715391
4715450
4715451
4715464
4715602
4715726
4715727
4715816
4715817
4715818
4715819
4715820
4715939
4715940
4715941
4715942
4715943
4716216
4716289
4716313
4716349
4716371
4716424
4716427
4717045
4717049
4717286
4717417
4717428
4717507
4717512
4717514
4717675
4717840
4717873
4718110
4718194
4718264
4718276
4718396
4718414
4718421
4718516
4718577
4718588
4718592
4718644
4718660
4718672
4718708
4718711
4718783
4718784
4718785
4718786
4718788
4718789
4718831
4719279
4719609
4719610
4719663
4719761
4719912
4719998
4720064
4720065
4720072
4720073
4720081
4720447
4720470
4720549
4720664
4720693
4720832
4720880
4720890
4720940
4720941
4720942
4720943
4720944
4720991
4720992
4720993
4721006
4721009
4721015
4721032
4721039
4721044
4721045
4721151
4721167
4721168
4721497
4721586
4721587
4721722
4721767
4721768
4721769
4721964
4722076
4722237
4722295
4722329
4722330
4722366
4722411
4722425
4722426
4722427
4722428
4722431
4722433
4722435
4722521
4722549
4722551
4722624
4722625
4722626
4722627
4722628
4722712
4722754
4722805
4722806
4722807
4722808
4722828
4722908
4722944
4722989
4723061
4723084
4723142
4723179
4723180
4723181
4723182
4723184
4723271
4723375
4723376
4723377
4723378
4723379
4723380
4723381
4723382
4723383
4723384
4723385
4723386
4723387
4723388
4723389
4723390
4723391
4723392
4723393
4723394
4723395
4723396
4723397
4723398
4723399
4723400
4723401
4723402
4723403
4723404
4723405
4723406
4723515
4723537
4723538
4723539
4723540
4723551
4723558
4723705
4723722
4723738
4723746
4723747
4723748
4723749
4723750
4723813
4723814
4723815
4723816
4723817
4723900
4723901
4723902
4723903
4723904
4723905
4723958
4723959
4723960
4723961
4724062
4724063
4724064
4724065
4724066
4724067
4724114
4724115
4724116
4724117
4724118
4724171
4724172
4724302
4724303
4724304
4724305
4724306
4724307
4724393
4724521
4724748
4724750
4724809
4724865
4724869
4724876
4724909
4724921
4724924
4724947
4724949
4724986
4724987
4725180
4725250
4725251
4725349
4726127
4726260
4726263
4726355
4726449
4726790
4726803
4726805
4726806
4726807
4726808
4726809
4726962
4726972
4726973
4726997
4726998
4727045
4727050
4727051
4727374
4727399
4727407
4727610
4727611
4727612
4727691
4727696
4727754
4727866
4728105
4728128
4728160
4728342
4728351
4728414
4728415
4728416
4728417
4728418
4728419
4728420
4728471
4728472
4728473
4728474
4728740
4728746
4728757
4728758
4728796
4728797
4728865
4728866
4729267
4729268
4729305
4729370
4729371
4729372
4729403
4729611
4729615
4729632
4729693
4729694
4729695
4729696
4730043
4730097
4730258
4730375
4730376
4730377
4730420
4730431
4730451
4730512
4730513
4730514
4730833
4730864
4730882
4730921
4731076
4731077
4731078
4731079
4731143
4731574
4731575
4731596
4731597
4731665
4731735
4731745
4731780
4731904
4731905
4731993
4731994
4732103
4732299
4732530
4732555
4732558
4733318
4733413
4733445
4733451
4733455
4733456
4733683
4733684
4733699
4733872
4734159
4734177
4734191
4734281
4734469
4734565
4734878
4735088
4735210
4735307
4735316
4735379
4735742
4735783
4735904
4735905
4735906
4735962
4735963
4735964
4735965
4736021
4736032
4736058
4736122
4736125
4736126
4736291
4736461
4736462
4736463
4736464
4736566
4736790
4737090
4737298
4737299
4737300
4737301
4737389
4737390
4737391
4737392
4737393
4737416
4737417
4737607
4737615
4737627
4737628
4737629
4737630
4737631
4737887
4737897
4737986
4738121
4738572
4738729
4738842
4739030
4739156
4739157
4739188
4739408
4739649
4739792
4739793
4739950
4739977
4740014
4740257
4740539
4740739
4740824
4741439
4741483
4741498
4741515
4741730
4741741
4741742
4741743
4741744
4741821
4741855
4741870
4742043
4742182
4742367
4742442
4742465
4742466
4742770
4742798
4742824
4742825
4742826
4742982
4743225
4743259
4743334
4743607
4743679
4744202
4744298
4744299
4744309
4744310
4744328
4744329
4744384
4744615
4744655
4744710
4744729
4744752
4744753
4744818
4744819
4744894
4744901
4745217
4745251
4745361
4745370
4745417
4745689
4745708
4745769
4745770
4745843
4745844
4745845
4745924
4745998
4745999
4746000
4746001
4746002
4746232
4746243
4746244
4746348
4746418
4746474
4746601
4746602
4747394
4747395
4747410
4747442
4747495
4747783
4747811
4747850
4747893
4748118
4748247
4748350
4748355
4748553
4748694
4748695
4748814
4748815
4748816
4748817
4748877
4749033
4749072
4749073
4749263
4749321
4749654
4749655
4749656
4749657
4749658
4749659
4749910
4749983
4749996
4749997
4749998
4749999
4750000
4750023
4750125
4750163
4750182
4750336
4750413
4750495
4750499
4750571
4750683
4750955
4750960
4750986
4750995
4751081
4751290
4751292
4751578
4751775
4751785
4751821
4752106
4752116
4752132
4752136
4752137
4752184
4752208
4752212
4752213
4752214
4752215
4752389
4752390
4752401
4752405
4752410
4752455
4752456
4752457
4753396
4753397
4753398
4753399
4753434
4753668
4753669
4753771
4753900
4753901
4753902
4753903
4753904
4754075
4754108
4754191
4754213
4754394
4754443
4754491
4754492
4754493
4754494
4754495
4754496
4754528
4754553
4754560
4754569
4754913
4754971
4754972
4754973
4754998
4755108
4755168
4755169
4755170
4755171
4755333
4755334
4755335
4755336
4755337
4755338
4755345
4755346
4755347
4755382
4755735
4755769
4755794
4755795
4755992
4756048
4756059
4756068
4756069
4756070
4756071
4756072
4756204
4756366
4756367
4756605
4756634
4756658
4756659
4756748
4756749
4756750
4756751
4756752
4756793
4756959
4756960
4756961
4756962
4756963
4756964
4757368
4757439
4757440
4757557
4757680
4757690
4757711
4757714
4757911
4757986
4757987
4758014
4758046
4758091
4758092
4758093
4758094
4758109
4758110
4758111
4758112
4758236
4758237
4758241
4758242
4758259
4758425
4758495
4758534
4758564
4758726
4758727
4758728
4758729
4758730
4758731
4758732
4758733
4758734
4758735
4758736
4758794
4758825
4758848
4758849
4758850
4758869
4758870
4758871
4758948
4758949
4759019
4759300
4759480
4759534
4759535
4759536
4759537
4759538
4759555
4759715
4759726
4759727
4759737
4759919
4759920
4759921
4759922
4759923
4760002
4760008
4760017
4760056
4760144
4760167
4760168
4760321
4760375
4760461
4760479
4760480
4760685
4760832
4760904
4760984
4760987
4760988
4761009
4761012
4761249
4761298
4761299
4761321
4761474
4762058
4762059
4762060
4762061
4762062
4762080
4762088
4762094
4762169
4762176
4762185
4762186
4762187
4762188
4762267
4762268
4762269
4762270
4762271
4762272
4762273
4762274
4762275
4762276
4762277
4762278
4762279
4762280
4762282
4762283
4762284
4762285
4762286
4762287
4762288
4762289
4762290
4762292
4762374
4762377
4762407
4762534
4762535
4762683
4762695
4762696
4762745
4762789
4762966
4763025
4763026
4763092
4763096
4763289
4763418
4763424
4763547
4763548
4763549
4763550
4763551
4763600
4763668
4763857
4764038
4764050
4764051
4764086
4764210
4764211
4764227
4764228
4764861
4764903
4764957
4765030
4765046
4765195
4765222
4765226
4765310
4765449
4765450
4765451
4765476
4765571
4765584
4765621
4765713
4765714
4765761
4765784
4765796
4765797
4765798
4765799
4765918
4765939
4765967
4766038
4766039
4766040
4766057
4766058
4766079
4766178
4766406
4766407
4766408
4766409
4766410
4766411
4766419
4766626
4766627
4766629
4766789
4767233
4767309
4767454
4767455
4767456
4767457
4767458
4767477
4767504
4767505
4767507
4767763
4767786
4767808
4767810
4767911
4767914
4768051
4768227
4768760
4768769
4768798
4768799
4768800
4768801
4768802
4768873
4768933
4769190
4769288
4769552
4769626
4769669
4769683
4769685
4769688
4769698
4769703
4769736
4769859
4769860
4770359
4770574
4770575
4770818
4770994
4771022
4771121
4771171
4771211
4771221
4771304
4771399
4771446
4771471
4771527
4771563
4771644
4771681
4771759
4771815
4771908
4771932
4771933
4771939
4771947
4771986
4772028
4772033
4772131
4772143
4772146
4772268
4772269
4772270
4772271
4772272
4772273
4772382
4772383
4772384
4772430
4772522
4772678
4772779
4772780
4772781
4772782
4772783
4772784
4772830
4772991
4773360
4773470
4774005
4774236
4774312
4774313
4774314
4774315
4774316
4774335
4774495
4774882
4775009
4775055
4775072
4775095
4775098
4775198
4775199
4775200
4775201
4775202
4775203
4775204
4775205
4775227
4775247
4775518
4775573
4775574
4775860
4775868
4775938
4776021
4776060
4776065
4776134
4776135
4776138
4776174
4776175
4776176
4776177
4776186
4776208
4776253
4776335
4776406
4776407
4776975
4776996
4777075
4777089
4777115
4777126
4777154
4777156
4777157
4777158
4777159
4777160
4777169
4777184
4777347
4777765
4777766
4777767
4777768
4777896
4777921
4777975
4777997
4778006
4778007
4778052
4778078
4778079
4778080
4778081
4778082
4778103
4778104
4778105
4778106
4778107
4778108
4778109
4778110
4778111
4778112
4778113
4778114
4778115
4778116
4778117
4778248
4778249
4778250
4778427
4778528
4778551
4778652
4778653
4778706
4778853
4778944
4778994
4778995
4778996
4778997
4778998
4778999
4779000
4779408
4779409
4779489
4779642
4779650
4779651
4779652
4779806
4779807
4779808
4779919
4780056
4780057
4780066
4780166
4780256
4780337
4780338
4780339
4780340
4780341
4780373
4780506
4780831
4780963
4781092
4781380
4781410
4781474
4781514
4781515
4781538
4781539
4781711
4781985
4782458
4782462
4782512
4782513
4782514
4782515
4782516
4782517
4782518
4782519
4782603
4782604
4782655
4782827
4782961
4783102
4783103
4783104
4783105
4783106
4783107
4783108
4783109
4783216
4783257
4783347
4783367
4783483
4783486
4783487
4783528
4783651
4783686
4783707
4783708
4783709
4783710
4783711
4783712
4783713
4783753
4783841
4783842
4783843
4783844
4783846
4783848
4783850
4783989
4784021
4784022
4784023
4784024
4784025
4784080
4784139
4784299
4784482
4784548
4784590
4784642
4784644
4784991
4784992
4784993
4785087
4785088
4785089
4785090
4785091
4785206
4785328
4785396
4785397
4785398
4785399
4785400
4785401
4785402
4785403
4785404
4785405
4785406
4785407
4785408
4785409
4785410
4785411
4785412
4785413
4785414
4785625
4785626
4785676
4785744
4785788
4785817
4785818
4785868
4785869
4785870
4785871
4785872
4785873
4785874
4785875
4785876
4785877
4785939
4785940
4785953
4785954
4785967
4785968
4785970
4785971
4785996
4786034
4786035
4786036
4786219
4786235
4786311
4786572
4786910
4786980
4787099
4787105
4787145
4787251
4787252
4787253
4787254
4787255
4787441
4787484
4787485
4787491
4787492
4787831
4787837
4788241
4788529
4788588
4788589
4788766
4789000
4789150
4789151
4789220
4789293
4789357
4789540
4789911
4790260
4790335
4790336
4790339
4790451
4790695
4790720
4790721
4790739
4790938
4790940
4791045
4791108
4791162
4791204
4791237
4791247
4791248
4791249
4791250
4791266
4791270
4791401
4791403
4791404
4791491
4791605
4791612
4791646
4791720
4791722
4791811
4791825
4791826
4791878
4791914
4791915
4791921
4792013
4792014
4792330
4792355
4792458
4792584
4792591
4792696
4792697
4792776
4792873
4793036
4793103
4793132
4793430
4793431
4793432
4793433
4793434
4793542
4793544
4793629
4793648
4793816
4794140
4794238
4794239
4794241
4794272
4794277
4794278
4794279
4794280
4794281
4794282
4794296
4794326
4794400
4794410
4794416
4794427
4794428
4794429
4794431
4794518
4794519
4794520
4794521
4794522
4794523
4794721
4794722
4794772
4794799
4794813
4794928
4794930
4794944
4794976
4794977
4795267
4795401
4795429
4795430
4795437
4795488
4795491
4795494
4795495
4795525
4795631
4795644
4795645
4795646
4795647
4795648
4795649
4795650
4795651
4795652
4795653
4795770
4795771
4795772
4795773
4795774
4795863
4795944
4795945
4795995
4796007
4796020
4796032
4796184
4796209
4796263
4796375
4796380
4796392
4796534
4796584
4796755
4796756
4796757
4796758
4796759
4796760
4796761
4796762
4796768
4796783
4797172
4797195
4797315
4797342
4797387
4797418
4797419
4797630
4797631
4797632
4797633
4797817
4797838
4797880
4797881
4797882
4797932
4798066
4798204
4798296
4798301
4798302
4798322
4798351
4798476
4798554
4798763
4798802
4799069
4799103
4799129
4799342
4799371
4799372
4799373
4799792
4799793
4800049
4800248
4800412
4800498
4800509
4800843
4800844
4801020
4801034
4801040
4801044
4801049
4801133
4801179
4801528
4801542
4801622
4801676
4801906
4801969
4802011
4802413
4802506
4802524
4802894
4802902
4802994
4803039
4803100
4803222
4803814
4803840
4803942
4804010
4804323
4804329
4804330
4804351
4804352
4804368
4804370
4804389
4804439
4804440
4804441
4804442
4804443
4804559
4804598
4804599
4804600
4804601
4804602
4804603
4804608
4804625
4804703
4804706
4804707
4804708
4804746
4804747
4804826
4804953
4805055
4805147
4805148
4805149
4805166
4805183
4805184
4805185
4805186
4805187
4805332
4805388
4805694
4805702
4805717
4805741
4805863
4806028
4806181
4806610
4806651
4806706
4806791
4807070
4807071
4807072
4807253
4807467
4807468
4807664
4807665
4807666
4807667
4807668
4808130
4808131
4808132
4808142
4808176
4808322
4808545
4808567
4808568
4808732
4808905
4809205
4809344
4809402
4809510
4809574
4809611
4809622
4809625
4809626
4809756
4810190
4810197
4810225
4810293
4810305
4810311
4810312
4810313
4810314
4810627
4810695
4810734
4810790
4810791
4810792
4810793
4810794
4810795
4810887
4810916
4811058
4811202
4811330
4811464
4811866
4811885
4811935
4812048
4812073
4812108
4812109
4812143
4812346
4812411
4812470
4812494
4812495
4812552
4812553
4812554
4812587
4812588
4812589
4812594
4812644
4812683
4812710
4812825
4812862
4812989
4813049
4813066
4813067
4813090
4813104
4813225
4813233
4813307
4813342
4813366
4813438
4813439
4813488
4813489
4813599
4813900
4813924
4814021
4814072
4814073
4814074
4814095
4814341
4814342
4814414
4814524
4814525
4814562
4814859
4814860
4814861
4814862
4814863
4814880
4814987
4815013
4815021
4815375
4815399
4815684
4815736
4815737
4815739
4815798
4815932
4816185
4816186
4816187
4816239
4816240
4816277
4816355
4816426
4816543
4816571
4816674
4816804
4816910
4817108
4817290
4817318
4817383
4817425
4817426
4817427
4817466
4817518
4817622
4817847
4817871
4817872
4817957
4818067
4818179
4818221
4818365
4818386
4818387
4818388
4818389
4818400
4818602
4818603
4818634
4818640
4818663
4818752
4819186
4819188
4819191
4819254
4819343
4819350
4819392
4819407
4819437
4819470
4819489
4819628
4819854
4819983
4819987
4820036
4820048
4820110
4820111
4820112
4820113
4820166
4820168
4820552
4820591
4821293
4821294
4821295
4821296
4821304
4821404
4821424
4821469
4821559
4821575
4821625
4821648
4821649
4821685
4821947
4821948
4822133
4822217
4822310
4822400
4822449
4822475
4822571
4822585
4822601
4822727
4822829
4822997
4822998
4822999
4823000
4823001
4823107
4823157
4823222
4823226
4823228
4823229
4823337
4823474
4823527
4823548
4823625
4823903
4823904
4824085
4824086
4824142
4824143
4824223
4824272
4824282
4824283
4824284
4824285
4824286
4824287
4824288
4824368
4824821
4824822
4824901
4825047
4825157
4825169
4825170
4825237
4825264
4825397
4825398
4825399
4825410
4825411
4825473
4825561
4825565
4825881
4825900
4825901
4825985
4826308
4826727
4826779
4826799
4826820
4826833
4826935
4827011
4827012
4827076
4827099
4827320
4827338
4827435
4827551
4827855
4828108
4828122
4828211
4828212
4828225
4828546
4828547
4828548
4828550
4828602
4828807
4828850
4828851
4828941
4828994
4829176
4829343
4829389
4829390
4829436
4829545
4829629
4829644
4829743
4829875
4830402
4830436
4830549
4830581
4830736
4830795
4830796
4830852
4830879
4831033
4831094
4831138
4831193
4831194
4831195
4831263
4831264
4831282
4831283
4831300
4831301
4831332
4831360
4831441
4831452
4831453
4831554
4831611
4831626
4831701
4831791
4831793
4831812
4832026
4832065
4832066
4832173
4832250
4832369
4832683
4833007
4833023
4833094
4833435
4833455
4833456
4833478
4833599
4833619
4833713
4833755
4833756
4833843
4833844
4833891
4833915
4833975
4833976
4833977
4833978
4834041
4834043
4834054
4834135
4834136
4834190
4834271
4834352
4834401
4834402
4834403
4834404
4834405
4834517
4834849
4834914
4834915
4834916
4834917
4834918
4834919
4835101
4835207
4835249
4835258
4835471
4835479
4835506
4835507
4835549
4835593
4835608
4835624
4835683
4835902
4835930
4836103
4836225
4836243
4836266
4836384
4836392
4836402
4836403
4836404
4836516
4836620
4836625
4836631
4836740
4836842
4836843
4836958
4837020
4837065
4837116
4837175
4837201
4837330
4837351
4837352
4837373
4837547
4837573
4837605
4837662
4837677
4837780
4837852
4837934
4837997
4837998
4837999
4838000
4838041
4838043
4838050
4838217
4838218
4838612
4838686
4838803
4838832
4839013
4839106
4839128
4839152
4839165
4839234
4839257
4839341
4839347
4839359
4839389
4839413
4839535
4839574
4839684
4839685
4839686
4839765
4839767
4839768
4839808
4839809
4839816
4839821
4839829
4839832
4840014
4840015
4840016
4840017
4840034
4840071
4840188
4840191
4840210
4840222
4840263
4840420
4840423
4840472
4840473
4840518
4840545
4840556
4840557
4840558
4840663
4840674
4840874
4840990
4841072
4841099
4841106
4841107
4841183
4841233
4841234
4841339
4841393
4841483
4841504
4841695
4841696
4841761
4841792
4841793
4841799
4841843
4841844
4842082
4842091
4842092
4842095
4842164
4842167
4842299
4842300
4842301
4842302
4842332
4842459
4842520
4842615
4842677
4842986
4843027
4843038
4843053
4843326
4843673
4843724
4843792
4843793
4843799
4843905
4843982
4843983
4843984
4843985
4843986
4843987
4843989
4843990
4844086
4844087
4844088
4844126
4844196
4844207
4844310
4844403
4844605
4844632
4844640
4844641
4844708
4844856
4845207
4845231
4845516
4845524
4846259
4846263
4846283
4846397
4846477
4846499
4846500
4846508
4846718
4846752
4846818
4846849
4846884
4846926
4847020
4847034
4847084
4847185
4847442
4847530
4847661
4847662
4847663
4847664
4847665
4847666
4847667
4847668
4847669
4847670
4847690
4847697
4847701
4847824
4847829
4847914
4848025
4848079
4848123
4848156
4848162
4848177
4848261
4848266
4848267
4848297
4848303
4848656
4848660
4848666
4848667
4848734
4848779
4848960
4849004
4849042
4849059
4849065
4849102
4849186
4849231
4849232
4849261
4849366
4849367
4849368
4849369
4849395
4849470
4849837
4849952
4849953
4850146
4850147
4850148
4850149
4850377
4850415
4850428
4850486
4850546
4850734
4850778
4850784
4850785
4850786
4850787
4850788
4850827
4850931
4850975
4851028
4851043
4851148
4851348
4851469
4851474
4851475
4851476
4851477
4851541
4851629
4851684
4851691
4851870
4851964
4851965
4851966
4852302
4852373
4852374
4852514
4852515
4852517
4852518
4852561
4852562
4852563
4852725
4852787
4852789
4852802
4852910
4852928
4853059
4853064
4853066
4853164
4853166
4853203
4853304
4853305
4853620
4853732
4853735
4853745
4854003
4854004
4854005
4854006
4854007
4854008
4854009
4854026
4854311
4854317
4854432
4854530
4854633
4854744
4854833
4855242
4855477
4855496
4855689
4855817
4855818
4855821
4855822
4855826
4855827
4855828
4855829
4855830
4855831
4855832
4855833
4855834
4855835
4855836
4855837
4855838
4855848
4855939
4856017
4856171
4856172
4856235
4856545
4856587
4856687
4856713
4856740
4856840
4856972
4856993
4857210
4857255
4857256
4857276
4857398
4857399
4857400
4857402
4857459
4857460
4857528
4857576
4857578
4857579
4857608
4857609
4857610
4857611
4857612
4857613
4857614
4857616
4857617
4857618
4857619
4857620
4857813
4857895
4857896
4857897
4857898
4857899
4857961
4857972
4858028
4858038
4858195
4858196
4858197
4858198
4858260
4858282
4858283
4858386
4858590
4858591
4858592
4858593
4858594
4858595
4858624
4858625
4858626
4858627
4858628
4858698
4858699
4858700
4858701
4858778
4858830
4858983
4858994
4858995
4858996
4858997
4859076
4859110
4859405
4859447
4859614
4859656
4859784
4859785
4859964
4860095
4860116
4860465
4860551
4860556
4860649
4860766
4860882
4860889
4860981
4860991
4861046
4861051
4861299
4861300
4861424
4861471
4861472
4861552
4861746
4861750
4861783
4861945
4862084
4862104
4862106
4862107
4862108
4862230
4862231
4862232
4862233
4862234
4862235
4862236
4862239
4862283
4862336
4862345
4862346
4862539
4862547
4862552
4862580
4862590
4862603
4862637
4862643
4862648
4862650
4862871
4863000
4863202
4863203
4863204
4863206
4863207
4863208
4863209
4863240
4863441
4863442
4863513
4863566
4863567
4863603
4863637
4863719
4863831
4863890
4863996
4863998
4864006
4864007
4864065
4864080
4864099
4864103
4864109
4864229
4864281
4864282
4864285
4864341
4864352
4864353
4864354
4864355
4864356
4864357
4864358
4864359
4864360
4864361
4864362
4864363
4864364
4864378
4864427
4864435
4864460
4864482
4864533
4864581
4864598
4864947
4864966
4865066
4865089
4865227
4865228
4865229
4865230
4865285
4865354
4865509
4865513
4865556
4865710
4865831
4865832
4865837
4865876
4865933
4865980
4865981
4865982
4866167
4866175
4866176
4866177
4866194
4866218
4866221
4866222
4866223
4866312
4866363
4866364
4866365
4866366
4866367
4866442
4866447
4866462
4866463
4866464
4866474
4866476
4866491
4866698
4866801
4866889
4866904
4866916
4866922
4867118
4867186
4867292
4867311
4867450
4867506
4867529
4867530
4867531
4867536
4867542
4867543
4867544
4867588
4867598
4867604
4867667
4867754
4867841
4867862
4867863
4867865
4867866
4867881
4867901
4867936
4868014
4868015
4868016
4868275
4868278
4868281
4868356
4868503
4868594
4868658
4868672
4868682
4868701
4868702
4868703
4868704
4868725
4868783
4868968
4868994
4869007
4869083
4869084
4869085
4869086
4869102
4869108
4869109
4869194
4869207
4869221
4869269
4869270
4869298
4869299
4869301
4869343
4869346
4869354
4869399
4869409
4869410
4869411
4869412
4869413
4869414
4869415
4869490
4869621
4869707
4869715
4869857
4869901
4869918
4870082
4870083
4870084
4870085
4870086
4870094
4870116
4870142
4870156
4870307
4870399
4870400
4870401
4870537
4870577
4870668
4870736
4870750
4870829
4870830
4870831
4870832
4870922
4870923
4870967
4871132
4871190
4871241
4871247
4871645
4871674
4871682
4871683
4871684
4871685
4871686
4871687
4871688
4871746
4871754
4871845
4871863
4871983
4872132
4872312
4872316
4872621
4872640
4872641
4872642
4872643
4872644
4872645
4872646
4872688
4872746
4872747
4872766
4872768
4872790
4872852
4872888
4872924
4873061
4873062
4873063
4873064
4873065
4873066
4873067
4873068
4873069
4873070
4873071
4873072
4873073
4873074
4873075
4873141
4873143
4873509
4873607
4873746
4873747
4873748
4873749
4873750
4873751
4873835
4873927
4873928
4873935
4873953
4873954
4873955
4873956
4873957
4873958
4873959
4873960
4873961
4873962
4874063
4874107
4874108
4874109
4874110
4874111
4874112
4874117
4874151
4874240
4874241
4874272
4874284
4874297
4874327
4874339
4874355
4874364
4874473
4874721
4874887
4874888
4874929
4874930
4874931
4874932
4874933
4874934
4874935
4874936
4874937
4874938
4875068
4875116
4875136
4875166
4875182
4875213
4875292
4875412
4875416
4875493
4875500
4875510
4875522
4875525
4875601
4875604
4875605
4875606
4875627
4875678
4875705
4875752
4875820
4875884
4875890
4875929
4875955
4875981
4876037
4876127
4876317
4876364
4876497
4876550
4876592
4876672
4876673
4876674
4876675
4876676
4876677
4876919
4876920
4876921
4876930
4876931
4877246
4877316
4877373
4877481
4877564
4877619
4877843
4877885
4878016
4878430
4878431
4878432
4878825
4878851
4878852
4878886
4878949
4878950
4879074
4879302
4879394
4879395
4879841
4880186
4880188
4880284
4880388
4880632
4880787
4880788
4880789
4880790
4880791
4880792
4880907
4881107
4881165
4881328
4881352
4881573
4881687
4881723
4881728
4881839
4881915
4881916
4881917
4881918
4881919
4881920
4881921
4881922
4881923
4881924
4881925
4881926
4881927
4881928
4881929
4881948
4881957
4881959
4881960
4881965
4881967
4881997
4882043
4882621
4882642
4882662
4882663
4882664
4882665
4882666
4882768
4882979
4883158
4883166
4883201
4883356
4883357
4883358
4883453
4883462
4883552
4883672
4883673
4883674
4883675
4883676
4883677
4883679
4883687
4883688
4883745
4883749
4883760
4883762
4883783
4883841
4883851
4883888
4883889
4883914
4884138
4884150
4884246
4884253
4884286
4884294
4884312
4884415
4884445
4884484
4884532
4884577
4884682
4884699
4884700
4884732
4884733
4884734
4884844
4884845
4884846
4884873
4884874
4884881
4884959
4885090
4885140
4885293
4885294
4885295
4885370
4885393
4885520
4885708
4885715
4885741
4885745
4885817
4885850
4885896
4885989
4886006
4886153
4886220
4886262
4886266
4886267
4886268
4886269
4886270
4886271
4886289
4886380
4886466
4886467
4886468
4886469
4886470
4886471
4886472
4886473
4886474
4886475
4886476
4886573
4886589
4886679
4886794
4886865
4886923
4886960
4887000
4887064
4887071
4887202
4887203
4887204
4887275
4887353
4887563
4887625
4887639
4887688
4887692
4887761
4887817
4887891
4888056
4888222
4888444
4888481
4888540
4888764
4888777
4888830
4888859
4888927
4888928
4888991
4888992
4888993
4889056
4889080
4889089
4889134
4889139
4889161
4889167
4889196
4889413
4889508
4889618
4889687
4889901
4889905
4890269
4890554
4890555
4890556
4890644
4890645
4890646
4890647
4890648
4890649
4890650
4890651
4890652
4890653
4890654
4890655
4890656
4890657
4890658
4890659
4890660
4890669
4890733
4890793
4890794
4890795
4890910
4890911
4890912
4890913
4890914
4891482
4891483
4891484
4891485
4891486
4891660
4891726
4891764
4891930
4891969
4891993
4892115
4892116
4892117
4892119
4892120
4892121
4892122
4892194
4892275
4892276
4892277
4892290
4892291
4892292
4892314
4892315
4892316
4892317
4892318
4892368
4892572
4892573
4892645
4892674
4893209
4893210
4893212
4893213
4893351
4893427
4893452
4893453
4893547
4893611
4893612
4893628
4893704
4893724
4893780
4893988
4894001
4894002
4894003
4894004
4894005
4894007
4894010
4894068
4894090
4894093
4894179
4894323
4894324
4894572
4894620
4894727
4894777
4895024
4895027
4895178
4895179
4895180
4895181
4895182
4895183
4895256
4895257
4895258
4895339
4895520
4895727
4895728
4895729
4895761
4895811
4895906
4895970
4896042
4896053
4896057
4896082
4896083
4896184
4896215
4896216
4896246
4896266
4896267
4896270
4896323
4896345
4896346
4896354
4896379
4896381
4896590
4896689
4896865
4896866
4896867
4896868
4896869
4896870
4896871
4896872
4896923
4896999
4897000
4897001
4897089
4897555
4897588
4897589
4897714
4897740
4897902
4897978
4898008
4898085
4898104
4898204
4898359
4898608
4898862
4898892
4898936
4898949
4899113
4899217
4899268
4899269
4899270
4899271
4899272
4899300
4899325
4899571
4899572
4899573
4899575
4899576
4899577
4899578
4899580
4899581
4899582
4899598
4899724
4899725
4899755
4899760
4899986
4900123
4900124
4900125
4900164
4900242
4900284
4900321
4900323
4900463
4900464
4900465
4900527
4900539
4900540
4900675
4900953
4901234
4901380
4901752
4901952
4901955
4901956
4901957
4901964
4902085
4902088
4902117
4902118
4902119
4902120
4902121
4902122
4902123
4902241
4902520
4902600
4902601
4902602
4902603
4902604
4902679
4902683
4902719
4902723
4902730
4902774
4902852
4902983
4903214
4903727
4903748
4903781
4903797
4903798
4903806
4904114
4904139
4904326
4904405
4904540
4904656
4904945
4904946
4905023
4905088
4905128
4905180
4905181
4905182
4905276
4905552
4905596
4905597
4905598
4905645
4905646
4905829
4905926
4905934
4906012
4906060
4906076
4906114
4906145
4906146
4906147
4906149
4906150
4906152
4906153
4906158
4906159
4906160
4906564
4906635
4906648
4906763
4906971
4906972
4906973
4906979
4906980
4907062
4907063
4907064
4907304
4907477
4907478
4907697
4907699
4907755
4907901
4907902
4908065
4908066
4908087
4908207
4908289
4908309
4908310
4908311
4908312
4908313
4908374
4908443
4908444
4908445
4908446
4908447
4908448
4908449
4908548
4908603
4908612
4908668
4908669
4908781
4908893
4908939
4909028
4909047
4909048
4909049
4909158
4909419
4909596
4909683
4909742
4909829
4909830
4909832
4909837
4909943
4910198
4910214
4910322
4910373
4910435
4911312
4911444
4911445
4911446
4911447
4911448
4911524
4911584
4911766
4911767
4911794
4911819
4911820
4911832
4912063
4912064
4912065
4912066
4912068
4912069
4912070
4912074
4912075
4912076
4912077
4912078
4912091
4912097
4912098
4912099
4912204
4912227
4912285
4912299
4912300
4912301
4912302
4912303
4912354
4912391
4912412
4912465
4912491
4912563
4912568
4912830
4912977
4913037
4913309
4913339
4913344
4913415
4913479
4913510
4913541
4913599
4913633
4913709
4913723
4913782
4913798
4913822
4913880
4913881
4913882
4913883
4913890
4913905
4913996
4914046
4914129
4914218
4914219
4914220
4914221
4914222
4914223
4914273
4914274
4914275
4914276
4914277
4914436
4914437
4914636
4914702
4914712
4914713
4914714
4914715
4914877
4914878
4914939
4915016
4915115
4915116
4915234
4915236
4915256
4915278
4915289
4915528
4915529
4915609
4915694
4915695
4915696
4915743
4915744
4915745
4915746
4915747
4915782
4915802
4915815
4915895
4915939
4916045
4916081
4916114
4916218
4916399
4916407
4916443
4916465
4916484
4916498
4916528
4916558
4916761
4916932
4916963
4917015
4917065
4917159
4917160
4917161
4917162
4917232
4917244
4917432
4917644
4917645
4917646
4917671
4917767
4917768
4917773
4917774
4917798
4917852
4917895
4917898
4917899
4917931
4918142
4918143
4918144
4918183
4918185
4918343
4918371
4918386
4918572
4918643
4918832
4918917
4918964
4918975
4919028
4919113
4919143
4919168
4919452
4919463
4919511
4919521
4919522
4919541
4919586
4919688
4919773
4919802
4919803
4919915
4920005
4920194
4920282
4920667
4920716
4920809
4920969
4921098
4921100
4921155
4921199
4921260
4921261
4921262
4921281
4921409
4921479
4921632
4921638
4921779
4921938
4921939
4922067
4922139
4922196
4922197
4922198
4922199
4922201
4922248
4922317
4922439
4922440
4922441
4922442
4922452
4922470
4922503
4922547
4922556
4922629
4922800
4922820
4922821
4922855
4922909
4922927
4922929
4923094
4923121
4923191
4923200
4923263
4923426
4923429
4923430
4923431
4923432
4923433
4923522
4923660
4923680
4923681
4923682
4923683
4923775
4923969
4923980
4924122
4924181
4924235
4924267
4924301
4924411
4924442
4924452
4924546
4924563
4924785
4924796
4924798
4924802
4924873
4924888
4924889
4924949
4924981
4925156
4925157
4925296
4925357
4925358
4925418
4925423
4925553
4925563
4925592
4925605
4925777
4926092
4926324
4926325
4926326
4926327
4926328
4926329
4926359
4926360
4926361
4926362
4926494
4926526
4926538
4926547
4926580
4926581
4926582
4926587
4926695
4926696
4926697
4926698
4926771
4926776
4926960
4927338
4927416
4927502
4927515
4927516
4927517
4927518
4927519
4927922
4927976
4928045
4928049
4928191
4928251
4928267
4928288
4928334
4928493
4928497
4928498
4928499
4928500
4928547
4928555
4928635
4928639
4928640
4928676
4928729
4928980
4928989
4929039
4929194
4929458
4929459
4929605
4929640
4929709
4929797
4929818
4929898
4929899
4929909
4929944
4930120
4930580
4930848
4931159
4931247
4931309
4931369
4931403
4931457
4931503
4931725
4931910
4931945
4931946
4931947
4931948
4931949
4932126
4932143
4932197
4932404
4932483
4932484
4932485
4932567
4932966
4933299
4933342
4933343
4933387
4933491
4933495
4933777
4933823
4933841
4933876
4933962
4934105
4934198
4934415
4934419
4934424
4934425
4934428
4934429
4934733
4934766
4934871
4934872
4934911
4935071
4935140
4935154
4935164
4935165
4935444
4935445
4935467
4935479
4935650
4935701
4935785
4935926
4935928
4935985
4936004
4936005
4936006
4936139
4936183
4936184
4936253
4936320
4936367
4936479
4936536
4936646
4936648
4936677
4936887
4936888
4936954
4937446
4937613
4937756
4937757
4937758
4937759
4937892
4937984
4938007
4938114
4938265
4938266
4938429
4938474
4938721
4938722
4938723
4938724
4938725
4938726
4938804
4938890
4938891
4938907
4938908
4938909
4939309
4939369
4939437
4939641
4939642
4939643
4939688
4939712
4939772
4939784
4939786
4939796
4939853
4939878
4939895
4939896
4939897
4940049
4940229
4940324
4940411
4940552
4940569
4940570
4940571
4940572
4940573
4940574
4940575
4940576
4940586
4940637
4940647
4940758
4940759
4940760
4940761
4940762
4940998
4940999
4941068
4941220
4941335
4941367
4941368
4941574
4941638
4941650
4941659
4941706
4941950
4941975
4941976
4942001
4942111
4942177
4942178
4942179
4942186
4942238
4942247
4942266
4942302
4942323
4942648
4942694
4942720
4942833
4942873
4942897
4942898
4942899
4942900
4942907
4942931
4943062
4943159
4943204
4943245
4943275
4943353
4943355
4943367
4943497
4943521
4943522
4943528
4943534
4943538
4943539
4943540
4943541
4943649
4943733
4943734
4943735
4943743
4943831
4943858
4943975
4944199
4944272
4944349
4944509
4944607
4944610
4944611
4944687
4944783
4944784
4944853
4944912
4945018
4945019
4945020
4945021
4945022
4945023
4945024
4945025
4945026
4945119
4945128
4945342
4945411
4945484
4945638
4945719
4945917
4945928
4945934
4945946
4946012
4946015
4946023
4946052
4946098
4946106
4946140
4946198
4946201
4946251
4946563
4946594
4946595
4946596
4946597
4946598
4946600
4946601
4946602
4946604
4946605
4946606
4946607
4946608
4946609
4946610
4946611
4946618
4946645
4946656
4946678
4947017
4947108
4947289
4947471
4947546
4947599
4947606
4948192
4948272
4948448
4948529
4948530
4948538
4948539
4948540
4948541
4948542
4948543
4948544
4948551
4948763
4948780
4948835
4948851
4948852
4948853
4948854
4948945
4949040
4949048
4949241
4949242
4949332
4949466
4949529
4949811
4949838
4949839
4949868
4949952
4950076
4950077
4950190
4950191
4950681
4950682
4950888
4951099
4951120
4951267
4951285
4951286
4951288
4951289
4951545
4951662
4951687
4951688
4951704
4951825
4951826
4951827
4951828
4951829
4951830
4951831
4951949
4951955
4951997
4952017
4952167
4952280
4952288
4952422
4952560
4952585
4952633
4952763
4952764
4952874
4952893
4952937
4952948
4952968
4953009
4953099
4953207
4953303
4953323
4953389
4953437
4953438
4953477
4953564
4953583
4953668
4953669
4953761
4953893
4954070
4954075
4954217
4954218
4954219
4954220
4954221
4954222
4954223
4954224
4954225
4954226
4954257
4954364
4954370
4954371
4954378
4954513
4954574
4954575
4954576
4954577
4954578
4954579
4954580
4954581
4954582
4954583
4954584
4954585
4954586
4954587
4954588
4954589
4954599
4955102
4955287
4955370
4955383
4955406
4955607
4955810
4956381
4956477
4956481
4956711
4956926
4956931
4956932
4956933
4956934
4956999
4957000
4957001
4957023
4957833
4957874
4957875
4957876
4957877
4957878
4957879
4957880
4957881
4957972
4957982
4957983
4958310
4958311
4958344
4958346
4958431
4958432
4958433
4958434
4958444
4958445
4958446
4958651
4958652
4958653
4958654
4958655
4958656
4958657
4958722
4958757
4958803
4958916
4958931
4958932
4958933
4958934
4958935
4958936
4958937
4958938
4959005
4959038
4959039
4959040
4959041
4959042
4959233
4959281
4959296
4959297
4959440
4959460
4959504
4959798
4959949
4960139
4960366
4960569
4960617
4960850
4960923
4961203
4961211
4961219
4961516
4961517
4961518
4961519
4961642
4961922
4961923
4961959
4961960
4962008
4962170
4962179
4962244
4962246
4962248
4962289
4962848
4962893
4963005
4963006
4963047
4963318
4963319
4963321
4963322
4963327
4963337
4964017
4964047
4964159
4964201
4964243
4964279
4964285
4964286
4964287
4964288
4964289
4964317
4964694
4964848
4964960
4964991
4965102
4965106
4965108
4965335
4965336
4965337
4965504
4965528
4965538
4965592
4965661
4965750
4966061
4966104
4966292
4966353
4966450
4966532
4966537
4966557
4966558
4966559
4966701
4966763
4966774
4966899
4967181
4967191
4967546
4967596
4967725
4967792
4967898
4967997
4968015
4968122
4968160
4968227
4968228
4968691
4969011
4969096
4969165
4969223
4969278
4969377
4969378
4969379
4969380
4969381
4969382
4969383
4969459
4969484
4969558
4969607
4969718
4969892
4969936
4969999
4970391
4970417
4970422
4970474
4970654
4970769
4970838
4970902
4971106
4971107
4971108
4971111
4971125
4971126
4971127
4971128
4971129
4971153
4971215
4971216
4971262
4971263
4971264
4971265
4971266
4971353
4971354
4971355
4971356
4971357
4971358
4971359
4971360
4971361
4971362
4971363
4971364
4971365
4971366
4971367
4971460
4971461
4971479
4971485
4971494
4971496
4971497
4971612
4971630
4971873
4971975
4972083
4972217
4972315
4972334
4972340
4972436
4972505
4972591
4972619
4972650
4972717
4972796
4972903
4972961
4973010
4973191
4973217
4973229
4973230
4973243
4973319
4973331
4973391
4973567
4973568
4973570
4973571
4973572
4973573
4973597
4973605
4973666
4973902
4973903
4973904
4973925
4974220
4974392
4974548
4974594
4974809
4974810
4974853
4974854
4974858
4974896
4974897
4974898
4974900
4974902
4975129
4975161
4975162
4975176
4975180
4975190
4975303
4975305
4975365
4975410
4975411
4975412
4975413
4975570
4975664
4975891
4975892
4975893
4975894
4975943
4975944
4975945
4975946
4975947
4975980
4976023
4976024
4976043
4976044
4976105
4976305
4976467
4976503
4976586
4976648
4976649
4976740
4976843
4977050
4977166
4977172
4977181
4977182
4977183
4977270
4977544
4977585
4977618
4977624
4977658
4977659
4977743
4977880
4977881
4977895
4977907
4977917
4978042
4978077
4978078
4978111
4978112
4978114
4978115
4978116
4978117
4978326
4978413
4978414
4978415
4978416
4978417
4978418
4978419
4978420
4978421
4978422
4978423
4978424
4978425
4978426
4978427
4978428
4978429
4978430
4978432
4978433
4978434
4978435
4978436
4978437
4978438
4978439
4978440
4978441
4978442
4978458
4978459
4978460
4978461
4978462
4978463
4978464
4978478
4978577
4978711
4978739
4978918
4978969
4979082
4979136
4979260
4979261
4979826
4980060
4980084
4980107
4980273
4980322
4980366
4980434
4980435
4980436
4980437
4980438
4980484
4980566
4980647
4980700
4980791
4980793
4980794
4980831
4980846
4981089
4981092
4981174
4981257
4981286
4981492
4981512
4981646
4981654
4981697
4981770
4981799
4981997
4982101
4982102
4982103
4982104
4982105
4982165
4982236
4982243
4982263
4982315
4982334
4982413
4982423
4982424
4982426
4982427
4982515
4982521
4982522
4982553
4982631
4982816
4982819
4982853
4982871
4982983
4983015
4983025
4983056
4983078
4983158
4983194
4983226
4983294
4983335
4983441
4983568
4983632
4983732
4983745
4983826
4983827
4983828
4983829
4983830
4983831
4983836
4984020
4984025
4984026
4984027
4984028
4984140
4984224
4984250
4984368
4984417
4984418
4984419
4984420
4984421
4984501
4984810
4985024
4985025
4985106
4985347
4985348
4985474
4985480
4985481
4985482
4985483
4985484
4985500
4985501
4985502
4985503
4985504
4985551
4985602
4985605
4985696
4985750
4985790
4986022
4986023
4986024
4986114
4986214
4986261
4986262
4986289
4986389
4986421
4986446
4986476
4986480
4986835
4986849
4986850
4986882
4986883
4986884
4987035
4987048
4987113
4987114
4987162
4987163
4987205
4987264
4987405
4987561
4987564
4987583
4987599
4987637
4987680
4987815
4987892
4988078
4988455
4988547
4988549
4988550
4988551
4988552
4988553
4988554
4988612
4988702
4988987
4989226
4989346
4989358
4989360
4989459
4989504
4989538
4989569
4989570
4989571
4989572
4989649
4989723
4990104
4990362
4990448
4990491
4990671
4990803
4990862
4990863
4990864
4990865
4990866
4990867
4990868
4990869
4990885
4990976
4990978
4990979
4990985
4990986
4991007
4991171
4991172
4991173
4991186
4991239
4991240
4991694
4991747
4991872
4991878
4991919
4991986
4991987
4991988
4992077
4992092
4992246
4992420
4992430
4992579
4992644
4992814
4992920
4993137
4993168
4993169
4993231
4993237
4993242
4993326
4993447
4993526
4993527
4993575
4993785
4994042
4994048
4994065
4994077
4994123
4994138
4994175
4994239
4994298
4994302
4994311
4994397
4994500
4994505
4994506
4994562
4994646
4994667
4994876
4995073
4995074
4995873
4995874
4995914
4996062
4996063
4996196
4996231
4996232
4996564
4996648
4996689
4996703
4996742
4996743
4996811
4996820
4996827
4996828
4996844
4996977
4997263
4997407
4997485
4997497
4997640
4997736
4997797
4997826
4997827
4997852
4997853
4997899
4998079
4998096
4998147
4998175
4998177
4998230
4998231
4998295
4998347
4998348
4998585
4998679
4998703
4998709
4998761
4998762
4998763
4998911
4998914
4998921
4998937
4998953
4998957
4998971
4999000
4999028
4999037
4999088
4999090
4999331
4999332
4999400
4999683
4999697
4999759
4999778
4999990
5000020
5000047
5000124
5000127
5000193
5000335
5000583
5000716
5000768
5000830
5000831
5000832
5000851
5000852
5000854
5000855
5000892
5000894
5001279
5001408
5001409
5001465
5001507
5001508
5001547
5001548
5001549
5001550
5001551
5001552
5001575
5001591
5001672
5001855
5002031
5002033
5002034
5002058
5002396
5002571
5002604
5003007
5003266
5003267
5003268
5003269
5003270
5003271
5003277
5003432
5003478
5003508
5003919
5003934
5003976
5004039
5004086
5004148
5004240
5004271
5004336
5004411
5004412
5004413
5004414
5004437
5004804
5005201
5005202
5005214
5005215
5005315
5005352
5005588
5005613
5005616
5005640
5005656
5005659
5005763
5005817
5005874
5005911
5005923
5005934
5005935
5005936
5005937
5005938
5005959
5005960
5005977
5006231
5006358
5006435
5006436
5006444
5006454
5006455
5006479
5006626
5006853
5006929
5006940
5007024
5007068
5007140
5007144
5007260
5007314
5007332
5007333
5007349
5007408
5007431
5007601
5007627
5007666
5007708
5007713
5007747
5007760
5007831
5008124
5008130
5008291
5008401
5008402
5008427
5008446
5008447
5008502
5008507
5008508
5008509
5008742
5008751
5008757
5008779
5008780
5008781
5009020
5009021
5009022
5009040
5009072
5009073
5009074
5009093
5009100
5009158
5009314
5009315
5009316
5009420
5009482
5009581
5009796
5009882
5009901
5009902
5009903
5009904
5009909
5009958
5009980
5010156
5010224
5010262
5010290
5010291
5010324
5010361
5010382
5010526
5010531
5010543
5010555
5010556
5010575
5010680
5010755
5010797
5010810
5010811
5010812
5010813
5010814
5010898
5010899
5010930
5010943
5011000
5011011
5011143
5011150
5011151
5011152
5011158
5011428
5011486
5011621
5011623
5011669
5011749
5011797
5011826
5011827
5011828
5012004
5012008
5012100
5012239
5012240
5012305
5012558
5012648
5012669
5012694
5012860
5012861
5012862
5012863
5012864
5013090
5013151
5013152
5013327
5013440
5013444
5013457
5013474
5013475
5013476
5013477
5013478
5013479
5013480
5013481
5013484
5013550
5013582
5013710
5013771
5013791
5013795
5013796
5013814
5013846
5013852
5013880
5013902
5013917
5013926
5013963
5013964
5014212
5014310
5014395
5014466
5014549
5014622
5014623
5014624
5014625
5014626
5014627
5014628
5014629
5014630
5014631
5014703
5014704
5014705
5014706
5014740
5014834
5014951
5015250
5015317
5015415
5015437
5015490
5015576
5015577
5015589
5015617
5015619
5015620
5015621
5015634
5015655
5015800
5015813
5015962
5015963
5016064
5016087
5016199
5016211
5016216
5016306
5016378
5016427
5016429
5016472
5016560
5016688
5016689
5016690
5016692
5016693
5016771
5016919
5016937
5017031
5017077
5017134
5017316
5017326
5017446
5017478
5017740
5017781
5017792
5017793
5017794
5017795
5017816
5017842
5017923
5017924
5017925
5017926
5017927
5017928
5018012
5018013
5018074
5018394
5018695
5018725
5018931
5018962
5018966
5019024
5019057
5019559
5019628
5019641
5019642
5019653
5019869
5019893
5020000
5020001
5020002
5020005
5020069
5020109
5020168
5020445
5020446
5020683
5020746
5020754
5020756
5020757
5020758
5020760
5020788
5020789
5020790
5020791
5020942
5020989
5020990
5020991
5021049
5021127
5021173
5021175
5021247
5021333
5021341
5021509
5021688
5021723
5021802
5021881
5021883
5022107
5022142
5022222
5022406
5022537
5022553
5022602
5022610
5022611
5022612
5022642
5022657
5022690
5022695
5022697
5022698
5022699
5022700
5022701
5022735
5022769
5022851
5022852
5023053
5023281
5023282
5023283
5023284
5023285
5023318
5023395
5023450
5023536
5023537
5023648
5023879
5023880
5023881
5023887
5024075
5024443
5024585
5024586
5024722
5024754
5024809
5024816
5024904
5024915
5024938
5024974
5025044
5025045
5025144
5025175
5025256
5025418
5025450
5025466
5025559
5025721
5025740
5025741
5025889
5025932
5025997
5025998
5025999
5026000
5026001
5026055
5026056
5026057
5026125
5026262
5026263
5026541
5026568
5026569
5026689
5026690
5026840
5026867
5027548
5027555
5027581
5027619
5027857
5027858
5027875
5027876
5027900
5028099
5028100
5028275
5028316
5028358
5028359
5028384
5028490
5028525
5028586
5028587
5028588
5028594
5028595
5028597
5028759
5028760
5028761
5028762
5028925
5028980
5028981
5029142
5029161
5029227
5029265
5029337
5029381
5029383
5029527
5029529
5029627
5029671
5029757
5029824
5029988
5029989
5029990
5029991
5029992
5030207
5030209
5030213
5030214
5030215
5030216
5030299
5030323
5030360
5030371
5030517
5030534
5030560
5030563
5030601
5030648
5030661
5030753
5030792
5030793
5030887
5030917
5030959
5030971
5030972
5030973
5030974
5030975
5030976
5031049
5031132
5031154
5031215
5031235
5031236
5031421
5031422
5031423
5031424
5031449
5031465
5031468
5031518
5031519
5031613
5031643
5031644
5031645
5031646
5031647
5031648
5031756
5031766
5031842
5031843
5031845
5031846
5031847
5031848
5031849
5031936
5032046
5032107
5032195
5032214
5032242
5032411
5032450
5032484
5032529
5032572
5032717
5032720
5032721
5032722
5032723
5032724
5032725
5032726
5032727
5032728
5032729
5033236
5033237
5033325
5033350
5033429
5033483
5033541
5033573
5033610
5033661
5033721
5033751
5033753
5033785
5033822
5033823
5033923
5034347
5034363
5034426
5034448
5034463
5034464
5034611
5034784
5034792
5034823
5034826
5034987
5035124
5035125
5035126
5035127
5035137
5035344
5035518
5035519
5035520
5035521
5035522
5035524
5035525
5035583
5035584
5035665
5035750
5035770
5035782
5035874
5035903
5035946
5035978
5035988
5036011
5036115
5036151
5036153
5036154
5036160
5036212
5036213
5036214
5036215
5036216
5036298
5036399
5036420
5036423
5036462
5036538
5036596
5036667
5036668
5036669
5036691
5036777
5036788
5036799
5037041
5037066
5037095
5037176
5037177
5037212
5037246
5037274
5037275
5037295
5037471
5037565
5037582
5037583
5037584
5037639
5037640
5037641
5037741
5037742
5037743
5037770
5037807
5037812
5037843
5037909
5037910
5038043
5038070
5038071
5038117
5038118
5038119
5038120
5038159
5038178
5038254
5038361
5038455
5038497
5038680
5038788
5038807
5038812
5038990
5038991
5039062
5039069
5039070
5039096
5039130
5039149
5039329
5039378
5039379
5039423
5039471
5039513
5039573
5039618
5039704
5039816
5039824
5039858
5039860
5039932
5039967
5039970
5039971
5039972
5039978
5039992
5040092
5040099
5040105
5040172
5040181
5040304
5040331
5040581
5040984
5041003
5041075
5041355
5041378
5041379
5041492
5041720
5041728
5041871
5042033
5042125
5042126
5042141
5042188
5042197
5042246
5042421
5042651
5042778
5042842
5042857
5042966
5043035
5043446
5043453
5043503
5043504
5043505
5043506
5043507
5043508
5043509
5043510
5043519
5043520
5043559
5043568
5043581
5043665
5043666
5043667
5044072
5044237
5044283
5044314
5044335
5044420
5044511
5044515
5044628
5044763
5044874
5044926
5044974
5045056
5045085
5045093
5045142
5045143
5045144
5045145
5045247
5045293
5045322
5045347
5045398
5045440
5045537
5045626
5045807
5045906
5045937
5045938
5045992
5045993
5045994
5045996
5046006
5046095
5046133
5046238
5046239
5046259
5046317
5046321
5046323
5046344
5046360
5046368
5046383
5046384
5046388
5046389
5046390
5046391
5046427
5046488
5046708
5046791
5046802
5046922
5046952
5046953
5046954
5046956
5046986
5047032
5047033
5047034
5047035
5047036
5047037
5047168
5047169
5047173
5047174
5047175
5047227
5047331
5047335
5047448
5047475
5047533
5047534
5047535
5047536
5047537
5047538
5047539
5047540
5047556
5047588
5047602
5047612
5047661
5047667
5047712
5047713
5047838
5047848
5047858
5047859
5047860
5047861
5047893
5048491
5048510
5048521
5048522
5048523
5048551
5048552
5048553
5048554
5048555
5048569
5048662
5048715
5048722
5048724
5048803
5048847
5048861
5048872
5049011
5049119
5049222
5049267
5049268
5049353
5049374
5049440
5049467
5049478
5049492
5049493
5049494
5049571
5049602
5049882
5049944
5050134
5050169
5050354
5050355
5050415
5050416
5050417
5050418
5050419
5050420
5050421
5050422
5050423
5050424
5050425
5050426
5050427
5050428
5050429
5050430
5050497
5050498
5050643
5050685
5050686
5050687
5050688
5050794
5050795
5050796
5050797
5050798
5050799
5050800
5050801
5050802
5050810
5050886
5050934
5050970
5051034
5051155
5051509
5051641
5051672
5051694
5051695
5051746
5051752
5051792
5051793
5051806
5051824
5052213
5052337
5052357
5052393
5052607
5052608
5052609
5052784
5052805
5052806
5053091
5053229
5053250
5053251
5053252
5053253
5053254
5053255
5053319
5053338
5053347
5053365
5053677
5053702
5053790
5053842
5053871
5053934
5053940
5053970
5053977
5054076
5054132
5054164
5054241
5054245
5054296
5054352
5054353
5054354
5054355
5054356
5054357
5054358
5054359
5054360
5054361
5054362
5054363
5054364
5054365
5054366
5054367
5054371
5054465
5054467
5054471
5054490
5054502
5054567
5054730
5054777
5054778
5054932
5054970
5054979
5054986
5054987
5055273
5055684
5055796
5055981
5056108
5056109
5056110
5056111
5056112
5056113
5056114
5056115
5056116
5056117
5056125
5056178
5056182
5056216
5056221
5056223
5056233
5056364
5056367
5056368
5056417
5056419
5056461
5056462
5056463
5056464
5056465
5056606
5056693
5056761
5056803
5056877
5057159
5057309
5057321
5057326
5057460
5057461
5057462
5057463
5057464
5057470
5057489
5057664
5057707
5057943
5058092
5058093
5058212
5058228
5058299
5058319
5058438
5058507
5058508
5058509
5058510
5058511
5058512
5058513
5058514
5058515
5058570
5058573
5058574
5058616
5058843
5058887
5058905
5058957
5059042
5059096
5059126
5059140
5059289
5059291
5059304
5059305
5059306
5059424
5059490
5059491
5059492
5059493
5059519
5059553
5059554
5059555
5059673
5059688
5059698
5059753
5059762
5060001
5060003
5060004
5060005
5060008
5060010
5060012
5060013
5060014
5060048
5060049
5060058
5060063
5060064
5060066
5060096
5060105
5060181
5060207
5060209
5060210
5060246
5060357
5060532
5060533
5060534
5060535
5060538
5060842
5060985
5061151
5061194
5061285
5061397
5061478
5061489
5061532
5061615
5061622
5061626
5061627
5061628
5061683
5061761
5061813
5061950
5062001
5062007
5062116
5062139
5062254
5062269
5062292
5062318
5062345
5062396
5062505
5062506
5062783
5062874
5062973
5063043
5063067
5063068
5063069
5063070
5063071
5063110
5063184
5063731
5063769
5063770
5063771
5063795
5063849
5064084
5064142
5064220
5064275
5064282
5064351
5064355
5064446
5064558
5064561
5064662
5064678
5064739
5064824
5064858
5064865
5065075
5065122
5065304
5065517
5065556
5065649
5065721
5065722
5065723
5065857
5065904
5065916
5065992
5066071
5066072
5066211
5066212
5066213
5066214
5066215
5066216
5066217
5066302
5066458
5066600
5066655
5066680
5066712
5066724
5066725
5066726
5066727
5066728
5066729
5066730
5066809
5066837
5066936
5066941
5066942
5066966
5066995
5067003
5067015
5067115
5067116
5067117
5067118
5067119
5067204
5067244
5067363
5067385
5067386
5067387
5067388
5067389
5067519
5067520
5067521
5067522
5067523
5067586
5067587
5067635
5067658
5067662
5067667
5067668
5067669
5067679
5067712
5067763
5067765
5067812
5067870
5067871
5067872
5067875
5067877
5067929
5067943
5067994
5067995
5067996
5067997
5067998
5067999
5068000
5068001
5068002
5068158
5068198
5068228
5068233
5068265
5068427
5068428
5068429
5068430
5068431
5068432
5068433
5068434
5068435
5068436
5068509
5068579
5068584
5068613
5068701
5068708
5068737
5068748
5068771
5068789
5068790
5068791
5068792
5068793
5068803
5068822
5068956
5069156
5069200
5069309
5069361
5069426
5069431
5069456
5069486
5069487
5069488
5069494
5069527
5069582
5069583
5069636
5069775
5069776
5069777
5069787
5069899
5069929
5069930
5069956
5069957
5069958
5070035
5070248
5070366
5070475
5070486
5070487
5070488
5070489
5070490
5070491
5070493
5070509
5070534
5070614
5070705
5070760
5070761
5070877
5070878
5070898
5070916
5070921
5070995
5071064
5071065
5071087
5071094
5071102
5071122
5071143
5071148
5071225
5071296
5071358
5071408
5071474
5071477
5071578
5071593
5071614
5071666
5071669
5071723
5071738
5071749
5071756
5071848
5071869
5071871
5071897
5071902
5071917
5071918
5071919
5071920
5071921
5072061
5072095
5072108
5072115
5072127
5072220
5072256
5072293
5072341
5072361
5072363
5072370
5072395
5072415
5072492
5072493
5072495
5072503
5072504
5072657
5072666
5072774
5072781
5072782
5072783
5072784
5072785
5072788
5072868
5072869
5072921
5072922
5072953
5072973
5073222
5073227
5073229
5073230
5073232
5073255
5073260
5073332
5073334
5073348
5073469
5073492
5073505
5073506
5073511
5073516
5073771
5073784
5073816
5073826
5073827
5073828
5073829
5073830
5073876
5073951
5073984
5073991
5074010
5074078
5074222
5074239
5074333
5074793
5074810
5074811
5074812
5074813
5074934
5074936
5074950
5074987
5075203
5075457
5075470
5075511
5075514
5075607
5075632
5075638
5075639
5075798
5075813
5075814
5075888
5075889
5075890
5075891
5075892
5075893
5075894
5075895
5075896
5075897
5076005
5076146
5076239
5076241
5076272
5076347
5076419
5076464
5076467
5076530
5076573
5076607
5076654
5076709
5076820
5076821
5076831
5076832
5076889
5076891
5076912
5077047
5077146
5077229
5077237
5077380
5077407
5077410
5077493
5077518
5077642
5077717
5077718
5077719
5077725
5077746
5077812
5077935
5077950
5078308
5078509
5078510
5078523
5078536
5078537
5078604
5078619
5078632
5078633
5078634
5078701
5078702
5079445
5079446
5079447
5079448
5079449
5079450
5079451
5079452
5079453
5079454
5079455
5079456
5079457
5079458
5079459
5079460
5079461
5079462
5079463
5079464
5079465
5079533
5079535
5079556
5079598
5079601
5079609
5079610
5079681
5079716
5079717
5079718
5079719
5079743
5079781
5079797
5079804
5079918
5080022
5080052
5080591
5080726
5080727
5080728
5080729
5080732
5080745
5080761
5080801
5080936
5080973
5081032
5081056
5081057
5081058
5081059
5081060
5081061
5081063
5081134
5081245
5081246
5081453
5081605
5081770
5081783
5081854
5081855
5081883
5081936
5082010
5082015
5082026
5082027
5082028
5082029
5082033
5082098
5082119
5082243
5082562
5082662
5082748
5082780
5082788
5082789
5082956
5083247
5083356
5083496
5083497
5083567
5083653
5083679
5083680
5083730
5083732
5083749
5083750
5083816
5083817
5083826
5083840
5083841
5083884
5083900
5083927
5084002
5084169
5084521
5084564
5084565
5084570
5084727
5084728
5084729
5084730
5084889
5084890
5084891
5084892
5084899
5084982
5085027
5085179
5085192
5085277
5085418
5085455
5085469
5085522
5085564
5085570
5085584
5085729
5085730
5085731
5085783
5085983
5085984
5086217
5086232
5086439
5086440
5086441
5086442
5086555
5086696
5086798
5086821
5086822
5086823
5086947
5086955
5086956
5086997
5086999
5087006
5087023
5087047
5087167
5087350
5087370
5087371
5087398
5087399
5087437
5087484
5087684
5087687
5087824
5087850
5087884
5087932
5087965
5088082
5088084
5088121
5088138
5088140
5088141
5088209
5088210
5088280
5088326
5088407
5088408
5088409
5088466
5088467
5088468
5088469
5088559
5088587
5088588
5088628
5088638
5088639
5088712
5088713
5088714
5088715
5088757
5088872
5088875
5088939
5088963
5088965
5089215
5089305
5089383
5089492
5089493
5089494
5089495
5089500
5089503
5089584
5089677
5090209
5090210
5090211
5090212
5090213
5090214
5090215
5090216
5090334
5090352
5090388
5090389
5090401
5090529
5090559
5090562
5090564
5090649
5090658
5090674
5090690
5090785
5090815
5090874
5090876
5090928
5090943
5090957
5090981
5091020
5091031
5091292
5091293
5091320
5091325
5091344
5091405
5091604
5091736
5091737
5091738
5091747
5091767
5091798
5091913
5091961
5092101
5092132
5092249
5092400
5092401
5092403
5092404
5092405
5092406
5092407
5092436
5092450
5092486
5092540
5092641
5092642
5092643
5092644
5092645
5092714
5092738
5092788
5092807
5092911
5092945
5092947
5092948
5092949
5092986
5092987
5092988
5093114
5093115
5093116
5093117
5093118
5093119
5093120
5093142
5093152
5093336
5093337
5093338
5093348
5093349
5093415
5093523
5093557
5093666
5093709
5093710
5093711
5093712
5093713
5093714
5093798
5093941
5094012
5094013
5094014
5094015
5094024
5094111
5094153
5094219
5094279
5094287
5094288
5094302
5094303
5094307
5094371
5094383
5094400
5094401
5094496
5094520
5094561
5094578
5094667
5094679
5094704
5094753
5094852
5094880
5094978
5094986
5095104
5095111
5095112
5095113
5095125
5095132
5095239
5095316
5095336
5095360
5095374
5095407
5095432
5095470
5095584
5095676
5095717
5095718
5095771
5095795
5095855
5095877
5095878
5095932
5095959
5095962
5095972
5095988
5096052
5096155
5096170
5096232
5096300
5096305
5096306
5096381
5096382
5096458
5096467
5096590
5096614
5096616
5096749
5096907
5096919
5097145
5097164
5097165
5097326
5097371
5097384
5097534
5097583
5097596
5097674
5097730
5097774
5097854
5098005
5098201
5098202
5098403
5098447
5098454
5098521
5098522
5098526
5098560
5098651
5098695
5098696
5098776
5098839
5098841
5098842
5098843
5098884
5098940
5098941
5099070
5099099
5099209
5099243
5099343
5099450
5099472
5099500
5099501
5099555
5099611
5099659
5099673
5099684
5099715
5099811
5099812
5099894
5099895
5099896
5099903
5099920
5099922
5100000
5100042
5100068
5100095
5100125
5100148
5100152
5100179
5100180
5100181
5100182
5100183
5100184
5100225
5100227
5100265
5100290
5100297
5100355
5100445
5100485
5100493
5100562
5100563
5100665
5100674
5100675
5100806
5100807
5100808
5100809
5100832
5100851
5100954
5100955
5101078
5101133
5101216
5101217
5101218
5101249
5101322
5101379
5101384
5101385
5101386
5101387
5101388
5101389
5101390
5101391
5101505
5101506
5101508
5101526
5101527
5101564
5101608
5101675
5101795
5101796
5101797
5101798
5101801
5101802
5101803
5101859
5101860
5101862
5101863
5101864
5101865
5101907
5101908
5101909
5101910
5101911
5101912
5101941
5102047
5102049
5102055
5102117
5102118
5102119
5102120
5102337
5102435
5102440
5102471
5102479
5102480
5102481
5102482
5102483
5102499
5102500
5102501
5102541
5102589
5102605
5102606
5102665
5102988
5103013
5103014
5103021
5103175
5103176
5103177
5103238
5103323
5103349
5103356
5103441
5103466
5103518
5103647
5103749
5103750
5103801
5103889
5103890
5103956
5104062
5104194
5104225
5104229
5104271
5104429
5104430
5104431
5104432
5104433
5104434
5104457
5104724
5104740
5104790
5104791
5104794
5104796
5104888
5104924
5104982
5104983
5105106
5105170
5105297
5105298
5105299
5105506
5105522
5105600
5105646
5105650
5105794
5105841
5105847
5105860
5105861
5105862
5105863
5105864
5105868
5105869
5105870
5105871
5105946
5105947
5106027
5106031
5106032
5106136
5106151
5106152
5106153
5106154
5106155
5106156
5106257
5106276
5106292
5106306
5106612
5106673
5106688
5106716
5106725
5106814
5106826
5106918
5106921
5107102
5107113
5107127
5107267
5107447
5107467
5107647
5107685
5107688
5107738
5107941
5107991
5108076
5108077
5108078
5108089
5108139
5108141
5108316
5108377
5108521
5108608
5108636
5108664
5108760
5108792
5108959
5109010
5109042
5109050
5109169
5109170
5109226
5109236
5109411
5109492
5109493
5109560
5109563
5109566
5109572
5109573
5109574
5109769
5110158
5110180
5110195
5110277
5110284
5110609
5110717
5110749
5110798
5110818
5110820
5110821
5110907
5110938
5110977
5111014
5111131
5111132
5111133
5111147
5111224
5111264
5111310
5111337
5111338
5111352
5111356
5111358
5111390
5111397
5111440
5111528
5111581
5111622
5111695
5111705
5111738
5111810
5111835
5111880
5111902
5111922
5111923
5111924
5111926
5111967
5111968
5112064
5112145
5112146
5112148
5112153
5112154
5112178
5112268
5112301
5112324
5112357
5112369
5112401
5112402
5112406
5112413
5112414
5112465
5112513
5112514
5112515
5112516
5112517
5112523
5112574
5112600
5112601
5112602
5112603
5112658
5112775
5112807
5112808
5112809
5112810
5112811
5112812
5112931
5112936
5112945
5113029
5113096
5113150
5113152
5113159
5113160
5113333
5113334
5113489
5113490
5113584
5113585
5113724
5113727
5113731
5113742
5113770
5113771
5113802
5113873
5113874
5113875
5114005
5114012
5114061
5114062
5114068
5114096
5114139
5114141
5114142
5114158
5114250
5114272
5114326
5114377
5114454
5114455
5114456
5114671
5114672
5114708
5114794
5114804
5114808
5114809
5114810
5114811
5114874
5115102
5115103
5115139
5115143
5115159
5115215
5115220
5115234
5115257
5115296
5115297
5115298
5115299
5115357
5115390
5115409
5115431
5115559
5115731
5115744
5115862
5116028
5116087
5116100
5116258
5116277
5116278
5116305
5116321
5116322
5116323
5116325
5116326
5116327
5116328
5116329
5116330
5116353
5116386
5116387
5116388
5116400
5116424
5116442
5116443
5116456
5116475
5116476
5116477
5116495
5116518
5116520
5116540
5116682
5116800
5116801
5116802
5116803
5116804
5116805
5116806
5116807
5116818
5116860
5116861
5116950
5116961
5116973
5117013
5117036
5117142
5117197
5117200
5117266
5117276
5117356
5117359
5117378
5117380
5117399
5117401
5117481
5117539
5117727
5117745
5117884
5117909
5117924
5117925
5117926
5117927
5117928
5117930
5117964
5117968
5117971
5117996
5118064
5118114
5118270
5118271
5118272
5118293
5118294
5118295
5118296
5118297
5118298
5118299
5118300
5118301
5118302
5118303
5118304
5118305
5118306
5118307
5118308
5118309
5118310
5118311
5118312
5118313
5118314
5118315
5118316
5118317
5118318
5118319
5118320
5118321
5118322
5118323
5118324
5118325
5118326
5118327
5118328
5118329
5118330
5118331
5118332
5118333
5118334
5118335
5118336
5118357
5118385
5118433
5118434
5118436
5118437
5118438
5118440
5118441
5118442
5118443
5118481
5118516
5118583
5118607
5118645
5118684
5118730
5118924
5118935
5118936
5118937
5118938
5118943
5118944
5118945
5118946
5119153
5119273
5119274
5119275
5119276
5119277
5119333
5119334
5119335
5119336
5119337
5119338
5119472
5119488
5119497
5119498
5119500
5119572
5119587
5119612
5119621
5119722
5119735
5119744
5119848
5119879
5119973
5119992
5119993
5119994
5120001
5120002
5120003
5120004
5120051
5120055
5120083
5120132
5120133
5120264
5120265
5120395
5120429
5120558
5120566
5120646
5120809
5120896
5121110
5121111
5121123
5121168
5121185
5121187
5121191
5121275
5121397
5121398
5121399
5121408
5121612
5121683
5121692
5121693
5121718
5121767
5121778
5121923
5121924
5122209
5122312
5122355
5122491
5122501
5122558
5122559
5122560
5122563
5122565
5122566
5122639
5122640
5123241
5123451
5123452
5123510
5123511
5123514
5123527
5123528
5123608
5123615
5123676
5123697
5123699
5123703
5123812
5123824
5123828
5123829
5123830
5123831
5123832
5123892
5123893
5123942
5124007
5124008
5124009
5124088
5124150
5124151
5124197
5124198
5124199
5124200
5124215
5124219
5124323
5124416
5124517
5124744
5124745
5124746
5124783
5124803
5124804
5124824
5124834
5124951
5124952
5124997
5124999
5125010
5125102
5125133
5125211
5125300
5125401
5125419
5125425
5125520
5125590
5125613
5125616
5125637
5125638
5125639
5125667
5125702
5125727
5125830
5125833
5125845
5125846
5125854
5125855
5125863
5125869
5125934
5126022
5126023
5126060
5126104
5126111
5126272
5126297
5126422
5126514
5126526
5126540
5126541
5126542
5126543
5126596
5126674
5126739
5126773
5126874
5127004
5127115
5127147
5127214
5127219
5127239
5127257
5127492
5127493
5127593
5127725
5127726
5127727
5127728
5127729
5127730
5127731
5127798
5127805
5127827
5127850
5127890
5127891
5127943
5127980
5127981
5127982
5128004
5128011
5128025
5128031
5128051
5128054
5128101
5128128
5128130
5128144
5128159
5128160
5128237
5128249
5128255
5128491
5128530
5128569
5128570
5128647
5128728
5128743
5128793
5128873
5128902
5128903
5128963
5128964
5128965
5128966
5128967
5128974
5128978
5128992
5128995
5129003
5129005
5129006
5129019
5129029
5129052
5129092
5129130
5129132
5129210
5129236
5129264
5129266
5129343
5129347
5129348
5129397
5129398
5129634
5129658
5129678
5129697
5129775
5129829
5129830
5129831
5129854
5130044
5130057
5130058
5130059
5130060
5130087
5130097
5130121
5130152
5130175
5130176
5130282
5130294
5130295
5130296
5130297
5130339
5130457
5130609
5130717
5130718
5130808
5130825
5130891
5130976
5131053
5131156
5131181
5131182
5131269
5131270
5131362
5131419
5131446
5131449
5131506
5131507
5131570
5131609
5131610
5131646
5131647
5131711
5131720
5131770
5131774
5131867
5132039
5132062
5132065
5132066
5132068
5132069
5132070
5132144
5132150
5132212
5132213
5132228
5132229
5132329
5132330
5132331
5132332
5132385
5132550
5132555
5132556
5132560
5132669
5132670
5132722
5132735
5132736
5132820
5132934
5132936
5132983
5133054
5133055
5133073
5133105
5133110
5133118
5133119
5133120
5133121
5133122
5133123
5133124
5133125
5133134
5133158
5133159
5133160
5133161
5133162
5133167
5133187
5133191
5133193
5133194
5133195
5133196
5133197
5133233
5133266
5133342
5133405
5133524
5133752
5133839
5133883
5134164
5134165
5134166
5134167
5134168
5134361
5134474
5134493
5134505
5134577
5134784
5134841
5134902
5134947
5134950
5134968
5134974
5134993
5134994
5134995
5135060
5135061
5135073
5135124
5135125
5135126
5135127
5135128
5135129
5135155
5135158
5135159
5135194
5135264
5135282
5135283
5135335
5135349
5135365
5135368
5135371
5135458
5135467
5135642
5135655
5135713
5135714
5135715
5135716
5135721
5135728
5135751
5135766
5135798
5135825
5135834
5135878
5135879
5135880
5135923
5135925
5135926
5135975
5136014
5136070
5136220
5136237
5136239
5136296
5136298
5136324
5136325
5136326
5136449
5136462
5136467
5136478
5136502
5136514
5136515
5136516
5136570
5136615
5136616
5136617
5136618
5136717
5136741
5136742
5136758
5136759
5136766
5136767
5136770
5136888
5136923
5136930
5136936
5136952
5136969
5136974
5137012
5137056
5137146
5137176
5137208
5137243
5137301
5137302
5137303
5137304
5137307
5137411
5137478
5137479
5137480
5137481
5137484
5137489
5137497
5137498
5137499
5137500
5137501
5137502
5137515
5137533
5137534
5137538
5137539
5137569
5137570
5137628
5137702
5137709
5137728
5137733
5137734
5137777
5137785
5137844
5137946
5137953
5137954
5137955
5137956
5138006
5138058
5138092
5138093
5138101
5138197
5138295
5138328
5138335
5138397
5138455
5138460
5138461
5138462
5138464
5138465
5138467
5138472
5138486
5138496
5138507
5138519
5138695
5138734
5138778
5138817
5138868
5138999
5139000
5139006
5139007
5139008
5139151
5139301
5139303
5139312
5139365
5139470
5139476
5139477
5139495
5139496
5139540
5139541
5139563
5139641
5139689
5139791
5139878
5139971
5140037
5140105
5140134
5140256
5140653
5140789
5140815
5140871
5141008
5141130
5141157
5141179
5141195
5141202
5141221
5141258
5141264
5141265
5141301
5141306
5141310
5141333
5141359
5141360
5141368
5141395
5141459
5141486
5141511
5141535
5141536
5141537
5141538
5141539
5141637
5141682
5141879
5141883
5142070
5142234
5142268
5142451
5142463
5142468
5142469
5142500
5142504
5142568
5142569
5142570
5142571
5142572
5142573
5142574
5142575
5142678
5142825
5142987
5143094
5143198
5143199
5143200
5143201
5143314
5143315
5143316
5143317
5143373
5143549
5143550
5143569
5143588
5143625
5143675
5143680
5143681
5143695
5143704
5143707
5143723
5143735
5143736
5143741
5143742
5143755
5143757
5143758
5143762
5143769
5143770
5143837
5144243
5144245
5144270
5144356
5144405
5144411
5144433
5144500
5144864
5144881
5145020
5145052
5145053
5145054
5145055
5145056
5145057
5145068
5145085
5145109
5145125
5145161
5145353
5145441
5145693
5145694
5145802
5145855
5145883
5145971
5146024
5146120
5146129
5146130
5146141
5146144
5146187
5146188
5146189
5146190
5146191
5146192
5146193
5146241
5146247
5146310
5146313
5146314
5146341
5146343
5146387
5146441
5146457
5146571
5146575
5146585
5146586
5146596
5146658
5146659
5146738
5146739
5146778
5146779
5146906
5147055
5147056
5147057
5147058
5147066
5147069
5147081
5147095
5147132
5147166
5147167
5147203
5147209
5147229
5147230
5147252
5147254
5147267
5147300
5147333
5147354
5147355
5147359
5147386
5147387
5147399
5147415
5147419
5147429
5147493
5147519
5147520
5147521
5147522
5147523
5147524
5147525
5147526
5147527
5147528
5147571
5147572
5147573
5147574
5147575
5147770
5147805
5147815
5147816
5147890
5147925
5147968
5147981
5147982
5148005
5148009
5148157
5148188
5148258
5148312
5148313
5148314
5148315
5148332
5148399
5148478
5148550
5148551
5148590
5148599
5148600
5148601
5148602
5148603
5148604
5148605
5148633
5148807
5148958
5148994
5149007
5149064
5149077
5149094
5149167
5149178
5149209
5149313
5149314
5149315
5149316
5149317
5149332
5149416
5149439
5149483
5149485
5149497
5149534
5149575
5149678
5149720
5149739
5149740
5149754
5149781
5149808
5149820
5149862
5149941
5150006
5150007
5150060
5150137
5150216
5150270
5150271
5150291
5150294
5150471
5150756
5150765
5150766
5150767
5150788
5150814
5150864
5150946
5150971
5151005
5151041
5151051
5151109
5151128
5151152
5151153
5151155
5151198
5151320
5151402
5151492
5151579
5151580
5151582
5151640
5151717
5151928
5151941
5151947
5151961
5151972
5151973
5151974
5151993
5152002
5152055
5152174
5152195
5152205
5152206
5152207
5152231
5152250
5152264
5152265
5152282
5152406
5152455
5152456
5152495
5152501
5152511
5152593
5152600
5152602
5152627
5152658
5152671
5152688
5152689
5152690
5152735
5152759
5152760
5152767
5152769
5152779
5152803
5152811
5152813
5152835
5152839
5152846
5152854
5152894
5152897
5152934
5152949
5152962
5152966
5153122
5153204
5153207
5153226
5153279
5153281
5153319
5153378
5153394
5153395
5153418
5153525
5153577
5153612
5153613
5153614
5153615
5153616
5153621
5153742
5153743
5153775
5153810
5153811
5153812
5153813
5153814
5153815
5153870
5153884
5153898
5153899
5153900
5153901
5153925
5153926
5153927
5153930
5153977
5153989
5154025
5154205
5154217
5154271
5154390
5154422
5154477
5154479
5154480
5154489
5154509
5154513
5154516
5154517
5154556
5154565
5154569
5154579
5154585
5154589
5154600
5154642
5154650
5154654
5154765
5154811
5154861
5154942
5154943
5154995
5155071
5155072
5155077
5155092
5155104
5155127
5155128
5155129
5155171
5155172
5155173
5155174
5155175
5155177
5155189
5155233
5155236
5155315
5155326
5155327
5155328
5155333
5155363
5155427
5155429
5155460
5155502
5155510
5155550
5155622
5155662
5155727
5155782
5155793
5155806
5155838
5155911
5155912
5155943
5155947
5155957
5155958
5155970
5156004
5156116
5156120
5156124
5156128
5156140
5156149
5156155
5156162
5156166
5156180
5156184
5156198
5156202
5156204
5156277
5156281
5156286
5156287
5156288
5156313
5156315
5156316
5156317
5156318
5156323
5156329
5156330
5156332
5156333
5156336
5156338
5156354
5156361
5156362
5156363
5156364
5156365
5156429
5156435
5156436
5156437
5156438
5156439
5156451
5156455
5156456
5156471
5156473
5156567
5156589
5156590
5156712
5156728
5156729
5156737
5156738
5156739
5156777
5156781
5156796
5156818
5156820
5156832
5156833
5156834
5156835
5156836
5156837
5156839
5156841
5156843
5156844
5156845
5156847
5156849
5156850
5156887
5157084
5157090
5157124
5157125
5157126
5157128
5157154
5157184
5157198
5157206
5157245
5157246
5157269
5157270
5157271
5157280
5157281
5157284
5157313
5157314
5157318
5157319
5157320
5157321
5157322
5157323
5157407
5157426
5157465
5157491
5157497
5157509
5157529
5157578
5157628
5157687
5157720
5157721
5157722
5157723
5157724
5157725
5157726
5157727
5157728
5157833
5157834
5157835
5157836
5158025
5158132
5158133
5158181
5158182
5158255
5158261
5158262
5158263
5158264
5158265
5158286
5158287
5158309
5158314
5158337
5158448
5158600
5158679
5158682
5158745
5158761
5158762
5158771
5158772
5158773
5158774
5158976
5158986
5159028
5159054
5159055
5159087
5159259
5159286
5159288
5159334
5159335
5159337
5159341
5159369
5159379
5159393
5159403
5159419
5159437
5159496
5159497
5159498
5159499
5159667
5159668
5159736
5159737
5159745
5159766
5159783
5159841
5159856
5159857
5159972
5159973
5159974
5159980
5159985
5160066
5160067
5160145
5160227
5160272
5160476
5160494
5160495
5160519
5160558
5160559
5160560
5160561
5160562
5160869
5160889
5161007
5161053
5161095
5161222
5161339
5161340
5161342
5161421
5161423
5161424
5161425
5161426
5161427
5161433
5161434
5161436
5161437
5161438
5161439
5161445
5161446
5161447
5161448
5161449
5161450
5161453
5161454
5161457
5161459
5161504
5161508
5161509
5161510
5161511
5161512
5161513
5161514
5161515
5161536
5161539
5161541
5161542
5161609
5161812
5161848
5161850
5161958
5162153
5162229
5162241
5162308
5162309
5162310
5162311
5162312
5162313
5162347
5162377
5162378
5162472
5162473
5162653
5162681
5162774
5162778
5162809
5162810
5162817
5162886
5162939
5163000
5163096
5163132
5163152
5163153
5163177
5163218
5163219
5163220
5163221
5163246
5163268
5163381
5163416
5163448
5163449
5163451
5163462
5163515
5163577
5163583
5163584
5163640
5163641
5163728
5163857
5163917
5163918
5163954
5164048
5164057
5164107
5164111
5164117
5164166
5164227
5164345
5164359
5164367
5164398
5164457
5164484
5164603
5164608
5164612
5164618
5164635
5164648
5164653
5164655
5164660
5164718
5164719
5164725
5164771
5164780
5164800
5164830
5164858
5164938
5165097
5165148
5165180
5165213
5165214
5165241
5165499
5165500
5165550
5165630
5165631
5165632
5165637
5165638
5165669
5165670
5165671
5165672
5165673
5166304
5166426
5166474
5166514
5166758
5166957
5167035
5167067
5167280
5167347
5167511
5167532
5167647
5167652
5167664
5167665
5167680
5167682
5167697
5167700
5167736
5167737
5167757
5167758
5167762
5167763
5167768
5167778
5167779
5167790
5167791
5167792
5167793
5167794
5167796
5167818
5167819
5167825
5167828
5167829
5167837
5167844
5167858
5167863
5167865
5167880
5167882
5167883
5167884
5167885
5167893
5167908
5167992
5167997
5168011
5168109
5168110
5168111
5168112
5168113
5168115
5168116
5168126
5168127
5168128
5168131
5168150
5168156
5168157
5168160
5168161
5168164
5168166
5168176
5168180
5168181
5168182
5168187
5168189
5168190
5168195
5168199
5168226
5168227
5168241
5168252
5168253
5168254
5168255
5168256
5168257
5168258
5168259
5168260
5168261
5168262
5168263
5168264
5168265
5168266
5168267
5168270
5168271
5168272
5168320
5168335
5168336
5168358
5168359
5168396
5168400
5168403
5168409
5168410
5168411
5168412
5168413
5168433
5168483
5168484
5168492
5168493
5168504
5168505
5168506
5168507
5168539
5168551
5168588
5168641
5168648
5168649
5168686
5168700
5168701
5168765
5168773
5168780
5168794
5168801
5168828
5168894
5168901
5168902
5168903
5168904
5168912
5168924
5168925
5168926
5168941
5168989
5169058
5169098
5169109
5169110
5169138
5169142
5169143
5169144
5169147
5169149
5169156
5169169
5169173
5169176
5169209
5169211
5169222
5169230
5169231
5169240
5169249
5169252
5169253
5169254
5169325
5169331
5169354
5169355
5169359
5169367
5169387
5169388
5169390
5169391
5169402
5169406
5169460
5169485
5169493
5169503
5169587
5169588
5169589
5169602
5169604
5169607
5169614
5169619
5169627
5169632
5169633
5169636
5169637
5169638
5169657
5169706
5169707
5169740
5169811
5169825
5169826
5169827
5169828
5169829
5170103
5170108
5170109
5170111
5170174
5170249
5170252
5170253
5170262
5170353
5170379
5170412
5170413
5170414
5170415
5170416
5170417
5170418
5170419
5170432
5170433
5170495
5170556
5170558
5170783
5170793
5170863
5171030
5171074
5171105
5171123
5171127
5171166
5171217
5171426
5171487
5171498
5171511
5171564
5171724
5171787
5171796
5171849
5171876
5171938
5171969
5172027
5172034
5172046
5172047
5172048
5172049
5172050
5172051
5172053
5172054
5172055
5172062
5172063
5172064
5172092
5172099
5172158
5172207
5172213
5172242
5172284
5172289
5172290
5172291
5172292
5172318
5172319
5172331
5172348
5172352
5172372
5172373
5172412
5172536
5172537
5172542
5172544
5172602
5172622
5172634
5172815
5172820
5172825
5172892
5172907
5172908
5172909
5172910
5172912
5172942
5172943
5172944
5172945
5172946
5172947
5172948
5172952
5172983
5173045
5173101
5173130
5173167
5173178
5173179
5173184
5173185
5173215
5173246
5173297
5173365
5173695
5173913
5173936
5174037
5174039
5174127
5174198
5174212
5174213
5174252
5174253
5174260
5174283
5174288
5174358
5174369
5174422
5174423
5174431
5174462
5174503
5174504
5174536
5174537
5174582
5174587
5174597
5174601
5174609
5174652
5174685
5174714
5174856
5174883
5174884
5174923
5174924
5174926
5174945
5174951
5174965
5175021
5175107
5175108
5175109
5175110
5175111
5175116
5175119
5175121
5175173
5175174
5175175
5175176
5175222
5175232
5175250
5175426
5175442
5175443
5175483
5175551
5175578
5175613
5175629
5175673
5175723
5175730
5175742
5175744
5175748
5175749
5175750
5175751
5175760
5175784
5175798
5175810
5175820
5175852
5175853
5175857
5175913
5175956
5175981
5175982
5175983
5176000
5176042
5176045
5176046
5176047
5176057
5176058
5176079
5176220
5176221
5176305
5176335
5176353
5176369
5176383
5176386
5176390
5176391
5176402
5176458
5176459
5176460
5176461
5176465
5176467
5176472
5176473
5176598
5176604
5176605
5176606
5176607
5176608
5176610
5176626
5176701
5176764
5176811
5176863
5176864
5176865
5176866
5176867
5176899
5176901
5176902
5176907
5176910
5176960
5176972
5176989
5177021
5177057
5177058
5177059
5177060
5177062
5177092
5177094
5177162
5177163
5177164
5177165
5177166
5177172
5177244
5177250
5177261
5177262
5177266
5177267
5177268
5177272
5177276
5177278
5177285
5177286
5177292
5177293
5177297
5177308
5177310
5177332
5177336
5177337
5177358
5177359
5177360
5177387
5177395
5177409
5177420
5177424
5177441
5177444
5177473
5177479
5177500
5177552
5177555
5177560
5177564
5177567
5177570
5177584
5177589
5177594
5177595
5177600
5177602
5177611
5177621
5177624
5177625
5177632
5177634
5177635
5177654
5177673
5177674
5177697
5177698
5177699
5177700
5177728
5177759
5177762
5177763
5177764
5177765
5177766
5177767
5177770
5177786
5177897
5177925
5177959
5177960
5177969
5177970
5177971
5177972
5177985
5177986
5178007
5178021
5178071
5178072
5178073
5178074
5178082
5178098
5178100
5178116
5178141
5178241
5178416
5178548
5178678
5178703
5178731
5178732
5178736
5178738
5178750
5178787
5178789
5178816
5178817
5178818
5178925
5178966
5178975
5179013
5179014
5179015
5179037
5179044
5179045
5179052
5179053
5179054
5179056
5179057
5179061
5179068
5179073
5179076
5179079
5179084
5179091
5179111
5179135
5179174
5179175
5179176
5179178
5179198
5179226
5179234
5179237
5179261
5179262
5179265
5179281
5179285
5179335
5179336
5179341
5179434
5179439
5179446
5179466
5179505
5179513
5179515
5179520
5179521
5179581
5179606
5179650
5179651
5179668
5179682
5179687
5179688
5179689
5179690
5179691
5179692
5179693
5179694
5179695
5179696
5179716
5179823
5179873
5179939
5179944
5179981
5179982
5179983
5179984
5180122
5180135
5180136
5180137
5180138
5180143
5180279
5180316
5180342
5180482
5180533
5180559
5180582
5180714
5180758
5180854
5180985
5181048
5181075
5181222
5181223
5181224
5181225
5181226
5181273
5181357
5181396
5181475
5181477
5181553
5181606
5181607
5181608
5181630
5181781
5181789
5181790
5181791
5181792
5181793
5181794
5181795
5181796
5181797
5181798
5181799
5181834
5181836
5181837
5181842
5181872
5181892
5182001
5182002
5182042
5182138
5182139
5182140
5182155
5182264
5182654
5182672
5182814
5182837
5182874
5182931
5182971
5182974
5182975
5182976
5182977
5182978
5183116
5183130
5183145
5183146
5183150
5183178
5183272
5183291
5183305
5183422
5183423
5183454
5183565
5183566
5183567
5183568
5183569
5183597
5183618
5183746
5183779
5183846
5183854
5183855
5183857
5183859
5183862
5183888
5183987
5184027
5184028
5184140
5184185
5184250
5184416
5184450
5184451
5184503
5184600
5184601
5184603
5184632
5184757
5184797
5184799
5184864
5184878
5184980
5185013
5185031
5185033
5185078
5185158
5185382
5185383
5185386
5185407
5185557
5185558
5185652
5185761
5185765
5185772
5185888
5186037
5186075
5186118
5186217
5186218
5186219
5186220
5186255
5186516
5186532
5186609
5186628
5186629
5186635
5186695
5186696
5186697
5186698
5186699
5186729
5186797
5186801
5186802
5186803
5186825
5186826
5186844
5186845
5186846
5186847
5186856
5186857
5186958
5186959
5186961
5186963
5187080
5187090
5187139
5187156
5187160
5187183
5187184
5187187
5187189
5187190
5187191
5187192
5187245
5187258
5187271
5187278
5187279
5187280
5187285
5187311
5187312
5187313
5187318
5187369
5187376
5187387
5187393
5187395
5187396
5187397
5187399
5187400
5187401
5187404
5187405
5187406
5187407
5187408
5187409
5187417
5187418
5187424
5187447
5187448
5187449
5187453
5187454
5187457
5187458
5187459
5187479
5187480
5187500
5187521
5187527
5187576
5187633
5187680
5187682
5187683
5187697
5187711
5187749
5187784
5187804
5187812
5187824
5187830
5187833
5187838
5187840
5187855
5187858
5187860
5187863
5187864
5187867
5187869
5187891
5187911
5187912
5187913
5187914
5187915
5187922
5187952
5187955
5188079
5188085
5188086
5188096
5188097
5188098
5188099
5188100
5188102
5188107
5188108
5188114
5188115
5188169
5188189
5188192
5188313
5188314
5188321
5188474
5188475
5188476
5188518
5188524
5188664
5188692
5188696
5188789
5188826
5188869
5188870
5189016
5189017
5189031
5189069
5189070
5189090
5189093
5189410
5189412
5189509
5189510
5189511
5189645
5189665
5189666
5189667
5189668
5189669
5189670
5189671
5189673
5189737
5189741
5189742
5189763
5189764
5189765
5189768
5189775
5189791
5189792
5189793
5189794
5189798
5189807
5189825
5189850
5189857
5189864
5189865
5189873
5189878
5189879
5189882
5189888
5189889
5189890
5189891
5189914
5189915
5189921
5189922
5189928
5189929
5189930
5189933
5189938
5189943
5189949
5189952
5189967
5189975
5189976
5189991
5189994
5190007
5190008
5190062
5190211
5190288
5190313
5190320
5190321
5190391
5190394
5190396
5190397
5190398
5190401
5190402
5190482
5190533
5190572
5190584
5190590
5190591
5190592
5190593
5190594
5190595
5190596
5190597
5190602
5190603
5190621
5190622
5190627
5190658
5190659
5190660
5190661
5190671
5190672
5190678
5190679
5190714
5190715
5190716
5190717
5190732
5190742
5190744
5190745
5190746
5190747
5190748
5190749
5190750
5190751
5190752
5190753
5190770
5190771
5190772
5190773
5190774
5190775
5190776
5190777
5190778
5190779
5190780
5190781
5190887
5190892
5190965
5190966
5190999
5191015
5191045
5191046
5191047
5191082
5191083
5191084
5191085
5191086
5191128
5191145
5191146
5191147
5191148
5191245
5191289
5191290
5191301
5191302
5191303
5191304
5191305
5191306
5191307
5191308
5191309
5191310
5191311
5191312
5191313
5191314
5191315
5191316
5191317
5191318
5191319
5191320
5191321
5191322
5191323
5191324
5191325
5191326
5191348
5191369
5191605
5191620
5191639
5191654
5191707
5191734
5191829
5191833
5191874
5191878
5191889
5191894
5191946
5191954
5191968
5191976
5192005
5192014
5192017
5192052
5192090
5192096
5192101
5192123
5192134
5192157
5192158
5192196
5192197
5192198
5192199
5192200
5192208
5192212
5192351
5192352
5192353
5192354
5192361
5192364
5192365
5192378
5192383
5192384
5192385
5192386
5192387
5192406
5192407
5192412
5192421
5192422
5192423
5192424
5192429
5192431
5192454
5192455
5192460
5192495
5192514
5192543
5192544
5192545
5192558
5192559
5192584
5192595
5192602
5192644
5192835
5192860
5192901
5192902
5193029
5193134
5193230
5193231
5193232
5193233
5193250
5193257
5193262
5193287
5193288
5193289
5193290
5193291
5193292
5193293
5193294
5193314
5193315
5193316
5193317
5193318
5193319
5193320
5193345
5193389
5193447
5193448
5193471
5193574
5193615
5193616
5193644
5193645
5193819
5193828
5193841
5193848
5193877
5193893
5193923
5193926
5193957
5194055
5194080
5194095
5194099
5194196
5194197
5194198
5194199
5194260
5194355
5194407
5194427
5194428
5194429
5194430
5194431
5194454
5194471
5194472
5194658
5194662
5194665
5194704
5194769
5194902
5194903
5194904
5194914
5194920
5194921
5194938
5195102
5195119
5195230
5195237
5195249
5195256
5195259
5195503
5195606
5195607
5195608
5195609
5195610
5195614
5195616
5195730
5195731
5195732
5195733
5195734
5195735
5195736
5195737
5195738
5195739
5195740
5195741
5195750
5195784
5195794
5195811
5195827
5195880
5195882
5195883
5195920
5196016
5196065
5196066
5196068
5196069
5196070
5196078
5196091
5196295
5196424
5196582
5196583
5196584
5196585
5196586
5196783
5196861
5196862
5196864
5196865
5197076
5197077
5197120
5197141
5197154
5197159
5197187
5197188
5197213
5197302
5197313
5197352
5197353
5197354
5197585
5197663
5197664
5197665
5197666
5197667
5197669
5197684
5197695
5197696
5197697
5197719
5197722
5197738
5197739
5197764
5197765
5197766
5197767
5197804
5198040
5198061
5198084
5198085
5198086
5198087
5198088
5198089
5198090
5198093
5198094
5198099
5198152
5198154
5198155
5198156
5198157
5198167
5198198
5198211
5198241
5198247
5198269
5198298
5198299
5198350
5198352
5198353
5198372
5198388
5198397
5198404
5198405
5198465
5198466
5198467
5198468
5198469
5198546
5198616
5198632
5198641
5198753
5198756
5198764
5198768
5198792
5198809
5198821
5198825
5198835
5198838
5198852
5198871
5198890
5198919
5198962
5198970
5198985
5199000
5199003
5199004
5199008
5199012
5199016
5199017
5199042
5199063
5199064
5199065
5199071
5199074
5199077
5199078
5199091
5199111
5199113
5199115
5199121
5199147
5199148
5199190
5199258
5199299
5199328
5199361
5199364
5199376
5199387
5199398
5199399
5199668
5199669
5199670
5199725
5199761
5199762
5199763
5199764
5199765
5199766
5199801
5199818
5199819
5199832
5199842
5199853
5199858
5199865
5199866
5199867
5199868
5199871
5199872
5199883
5199886
5199887
5199888
5199889
5199890
5199933
5199934
5199935
5199962
5199963
5199964
5199983
5199984
5199991
5199992
5199993
5200011
5200012
5200031
5200052
5200107
5200108
5200180
5200181
5200183
5200184
5200240
5200274
5200301
5200312
5200313
5200330
5200355
5200362
5200363
5200364
5200365
5200372
5200460
5200464
5200466
5200467
5200468
5200469
5200470
5200473
5200474
5200532
5200533
5200620
5200621
5200622
5200623
5200624
5200625
5200662
5200663
5200725
5200726
5200731
5200821
5200822
5200823
5200824
5200825
5200826
5200827
5200828
5200829
5200830
5200888
5200889
5200890
5200891
5200978
5200995
5200996
5200997
5200998
5201142
5201150
5201160
5201161
5201164
5201165
5201195
5201196
5201197
5201198
5201201
5201202
5201203
5201204
5201209
5201210
5201211
5201212
5201213
5201214
5201215
5201217
5201229
5201230
5201233
5201234
5201237
5201243
5201244
5201245
5201372
5201381
5201395
5201428
5201480
5201510
5201536
5201574
5201575
5201576
5201621
5201696
5201727
5201728
5201737
5201807
5201910
5201967
5202047
5202061
5202068
5202069
5202074
5202085
5202086
5202087
5202095
5202134
5202135
5202177
5202182
5202183
5202199
5202203
5202204
5202227
5202229
5202230
5202258
5202302
5202303
5202333
5202356
5202366
5202392
5202398
5202401
5202407
5202435
5202782
5202862
5202969
5202970
5202971
5203038
5203048
5203049
5203050
5203064
5203092
5203291
5203304
5203731
5203760
5203761
5203762
5203864
5204037
5204039
5204237
5204384
5204385
5204391
5204450
5204451
5204460
5204462
5204485
5204492
5204533
5204609
5204622
5204623
5204624
5204625
5204698
5204705
5204749
5204781
5204782
5204785
5204786
5204788
5204794
5204795
5204796
5204824
5204844
5204888
5204889
5204890
5204891
5204941
5204947
5204948
5204949
5204950
5204951
5204994
5204995
5205030
5205066
5205183
5205642
5205650
5205653
5205654
5205657
5205667
5205719
5205791
5205804
5205866
5205889
5205913
5205932
5205933
5205935
5205936
5205947
5205951
5205952
5205953
5205954
5206012
5206013
5206014
5206015
5206016
5206017
5206018
5206019
5206020
5206021
5206022
5206057
5206098
5206180
5206203
5206211
5206225
5206273
5206394
5206395
5206396
5206434
5206435
5206550
5206555
5206564
5206579
5206595
5206596
5206597
5206613
5206770
5206772
5206807
5206808
5206809
5206811
5206842
5206862
5206863
5206864
5206872
5206969
5207184
5207185
5207186
5207209
5207221
5207372
5207373
5207438
5207439
5207494
5207497
5207526
5207528
5207529
5207531
5207533
5207534
5207541
5207546
5207552
5207553
5207558
5207570
5207575
5207577
5207635
5207644
5207662
5207663
5207664
5207665
5207666
5207667
5207668
5207669
5207670
5207671
5207679
5207681
5207683
5207736
5207745
5207746
5207755
5207760
5207761
5207891
5207938
5207962
5207963
5207964
5207965
5207966
5207967
5207968
5207969
5208021
5208022
5208035
5208065
5208078
5208112
5208126
5208127
5208128
5208159
5208160
5208165
5208180
5208188
5208257
5208258
5208259
5208260
5208261
5208262
5208263
5208273
5208274
5208275
5208276
5208277
5208278
5208284
5208285
5208286
5208512
5208532
5208642
5208643
5208647
5208663
5208673
5208706
5208728
5208729
5208730
5208731
5208732
5208733
5208850
5208948
5208965
5209005
5209021
5209022
5209054
5209081
5209132
5209138
5209152
5209193
5209247
5209269
5209280
5209281
5209354
5209414
5209415
5209508
5209539
5209547
5209691
5209712
5209722
5209766
5209775
5209776
5209820
5210038
5210054
5210074
5210075
5210196
5210214
5210216
5210217
5210289
5210374
5210379
5210396
5210397
5210421
5210431
5210436
5210437
5210469
5210473
5210481
5210482
5210487
5210488
5210489
5210490
5210500
5210501
5210502
5210503
5210508
5210544
5210547
5210556
5210573
5210596
5210619
5210621
5210631
5210636
5210639
5210659
5210661
5210670
5210671
5210672
5210673
5210674
5210675
5210676
5210683
5210698
5210703
5210707
5210727
5210728
5210729
5210730
5210748
5210773
5210780
5210781
5210784
5210787
5210812
5210816
5210817
5210819
5210820
5210821
5210822
5210829
5210830
5210831
5210834
5210835
5210841
5210853
5210892
5210905
5210913
5210914
5210925
5210926
5210929
5210933
5210953
5210961
5210962
5210989
5211006
5211007
5211009
5211043
5211044
5211076
5211086
5211092
5211113
5211118
5211119
5211120
5211122
5211123
5211124
5211129
5211140
5211141
5211143
5211145
5211146
5211153
5211154
5211160
5211173
5211174
5211175
5211177
5211178
5211184
5211185
5211206
5211222
5211237
5211252
5211272
5211277
5211278
5211306
5211310
5211342
5211343
5211344
5211345
5211346
5211347
5211394
5211396
5211397
5211398
5211399
5211400
5211401
5211406
5211408
5211409
5211410
5211411
5211423
5211424
5211425
5211426
5211427
5211428
5211436
5211451
5211499
5211500
5211525
5211526
5211527
5211528
5211620
5211694
5211760
5211770
5211773
5211788
5211789
5211790
5211791
5211792
5211824
5211828
5211848
5211859
5211861
5211862
5211863
5211864
5211865
5211866
5211867
5211869
5211870
5211874
5211878
5211879
5211880
5211884
5211885
5211886
5211887
5211888
5211898
5211924
5211927
5211942
5211943
5211944
5211949
5211963
5211965
5211968
5211969
5211970
5211979
5211980
5211981
5212001
5212005
5212006
5212007
5212012
5212039
5212052
5212055
5212064
5212065
5212071
5212072
5212073
5212074
5212075
5212076
5212077
5212091
5212092
5212099
5212100
5212117
5212147
5212150
5212163
5212176
5212177
5212178
5212179
5212192
5212193
5212194
5212199
5212208
5212211
5212212
5212213
5212214
5212215
5212217
5212223
5212229
5212234
5212235
5212237
5212273
5212314
5212315
5212316
5212328
5212331
5212333
5212339
5212340
5212342
5212343
5212344
5212346
5212347
5212348
5212349
5212350
5212351
5212352
5212356
5212357
5212364
5212367
5212368
5212386
5212391
5212392
5212393
5212397
5212398
5212415
5212422
5212579
5212628
5212629
5212630
5212631
5212632
5212658
5212666
5212695
5212701
5212707
5212708
5212735
5212736
5212756
5212773
5212777
5212881
5212885
5212963
5212964
5212966
5212978
5212989
5213036
5213037
5213149
5213160
5213238
5213239
5213255
5213256
5213267
5213367
5213400
5213428
5213429
5213589
5213602
5213607
5213627
5213629
5213656
5213660
5213661
5213681
5213695
5213705
5213717
5213749
5213752
5213753
5213846
5213855
5213894
5213907
5213936
5214009
5214061
5214100
5214103
5214107
5214110
5214112
5214118
5214119
5214131
5214132
5214133
5214138
5214139
5214141
5214177
5214179
5214206
5214211
5214232
5214242
5214265
5214267
5214283
5214284
5214285
5214286
5214287
5214329
5214680
5214734
5214735
5214737
5214742
5214747
5214748
5214778
5214894
5214895
5214896
5214916
5214917
5214923
5214945
5214948
5215151
5215191
5215192
5215261
5215299
5215300
5215306
5215307
5215308
5215309
5215395
5215396
5215398
5215399
5215403
5215435
5215466
5215533
5215546
5215569
5215604
5215605
5215649
5215696
5215822
5215849
5215896
5215897
5215898
5215899
5216000
5216048
5216070
5216071
5216072
5216170
5216218
5216279
5216454
5216542
5216548
5216549
5216550
5216647
5216650
5216692
5216735
5216768
5216771
5216773
5216775
5216796
5216861
5216902
5216931
5216932
5216933
5216934
5216935
5216936
5216937
5216938
5216939
5216940
5216945
5216946
5217054
5217298
5217346
5217376
5217543
5217544
5217564
5217656
5217657
5217761
5217762
5217768
5217769
5217857
5217858
5218144
5218186
5218191
5218270
5218364
5218385
5218412
5218418
5218419
5218420
5218421
5218422
5218423
5218495
5218529
5218530
5218533
5218547
5218579
5218580
5218623
5218682
5218683
5218707
5218708
5218772
5218783
5218816
5218817
5218818
5218819
5218905
5218906
5218907
5218908
5218930
5218931
5218932
5218933
5218934
5218935
5218936
5218937
5219130
5219243
5219248
5219257
5219292
5219308
5219309
5219310
5219317
5219528
5219529
5219555
5219669
5219809
5219924
5219991
5220116
5220146
5220176
5220190
5220225
5220226
5220254
5220343
5220373
5220374
5220413
5220845
5221037
5221038
5221039
5221211
5221218
5221233
5221320
5221327
5221341
5221342
5221345
5221347
5221348
5221349
5221350
5221351
5221352
5221353
5221354
5221355
5221356
5221357
5221358
5221577
5221613
5221616
5221654
5221704
5221712
5221720
5221732
5221735
5221772
5221773
5221774
5221808
5221841
5221878
5221883
5222017
5222144
5222147
5222182
5222184
5222270
5222272
5222290
5222291
5222292
5222312
5222324
5222346
5222429
5222437
5222438
5222443
5222444
5222445
5222446
5222473
5222474
5222478
5222482
5222491
5222494
5222497
5222503
5222505
5222509
5222510
5222517
5222520
5222544
5222545
5222546
5222552
5222553
5222565
5222566
5222567
5222568
5222569
5222584
5222585
5222605
5222606
5222608
5222609
5222610
5222612
5222613
5222615
5222616
5222617
5222619
5222623
5222624
5222625
5222626
5222632
5222633
5222634
5222672
5222717
5222734
5222735
5222737
5222739
5222740
5222784
5222785
5222786
5222835
5222890
5222901
5222950
5222972
5222981
5222986
5222998
5222999
5223000
5223001
5223002
5223003
5223004
5223007
5223017
5223035
5223037
5223048
5223056
5223057
5223058
5223064
5223071
5223075
5223084
5223085
5223152
5223170
5223201
5223277
5223287
5223318
5223322
5223323
5223324
5223325
5223326
5223340
5223347
5223348
5223369
5223387
5223415
5223416
5223421
5223442
5223443
5223447
5223469
5223535
5223574
5223576
5223577
5223699
5223770
5223774
5223804
5223811
5223812
5223816
5223858
5223871
5223872
5223873
5223874
5223875
5223876
5223877
5223878
5223879
5223880
5223881
5223883
5223893
5223894
5223895
5223900
5223903
5223905
5223907
5223908
5223914
5223935
5223936
5223937
5223938
5223939
5223940
5223947
5223948
5223949
5223950
5223953
5223954
5223955
5223956
5223957
5223959
5223960
5223961
5223962
5223963
5223964
5223965
5223966
5223967
5223968
5223969
5223970
5223971
5223972
5223980
5223994
5223995
5223996
5224004
5224005
5224006
5224007
5224008
5224009
5224010
5224011
5224012
5224013
5224014
5224015
5224061
5224069
5224072
5224073
5224074
5224075
5224076
5224077
5224078
5224079
5224098
5224113
5224114
5224115
5224116
5224128
5224143
5224144
5224148
5224149
5224150
5224158
5224161
5224163
5224169
5224202
5224203
5224204
5224206
5224207
5224216
5224217
5224219
5224223
5224243
5224250
5224263
5224266
5224296
5224322
5224325
5224343
5224379
5224380
5224391
5224412
5224434
5224435
5224436
5224437
5224438
5224439
5224440
5224441
5224442
5224443
5224444
5224452
5224494
5224495
5224496
5224497
5224498
5224517
5224519
5224550
5224616
5224617
5224618
5224619
5224620
5224621
5224622
5224677
5224696
5224697
5224698
5224699
5224700
5224701
5224702
5224703
5224704
5224735
5224736
5224737
5224738
5224739
5224748
5224749
5224788
5224798
5224800
5224985
5225010
5225011
5225012
5225013
5225014
5225015
5225016
5225017
5225123
5225174
5225221
5225249
5225364
5225365
5225384
5225385
5225386
5225387
5225388
5225389
5225390
5225391
5225392
5225393
5225394
5225395
5225396
5225397
5225398
5225399
5225400
5225401
5225421
5225422
5225423
5225424
5225425
5225464
5225526
5225659
5225660
5225661
5225662
5225663
5225664
5225727
5225753
5225779
5225785
5225786
5225794
5225795
5225851
5225896
5225958
5225959
5225960
5225962
5225963
5225994
5226036
5226124
5226125
5226131
5226132
5226133
5226286
5226307
5226315
5226407
5226436
5226493
5226620
5226652
5226737
5226759
5226953
5226954
5227028
5227080
5227081
5227084
5227085
5227150
5227151
5227294
5227348
5227356
5227589
5227592
5227648
5227660
5227661
5227662
5227663
5227664
5227665
5227666
5227667
5227668
5227669
5227670
5227671
5227672
5227673
5227674
5227675
5227676
5227677
5227678
5227679
5227680
5227714
5227728
5227729
5227730
5227731
5227740
5227757
5227765
5227766
5227767
5227768
5227769
5227770
5227783
5227817
5227869
5227912
5228039
5228046
5228083
5228107
5228108
5228109
5228110
5228111
5228190
5228192
5228214
5228226
5228319
5228321
5228332
5228584
5228630
5228639
5228654
5228672
5228677
5228680
5228681
5228772
5228817
5228852
5229030
5229043
5229112
5229171
5229299
5229300
5229312
5229337
5229465
5229484
5229485
5229486
5229487
5229488
5229508
5229519
5229538
5229675
5229678
5229680
5229689
5229700
5229732
5229736
5229737
5229800
5229849
5229859
5229862
5229864
5229868
5229933
5229944
5229945
5229949
5229950
5229976
5229977
5229987
5229989
5229990
5229991
5229992
5229993
5229995
5229996
5230019
5230021
5230022
5230023
5230032
5230066
5230097
5230100
5230112
5230157
5230184
5230212
5230213
5230217
5230250
5230354
5230360
5230361
5230376
5230385
5230492
5230493
5230494
5230495
5230496
5230497
5230532
5230533
5230534
5230535
5230536
5230588
5230589
5230606
5230677
5230678
5230706
5230718
5230739
5230800
5230870
5230901
5230938
5231012
5231013
5231014
5231017
5231018
5231042
5231044
5231045
5231054
5231063
5231125
5231134
5231136
5231156
5231256
5231322
5231323
5231328
5231365
5231377
5231388
5231469
5231678
5231699
5231700
5231702
5231706
5231751
5231752
5231755
5231756
5231757
5231776
5231844
5231942
5232162
5232210
5232306
5232429
5232626
5232668
5232715
5232742
5232748
5232749
5232750
5232752
5232764
5232775
5232804
5232836
5232837
5232838
5232850
5232851
5232868
5232873
5232885
5232886
5232887
5232888
5232889
5232890
5232891
5232914
5232923
5232953
5232954
5232955
5232956
5232957
5232967
5232978
5233047
5233048
5233094
5233106
5233112
5233148
5233158
5233160
5233165
5233205
5233218
5233223
5233226
5233257
5233285
5233348
5233353
5233354
5233360
5233363
5233371
5233374
5233412
5233418
5233500
5233560
5233561
5233562
5233661
5233774
5233775
5233776
5233882
5233887
5233888
5233918
5233919
5233920
5233921
5233922
5233925
5233926
5233938
5233971
5233988
5234035
5234038
5234131
5234151
5234169
5234170
5234171
5234172
5234173
5234175
5234176
5234177
5234178
5234179
5234180
5234181
5234183
5234184
5234255
5234256
5234257
5234260
5234309
5234310
5234314
5234319
5234322
5234324
5234325
5234326
5234327
5234331
5234333
5234334
5234335
5234336
5234338
5234339
5234340
5234341
5234342
5234343
5234344
5234345
5234361
5234364
5234371
5234373
5234378
5234379
5234380
5234381
5234392
5234393
5234400
5234401
5234402
5234403
5234404
5234405
5234406
5234407
5234408
5234409
5234410
5234439
5234440
5234441
5234444
5234450
5234451
5234452
5234454
5234455
5234456
5234457
5234458
5234459
5234460
5234461
5234462
5234463
5234464
5234467
5234468
5234469
5234470
5234475
5234476
5234477
5234478
5234479
5234480
5234481
5234486
5234487
5234490
5234498
5234502
5234565
5234566
5234567
5234568
5234569
5234605
5234611
5234612
5234613
5234617
5234622
5234623
5234630
5234631
5234641
5234642
5234647
5234648
5234651
5234653
5234654
5234661
5234665
5234666
5234667
5234668
5234669
5234670
5234672
5234673
5234677
5234680
5234682
5234698
5234705
5234724
5234725
5234728
5234745
5234746
5234747
5234748
5234749
5234750
5234758
5234759
5234761
5234762
5234766
5234769
5234777
5234778
5234779
5234802
5234807
5234831
5234833
5234873
5234874
5234914
5234916
5234942
5234943
5234951
5234952
5234956
5234962
5234965
5234980
5235039
5235045
5235090
5235091
5235092
5235118
5235124
5235133
5235134
5235215
5235225
5235226
5235231
5235268
5235291
5235300
5235301
5235306
5235323
5235324
5235325
5235326
5235327
5235348
5235349
5235350
5235351
5235352
5235358
5235405
5235406
5235443
5235454
5235483
5235485
5235508
5235600
5235602
5235741
5235755
5235786
5235802
5235841
5235842
5235860
5235861
5235862
5235984
5236016
5236020
5236026
5236027
5236035
5236036
5236037
5236041
5236048
5236100
5236223
5236243
5236256
5236257
5236301
5236312
5236381
5236431
5236440
5236530
5236542
5236578
5236604
5236605
5236606
5236607
5236615
5236623
5236637
5236644
5236671
5236700
5236746
5236949
5236955
5236956
5236959
5236961
5236962
5236964
5236971
5237028
5237045
5237078
5237094
5237095
5237132
5237223
5237294
5237361
5237369
5237370
5237371
5237378
5237426
5237434
5237493
5237501
5237604
5237625
5237633
5237634
5237635
5237636
5237765
5237823
5237880
5237883
5237958
5238001
5238012
5238013
5238014
5238015
5238057
5238182
5238259
5238267
5238302
5238375
5238430
5238434
5238446
5238447
5238448
5238449
5238450
5238451
5238452
5238453
5238454
5238455
5238471
5238472
5238473
5238474
5238475
5238500
5238509
5238510
5238511
5238512
5238513
5238514
5238515
5238516
5238517
5238518
5238537
5238538
5238539
5238540
5238546
5238547
5238548
5238549
5238550
5238552
5238553
5238554
5238555
5238556
5238578
5238579
5238580
5238581
5238582
5238632
5238634
5238638
5238639
5238640
5238641
5238642
5238648
5238649
5238650
5238656
5238657
5238658
5238659
5238660
5238756
5238778
5238780
5238781
5238782
5238794
5238795
5238796
5238797
5238798
5238830
5238831
5238832
5238869
5238883
5238884
5238885
5238886
5238887
5238954
5238969
5238970
5238971
5238972
5238973
5239041
5239081
5239137
5239162
5239216
5239224
5239246
5239254
5239343
5239357
5239360
5239370
5239375
5239376
5239377
5239420
5239454
5239455
5239456
5239457
5239485
5239486
5239522
5239550
5239590
5239639
5239646
5239677
5239693
5239704
5239707
5239736
5239738
5239757
5239758
5239759
5239764
5239813
5239814
5239815
5239823
5239904
5239951
5239980
5239981
5240014
5240062
5240063
5240090
5240091
5240092
5240113
5240114
5240141
5240276
5240342
5240365
5240374
5240384
5240385
5240469
5240496
5240507
5240724
5240739
5240740
5240797
5240806
5240807
5240808
5240809
5240811
5240812
5240813
5240814
5240824
5240920
5240932
5240933
5240934
5240935
5240936
5240938
5240964
5240970
5240971
5240976
5240981
5240991
5240994
5241011
5241012
5241013
5241164
5241165
5241172
5241176
5241327
5241391
5241556
5241575
5241639
5241875
5241876
5241877
5241878
5241879
5242030
5242136
5242138
5242224
5242232
5242244
5242288
5242416
5242417
5242495
5242496
5242497
5242498
5242514
5242526
5242529
5242580
5242581
5242585
5242586
5242630
5242649
5242693
5242695
5242743
5242744
5242745
5242748
5242763
5242773
5242825
5242837
5242890
5242937
5243011
5243052
5243053
5243054
5243055
5243062
5243063
5243064
5243065
5243066
5243067
5243068
5243073
5243089
5243090
5243137
5243139
5243174
5243175
5243465
5243499
5243603
5243624
5243973
5244043
5244321
5244322
5244614
5244679
5244680
5244684
5244685
5244695
5244698
5244712
5244719
5244723
5244740
5244748
5244762
5244773
5244782
5244796
5244807
5244815
5244816
5244932
5244933
5244968
5244975
5244976
5244986
5245007
5245026
5245027
5245050
5245067
5245068
5245129
5245130
5245139
5245140
5245161
5245212
5245290
5245316
5245319
5245320
5245321
5245328
5245329
5245330
5245331
5245332
5245335
5245336
5245337
5245348
5245349
5245351
5245352
5245353
5245354
5245355
5245356
5245371
5245378
5245379
5245380
5245381
5245382
5245383
5245439
5245464
5245465
5245500
5245520
5245554
5245557
5245581
5245798
5245904
5245907
5245914
5245943
5245944
5245951
5245952
5245953
5245954
5245955
5245959
5245963
5245964
5245965
5245966
5245967
5245968
5245970
5245971
5245972
5246186
5246187
5246188
5246189
5246194
5246195
5246196
5246197
5246198
5246201
5246202
5246203
5246204
5246205
5246206
5246207
5246209
5246210
5246313
5246314
5246315
5246322
5246323
5246324
5246325
5246326
5246327
5246328
5246329
5246330
5246332
5246339
5246343
5246344
5246352
5246354
5246357
5246358
5246359
5246360
5246361
5246362
5246363
5246364
5246365
5246366
5246367
5246375
5246376
5246389
5246390
5246391
5246392
5246406
5246407
5246410
5246419
5246420
5246421
5246422
5246426
5246429
5246430
5246436
5246437
5246438
5246448
5246452
5246456
5246458
5246462
5246468
5246469
5246482
5246484
5246485
5246486
5246487
5246488
5246489
5246490
5246491
5246494
5246500
5246501
5246503
5246504
5246530
5246531
5246532
5246534
5246535
5246536
5246538
5246539
5246542
5246543
5246544
5246552
5246553
5246554
5246556
5246558
5246559
5246560
5246561
5246566
5246577
5246578
5246579
5246580
5246581
5246582
5246584
5246585
5246586
5246587
5246588
5246589
5246590
5246591
5246592
5246593
5246596
5246597
5246598
5246600
5246604
5246605
5246612
5246617
5246618
5246624
5246640
5246641
5246642
5246646
5246647
5246649
5246650
5246653
5246655
5246661
5246662
5246672
5246673
5246674
5246675
5246676
5246679
5246680
5246681
5246694
5246699
5246716
5246723
5246724
5246725
5246726
5246729
5246730
5246731
5246732
5246734
5246740
5246745
5246747
5246749
5246751
5246752
5246755
5246784
5246806
5246807
5246808
5246809
5246810
5246866
5246867
5246889
5246893
5246920
5246956
5246957
5246958
5246959
5246960
5246964
5246997
5247171
5247203
5247217
5247240
5247241
5247255
5247256
5247263
5247264
5247329
5247336
5247353
5247368
5247369
5247370
5247401
5247434
5247533
5247546
5247588
5247811
5247812
5247813
5247814
5247848
5247856
5247861
5247866
5247887
5247888
5247889
5248140
5248188
5248189
5248223
5248224
5248225
5248226
5248227
5248228
5248229
5248230
5248344
5248355
5248387
5248393
5248423
5248446
5248464
5248554
5248660
5248661
5248708
5248712
5248752
5248847
5248848
5248849
5248875
5248876
5248906
5248918
5248958
5248960
5248977
5249017
5249043
5249342
5249343
5249450
5249841
5249943
5249954
5249970
5249986
5250011
5250089
5250186
5250187
5250348
5250464
5250468
5250503
5250515
5250523
5250589
5250605
5250637
5250638
5250941
5250950
5251080
5251081
5251083
5251092
5251141
5251142
5251156
5251339
5251405
5251570
5251571
5251606
5251619
5251678
5251840
5251883
5251884
5252112
5252113
5252114
5252115
5252116
5252117
5252498
5252524
5252550
5252606
5252626
5252695
5252982
5252985
5252986
5252987
5252988
5252989
5252990
5252991
5253118
5253134
5253135
5253149
5253150
5253151
5253152
5253153
5253154
5253155
5253163
5253172
5253179
5253180
5253185
5253211
5253213
5253244
5253506
5253605
5253621
5253858
5253860
5253867
5253878
5253886
5253899
5253910
5253911
5253931
5253973
5254093
5254104
5254208
5254210
5254211
5254213
5254214
5254324
5254476
5254538
5254583
5254584
5254588
5254638
5254639
5254640
5254641
5254642
5254677
5254678
5254705
5254706
5254905
5254923
5254924
5254941
5254950
5254983
5254989
5254990
5254991
5254992
5254993
5255140
5255151
5255222
5255306
5255330
5255489
5255491
5255506
5255511
5255532
5255556
5255606
5255700
5255701
5255724
5255725
5255734
5255735
5255736
5255737
5255738
5255739
5255790
5255822
5255891
5255892
5255893
5255894
5255895
5255896
5255906
5255907
5255921
5255922
5255923
5255924
5255940
5255941
5255942
5255943
5256096
5256132
5256138
5256255
5256276
5256295
5256296
5256305
5256308
5256317
5256340
5256358
5256397
5256405
5256406
5256407
5256408
5256411
5256414
5256417
5256419
5256452
5256586
5256622
5256623
5256626
5256639
5256641
5256642
5256644
5256654
5256673
5256674
5256683
5256736
5256742
5256745
5256746
5256749
5256816
5256845
5256883
5256884
5256885
5256886
5256887
5256890
5256891
5256892
5256893
5256894
5256902
5256973
5256996
5257002
5257306
5257324
5257360
5257363
5257371
5257404
5257406
5257428
5257436
5257437
5257438
5257453
5257502
5257594
5257652
5257663
5257665
5257790
5257791
5257796
5257798
5257799
5257804
5257813
5257814
5257815
5257820
5257821
5257822
5257825
5257831
5257832
5257833
5257834
5257835
5257836
5257837
5257839
5257841
5257842
5257845
5257846
5257847
5257848
5257849
5257850
5257852
5257853
5257855
5257856
5257857
5257859
5257863
5257867
5257868
5257869
5257870
5257876
5257879
5257880
5257884
5257885
5257886
5257893
5257897
5257907
5257909
5257912
5257925
5257926
5257936
5257937
5257947
5257950
5257951
5257968
5257969
5257970
5257972
5257976
5257984
5257985
5257986
5257987
5257988
5257998
5258005
5258006
5258019
5258032
5258033
5258034
5258043
5258070
5258127
5258178
5258179
5258193
5258207
5258208
5258211
5258212
5258217
5258228
5258242
5258243
5258268
5258269
5258286
5258288
5258289
5258291
5258302
5258340
5258371
5258372
5258373
5258374
5258375
5258382
5258385
5258386
5258461
5258501
5258510
5258511
5258513
5258518
5258523
5258531
5258551
5258559
5258581
5258586
5258592
5258677
5258678
5258707
5258721
5258734
5258735
5258745
5258752
5258802
5258804
5258910
5258911
5258912
5259023
5259064
5259065
5259066
5259198
5259301
5259345
5259351
5259352
5259398
5259408
5259409
5259450
5259451
5259452
5259453
5259454
5259467
5259490
5259525
5259579
5259660
5259807
5259828
5259933
5259995
5260065
5260070
5260072
5260073
5260119
5260125
5260126
5260155
5260166
5260189
5260249
5260250
5260275
5260295
5260304
5260306
5260307
5260312
5260416
5260547
5260570
5260610
5260611
5260673
5260693
5260703
5260704
5260735
5260736
5260737
5260740
5260745
5260746
5260755
5260757
5260837
5260898
5260899
5260901
5261112
5261128
5261147
5261148
5261149
5261150
5261151
5261179
5261180
5261207
5261213
5261214
5261215
5261216
5261222
5261223
5261224
5261305
5261311
5261443
5261492
5261604
5261656
5261678
5261679
5261684
5261693
5261694
5261695
5261750
5261755
5261846
5261847
5261875
5261947
5261948
5261950
5261987
5261988
5261992
5262052
5262054
5262112
5262174
5262216
5262224
5262236
5262317
5262320
5262443
5262449
5262484
5262581
5262631
5262643
5262645
5262826
5262842
5262931
5262970
5263008
5263083
5263113
5263136
5263137
5263139
5263145
5263199
5263241
5263242
5263398
5263517
5263519
5263569
5263570
5263571
5263587
5263603
5263623
5263682
5263758
5263762
5263890
5263940
5264147
5264174
5264175
5264176
5264182
5264202
5264203
5264225
5264294
5264349
5264350
5264450
5264520
5264614
5264640
5264641
5264642
5264643
5264662
5264712
5264713
5264743
5264767
5264813
5264887
5264967
5265092
5265095
5265096
5265097
5265098
5265099
5265139
5265140
5265202
5265220
5265305
5265352
5265353
5265354
5265356
5265357
5265373
5265414
5265436
5265466
5265488
5265498
5265600
5265618
5265715
5265825
5265850
5265944
5265945
5265946
5265964
5266195
5266205
5266206
5266207
5266208
5266209
5266210
5266226
5266227
5266325
5266364
5266492
5266494
5266539
5266560
5266628
5266633
5266635
5266636
5266679
5266713
5266719
5266726
5266738
5266766
5266773
5266774
5266788
5266791
5266794
5266795
5266796
5266798
5266804
5266806
5266807
5266834
5266837
5266852
5266853
5266861
5266863
5266864
5266865
5266866
5266881
5266897
5266925
5266926
5266929
5266930
5266939
5266940
5266942
5266943
5266944
5266945
5266948
5266949
5266950
5266951
5266982
5266989
5266990
5266991
5267012
5267016
5267033
5267051
5267054
5267097
5267109
5267118
5267120
5267121
5267126
5267128
5267145
5267147
5267163
5267191
5267227
5267239
5267240
5267245
5267246
5267248
5267282
5267283
5267287
5267288
5267290
5267291
5267295
5267298
5267303
5267321
5267327
5267328
5267331
5267351
5267366
5267369
5267370
5267371
5267372
5267392
5267409
5267417
5267455
5267456
5267457
5267458
5267459
5267460
5267468
5267469
5267470
5267471
5267472
5267522
5267525
5267530
5267579
5267640
5267670
5267771
5267847
5267860
5267890
5267942
5267943
5267944
5267946
5267952
5267960
5267965
5267970
5267971
5267972
5267975
5267976
5267977
5267983
5268018
5268022
5268032
5268034
5268049
5268057
5268217
5268218
5268219
5268220
5268232
5268240
5268241
5268242
5268243
5268244
5268309
5268325
5268339
5268340
5268354
5268381
5268382
5268384
5268385
5268386
5268387
5268388
5268389
5268391
5268392
5268393
5268394
5268416
5268418
5268419
5268428
5268437
5268438
5268446
5268448
5268449
5268453
5268454
5268464
5268480
5268481
5268487
5268511
5268517
5268528
5268529
5268530
5268557
5268583
5268584
5268585
5268598
5268599
5268603
5268611
5268612
5268617
5268648
5268762
5268763
5268764
5268765
5268775
5268776
5268796
5268824
5268847
5268863
5269029
5269076
5269077
5269078
5269079
5269080
5269081
5269173
5269174
5269175
5269176
5269177
5269178
5269216
5269291
5269296
5269313
5269354
5269355
5269361
5269364
5269406
5269423
5269432
5269442
5269443
5269444
5269445
5269446
5269447
5269449
5269450
5269451
5269457
5269458
5269559
5269560
5269570
5269571
5269572
5269574
5269602
5269650
5269701
5269716
5269781
5269802
5269871
5269878
5269886
5269929
5269932
5269933
5269934
5269935
5269936
5269937
5269941
5269942
5269950
5269951
5269967
5269971
5269981
5269985
5270006
5270029
5270093
5270094
5270129
5270134
5270135
5270143
5270149
5270153
5270286
5270287
5270288
5270300
5270334
5270338
5270570
5270677
5270696
5270697
5270778
5270779
5270820
5270827
5270828
5270830
5270873
5270874
5270876
5271404
5271505
5271506
5271507
5271526
5271562
5271574
5271578
5271580
5271581
5271582
5271583
5271586
5271589
5271590
5271604
5271617
5271630
5271651
5271667
5271672
5271682
5271683
5271684
5271685
5271686
5271690
5271736
5271737
5271738
5271739
5271740
5271742
5271743
5271744
5271745
5271746
5271747
5271748
5271749
5271750
5271751
5271753
5271791
5271844
5271851
5271932
5271970
5271971
5271972
5271985
5271998
5272036
5272042
5272059
5272101
5272102
5272103
5272112
5272327
5272329
5272374
5272404
5272411
5272422
5272431
5272477
5272532
5272597
5272603
5272626
5272627
5272628
5272629
5272707
5272787
5272788
5272789
5272801
5272887
5272901
5272912
5272914
5272983
5272984
5272985
5272986
5273004
5273058
5273093
5273094
5273107
5273163
5273182
5273183
5273300
5273324
5273356
5273383
5273491
5273492
5273493
5273524
5273536
5273537
5273552
5273583
5273601
5273637
5273640
5273990
5274241
5274264
5274270
5274275
5274323
5274397
5274405
5274418
5274428
5274462
5274464
5274528
5274662
5274784
5274785
5274786
5274795
5274823
5274825
5274826
5274827
5274828
5274829
5274830
5274854
5274863
5274928
5275121
5275127
5275128
5275135
5275140
5275337
5275412
5275462
5275479
5275480
5275561
5275588
5275618
5275619
5275620
5275636
5275637
5275638
5275639
5275640
5275675
5275676
5275795
5275796
5275807
5275818
5275842
5275846
5275876
5275990
5275991
5275992
5275993
5275994
5275995
5275996
5275997
5275998
5275999
5276000
5276001
5276022
5276441
5276484
5276516
5276546
5276547
5276548
5276549
5276550
5276551
5276552
5276553
5276554
5276555
5276556
5276557
5276558
5276559
5276560
5276561
5276562
5276563
5276564
5276568
5276574
5276584
5276606
5276619
5276635
5276702
5276703
5276722
5276732
5276778
5276802
5276829
5276838
5276848
5276961
5276978
5276998
5277000
5277001
5277065
5277089
5277092
5277138
5277139
5277178
5277223
5277343
5277344
5277473
5277697
5277698
5277699
5277700
5277730
5277734
5277739
5277742
5277743
5277758
5277775
5277884
5277926
5277927
5277928
5277929
5277930
5277934
5277938
5277980
5278003
5278013
5278085
5278096
5278098
5278099
5278100
5278101
5278128
5278208
5278251
5278257
5278259
5278260
5278316
5278317
5278366
5278432
5278433
5278478
5278479
5278492
5278493
5278494
5278495
5278496
5278497
5278502
5278505
5278507
5278520
5278525
5278526
5278552
5278604
5278606
5278608
5278674
5278675
5278676
5278683
5278684
5278685
5278686
5278687
5278690
5278692
5278698
5278725
5278756
5278771
5278772
5278803
5278836
5278839
5278840
5278841
5278842
5278843
5278844
5278906
5278914
5278915
5278920
5279014
5279112
5279113
5279114
5279115
5279116
5279125
5279140
5279141
5279142
5279165
5279166
5279167
5279169
5279176
5279177
5279180
5279184
5279213
5279214
5279215
5279216
5279218
5279223
5279224
5279225
5279226
5279232
5279233
5279236
5279240
5279259
5279271
5279274
5279293
5279297
5279308
5279309
5279328
5279329
5279360
5279361
5279362
5279363
5279364
5279365
5279366
5279367
5279368
5279372
5279373
5279374
5279375
5279379
5279380
5279382
5279383
5279384
5279385
5279386
5279389
5279391
5279397
5279398
5279399
5279404
5279405
5279406
5279408
5279409
5279410
5279411
5279412
5279413
5279415
5279416
5279444
5279445
5279450
5279453
5279465
5279481
5279482
5279485
5279489
5279521
5279522
5279523
5279524
5279527
5279536
5279542
5279550
5279567
5279568
5279578
5279580
5279607
5279611
5279635
5279637
5279638
5279643
5279644
5279645
5279646
5279649
5279655
5279683
5279697
5279715
5279727
5279829
5279839
5279845
5279846
5279848
5279865
5279866
5279867
5279868
5279869
5279870
5279871
5279872
5279885
5279886
5279934
5279941
5279980
5279987
5280015
5280070
5280081
5280115
5280133
5280152
5280153
5280166
5280200
5280248
5280249
5280253
5280348
5280390
5280391
5280392
5280396
5280417
5280528
5280530
5280534
5280538
5280539
5280666
5280721
5280750
5280752
5280753
5280774
5280775
5280776
5280848
5280850
5280880
5280881
5280882
5280883
5280884
5280887
5280888
5280898
5280899
5280900
5280906
5280911
5280990
5281037
5281129
5281131
5281170
5281178
5281285
5281371
5281433
5281434
5281435
5281471
5281472
5281473
5281703
5281751
5281828
5281860
5281918
5281922
5281923
5282012
5282180
5282326
5282328
5282338
5282417
5282418
5282445
5282446
5282502
5282528
5282532
5282533
5282562
5282623
5282680
5282727
5282771
5282772
5282977
5282978
5282979
5282980
5283000
5283128
5283178
5283179
5283180
5283181
5283258
5283292
5283349
5283405
5283500
5283598
5283599
5283600
5283601
5283612
5283617
5283695
5283842
5283845
5283846
5283878
5284124
5284160
5284284
5284302
5284328
5284332
5284361
5284421
5284471
5284480
5284525
5284526
5284539
5284599
5284638
5284643
5284694
5284746
5284788
5284804
5284805
5284807
5284808
5284818
5284821
5284868
5284957
5285018
5285157
5285251
5285252
5285253
5285350
5285382
5285393
5285408
5285589
5285697
5285716
5285779
5286073
5286115
5286120
5286149
5286194
5286205
5286212
5286216
5286217
5286218
5286219
5286220
5286221
5286222
5286259
5286260
5286295
5286388
5286389
5286413
5286440
5286442
5286489
5286497
5286498
5286518
5286536
5286624
5286660
5286741
5286813
5287038
5287089
5287098
5287221
5287223
5287224
5287255
5287259
5287291
5287308
5287342
5287455
5287469
5287548
5287622
5287669
5287731
5287732
5287765
5287776
5287813
5287814
5287816
5287817
5287832
5287858
5287862
5287865
5287878
5287892
5287896
5287897
5287898
5287904
5287905
5287906
5287909
5287915
5287927
5287933
5287940
5287994
5288072
5288278
5288306
5288308
5288310
5288368
5288369
5288370
5288371
5288372
5288373
5288374
5288387
5288388
5288391
5288394
5288448
5288489
5288493
5288576
5288602
5288603
5288612
5288671
5288690
5288692
5288868
5289012
5289013
5289054
5289077
5289078
5289079
5289090
5289092
5289109
5289112
5289139
5289163
5289174
5289203
5289205
5289206
5289207
5289208
5289209
5289223
5289226
5289236
5289248
5289253
5289254
5289255
5289256
5289259
5289261
5289262
5289267
5289289
5289290
5289291
5289300
5289304
5289311
5289315
5289316
5289327
5289328
5289329
5289341
5289344
5289367
5289369
5289386
5289387
5289388
5289405
5289406
5289410
5289411
5289412
5289413
5289414
5289421
5289423
5289424
5289435
5289442
5289443
5289445
5289513
5289535
5289540
5289635
5289636
5289658
5289671
5289678
5289681
5289743
5289744
5289745
5289746
5289758
5289759
5289770
5289808
5289809
5289819
5289842
5289843
5289866
5289873
5289874
5289875
5289876
5289877
5289878
5289902
5289903
5289909
5289912
5289913
5289926
5290004
5290020
5290054
5290055
5290056
5290057
5290058
5290192
5290207
5290208
5290215
5290222
5290230
5290231
5290238
5290239
5290279
5290285
5290412
5290421
5290435
5290436
5290460
5290470
5290479
5290536
5290574
5290575
5290576
5290577
5290578
5290586
5290599
5290751
5290764
5290772
5290795
5290810
5290837
5290885
5290886
5290922
5290935
5290997
5291036
5291053
5291119
5291121
5291182
5291189
5291208
5291242
5291249
5291255
5291296
5291301
5291388
5291390
5291424
5291467
5291545
5291590
5291593
5291594
5291595
5291598
5291599
5291600
5291603
5291604
5291605
5291606
5291607
5291608
5291612
5291614
5291624
5291625
5291627
5291628
5291904
5293280
5293319
5293600
5293602
5293607
5293608
5293654
5293655
5293658
5293659
5293813
5293814
5293826
5293841
5293856
5293915
5293917
5293921
5293964
5294167
5294175
5294214
5294352
5294358
5294359
5294395
5294407
5294428
5294448
5294487
5294506
5294564
5294568
5294582
5294707
5294711
5294755
5294787
5294790
5295039
5295094
5295095
5295100
5295122
5295123
5295127
5295188
5295196
5295319
5295320
5295331
5295351
5295369
5295682
5295683
5295710
5295787
5295789
5295800
5295840
5295841
5295842
5295843
5295874
5295914
5295917
5295918
5296091
5296129
5296137
5296350
5296362
5296432
5296480
5296534
5296546
5296547
5296635
5296664
5296748
5296780
5296809
5296878
5296925
5296952
5296979
5297062
5297063
5297066
5297116
5297159
5297176
5297283
5297284
5297285
5297286
5297287
5297331
5297349
5297359
5297421
5297456
5297479
5297499
5297510
5297511
5297528
5297547
5297552
5297561
5297617
5297632
5297696
5297699
5297705
5297717
5297774
5297775
5297776
5297777
5297778
5297927
5297948
5297949
5297950
5297951
5297952
5297953
5297954
5297955
5297956
5297957
5297975
5297976
5297977
5298014
5298015
5298019
5298032
5298044
5298045
5298064
5298080
5298101
5298103
5298112
5298121
5298123
5298139
5298177
5298187
5298188
5298197
5298225
5298292
5298293
5298305
5298308
5298309
5298315
5298316
5298317
5298318
5298322
5298325
5298327
5298329
5298336
5298337
5298351
5298360
5298361
5298362
5298363
5298364
5298365
5298381
5298404
5298425
5298426
5298430
5298440
5298443
5298445
5298466
5298510
5298513
5298530
5298547
5298557
5298558
5298560
5298562
5298563
5298564
5298628
5298635
5298636
5298637
5298638
5298639
5298640
5298702
5298703
5298786
5298945
5298947
5299037
5299055
5299111
5299112
5299113
5299129
5299161
5299232
5299251
5299291
5299292
5299293
5299329
5299331
5299453
5299487
5299488
5299500
5299536
5299544
5299560
5299609
5299641
5299642
5299643
5299644
5299645
5299646
5299647
5299648
5299649
5299660
5299661
5299662
5299669
5299670
5299790
5299791
5299793
5299836
5299839
5299842
5299847
5299902
5299904
5299908
5299911
5299912
5299922
5299923
5299943
5299946
5299950
5299958
5299959
5299965
5299971
5299977
5299981
5299982
5300014
5300049
5300050
5300065
5300071
5300073
5300074
5300110
5300113
5300140
5300141
5300163
5300188
5300189
5300190
5300268
5300308
5300373
5300454
5300463
5300464
5300465
5300484
5300501
5300530
5300636
5300660
5300776
5300777
5300778
5300783
5300784
5300785
5300786
5300787
5300789
5300818
5300819
5300841
5301018
5301021
5301022
5301060
5301092
5301298
5301315
5301327
5301334
5301343
5301399
5301422
5301432
5301446
5301515
5301520
5301754
5301814
5301899
5301994
5302014
5302020
5302021
5302034
5302260
5302377
5302412
5302413
5302414
5302415
5302483
5302801
5302802
5302812
5302828
5302830
5302831
5302833
5302905
5303081
5303106
5303122
5303159
5303209
5303344
5303345
5303346
5303370
5303449
5303476
5303525
5303527
5303528
5303637
5303741
5303742
5303760
5303823
5303967
5303972
5304033
5304078
5304241
5304265
5304384
5304395
5304439
5304592
5304879
5304916
5304965
5305060
5305357
5305379
5305431
5305515
5305608
5305623
5305624
5305692
5305809
5305870
5305896
5305936
5305947
5305948
5305949
5305975
5305998
5305999
5306006
5306197
5306209
5306213
5306321
5306322
5306327
5306365
5306404
5306516
5306518
5306630
5306631
5306632
5306745
5306865
5306933
5306939
5307050
5307105
5307175
5307179
5307185
5307253
5307262
5307279
5307303
5307406
5307420
5307422
5307428
5307431
5307444
5307497
5307498
5307567
5307577
5307633
5307673
5307679
5307704
5307718
5307809
5307822
5307835
5307836
5307860
5307876
5307877
5307878
5307880
5307932
5307940
5307941
5307942
5307983
5307986
5308018
5308048
5308049
5308110
5308139
5308140
5308141
5308304
5308306
5308332
5308348
5308352
5308360
5308361
5308364
5308367
5308382
5308383
5308384
5308385
5308386
5308388
5308395
5308396
5308421
5308422
5308423
5308424
5308425
5308429
5308445
5308447
5308454
5308455
5308456
5308459
5308470
5308471
5308480
5308481
5308482
5308488
5308489
5308499
5308500
5308501
5308502
5308503
5308559
5308561
5308589
5308599
5308642
5308648
5308651
5308656
5308658
5308675
5308678
5308679
5308685
5308688
5308691
5308702
5308787
5308814
5308913
5308941
5308952
5308953
5308954
5309062
5309063
5309064
5309096
5309097
5309118
5309202
5309259
5309304
5309319
5309320
5309323
5309324
5309334
5309336
5309339
5309357
5309361
5309362
5309373
5309392
5309393
5309394
5309395
5309396
5309399
5309402
5309445
5309550
5309590
5309657
5309658
5309659
5309660
5309661
5309844
5309852
5309853
5309871
5309872
5309876
5310055
5310078
5310154
5310159
5310161
5310166
5310180
5310562
5310563
5310581
5310582
5310583
5310623
5310624
5310628
5310763
5310767
5310786
5310798
5310799
5310952
5310994
5310995
5311148
5311149
5311157
5311183
5311185
5311191
5311192
5311290
5311292
5311301
5311353
5311419
5311596
5311669
5312074
5312100
5312101
5312181
5312182
5312183
5312227
5312251
5312388
5312394
5312499
5312553
5312554
5312628
5312638
5312650
5312651
5312652
5312654
5312665
5312680
5312681
5312682
5312683
5312684
5312685
5312692
5312693
5312745
5312746
5312747
5312748
5312749
5312751
5312752
5312753
5312754
5312755
5312756
5312757
5312758
5312870
5312972
5313120
5313242
5313243
5313249
5313321
5313326
5313367
5313389
5313391
5313437
5313655
5313656
5313777
5313778
5313779
5313780
5313781
5313782
5313783
5313796
5313801
5313878
5313883
5313946
5313971
5313972
5313973
5313974
5313975
5313976
5314108
5314122
5314209
5314252
5314253
5314366
5314371
5314385
5314386
5314387
5314388
5314389
5314390
5314616
5314617
5314724
5314752
5314988
5314991
5315003
5315004
5315014
5315015
5315016
5315027
5315028
5315029
5315030
5315034
5315046
5315179
5315180
5315181
5315182
5315211
5315236
5315267
5315268
5315269
5315335
5315359
5315415
5315424
5315442
5315592
5315608
5315661
5315678
5315679
5315710
5315860
5315935
5315940
5315992
5315993
5315996
5316164
5316165
5316166
5316184
5316185
5316186
5316189
5316446
5316765
5316766
5316908
5316947
5316982
5317124
5317176
5317177
5317270
5317372
5317384
5317451
5317524
5317650
5317675
5317730
5317871
5317891
5317975
5318071
5318151
5318157
5318164
5318165
5318210
5318211
5318212
5318213
5318214
5318221
5318233
5318234
5318277
5318284
5318306
5318611
5318620
5318621
5318630
5318631
5318632
5318746
5318748
5318753
5318762
5318763
5318764
5318765
5318766
5318767
5318774
5318775
5318776
5318778
5318783
5318785
5318794
5318811
5318814
5318815
5318816
5318853
5318859
5318862
5318863
5318865
5318866
5318868
5318869
5318882
5318886
5318888
5318890
5318895
5318896
5318897
5318898
5318899
5318900
5318901
5318902
5318904
5318924
5319111
5319112
5319166
5319185
5319199
5319231
5319334
5319340
5319341
5319375
5319434
5319437
5319464
5319467
5319468
5319469
5319470
5319471
5319472
5319473
5319481
5319494
5319495
5319496
5319497
5319498
5319499
5319520
5319597
5319619
5319621
5319624
5319633
5319634
5319635
5319636
5319773
5319775
5319776
5319805
5319823
5319830
5319848
5319892
5319899
5319942
5319959
5319960
5319971
5319989
5319999
5320018
5320046
5320056
5320117
5320156
5320175
5320251
5320291
5320308
5320309
5320310
5320314
5320317
5320337
5320344
5320353
5320361
5320363
5320462
5320489
5320536
5320546
5320554
5320558
5320569
5320583
5320584
5320585
5320586
5320587
5320620
5320738
5320739
5320800
5320885
5320911
5320946
5321008
5321198
5321245
5321251
5321298
5321395
5321428
5321446
5321543
5321560
5321742
5321756
5321770
5321773
5321908
5321926
5322092
5322152
5322205
5322242
5322341
5322427
5322557
5322576
5322577
5322578
5322579
5322633
5322726
5322741
5322753
5322759
5322843
5322879
5322884
5323206
5323207
5323253
5323314
5323315
5323454
5323461
5323498
5323506
5323622
5323623
5323637
5323647
5323648
5323649
5323768
5323778
5323855
5323857
5323859
5323881
5323882
5323899
5323985
5323987
5324149
5324153
5324155
5324161
5324165
5324184
5324185
5324186
5324187
5324203
5324238
5324239
5324240
5324241
5324351
5324353
5324435
5324453
5324471
5324472
5324622
5324623
5324851
5324852
5324853
5324856
5324857
5324858
5324859
5324860
5324885
5324921
5325301
5325347
5325592
5325602
5325615
5325646
5325666
5325673
5325674
5325676
5325677
5325678
5325679
5325680
5325681
5325682
5325768
5325777
5325789
5325791
5325796
5325797
5325811
5325839
5325840
5325841
5325842
5325843
5325986
5326043
5326044
5326045
5326068
5326273
5326296
5326315
5326405
5326514
5326548
5326553
5326554
5326646
5326672
5326683
5326787
5326788
5326789
5326790
5326802
5326939
5326940
5326977
5326978
5327020
5327022
5327088
5327089
5327090
5327091
5327092
5327093
5327114
5327124
5327132
5327143
5327144
5327166
5327171
5327228
5327426
5327438
5327494
5327553
5327566
5327569
5327655
5327656
5327657
5327658
5327659
5327660
5327688
5327719
5327780
5327886
5327894
5327895
5327896
5327920
5327922
5327928
5327937
5327946
5328018
5328029
5328035
5328070
5328143
5328270
5328306
5328366
5328395
5328396
5328397
5328398
5328443
5328488
5328489
5328503
5328508
5328509
5328510
5328521
5328522
5328523
5328524
5328531
5328612
5328620
5328621
5328649
5328705
5328742
5328743
5328744
5328774
5328775
5328895
5328904
5328954
5329025
5329049
5329062
5329182
5329210
5329211
5329220
5329226
5329227
5329228
5329229
5329230
5329236
5329237
5329263
5329264
5329280
5329285
5329307
5329309
5329312
5329344
5329349
5329350
5329382
5329426
5329432
5329455
5329517
5329532
5329545
5329610
5329611
5329636
5329682
5329708
5329761
5330054
5330098
5330099
5330100
5330101
5330102
5330103
5330104
5330105
5330106
5330107
5330108
5330109
5330110
5330111
5330112
5330113
5330114
5330115
5330116
5330117
5330128
5330135
5330151
5330152
5330153
5330244
5330245
5330246
5330247
5330248
5330254
5330256
5330257
5330295
5330297
5330435
5330535
5330547
5330549
5330550
5330579
5330716
5330717
5330819
5330820
5330821
5330932
5330974
5331071
5331124
5331139
5331280
5331290
5331291
5331292
5331338
5331358
5331439
5331681
5331826
5331953
5331982
5331990
5331991
5331992
5331993
5331994
5331995
5331996
5332035
5332059
5332070
5332096
5332105
5332124
5332299
5332300
5332314
5332358
5332386
5332485
5332634
5332649
5332737
5332767
5332862
5332863
5332887
5332888
5332889
5332890
5332904
5332905
5332906
5332921
5332924
5332933
5333012
5333107
5333113
5333124
5333126
5333231
5333232
5333282
5333286
5333295
5333296
5333300
5333342
5333354
5333358
5333425
5333482
5333483
5333484
5333558
5333599
5333612
5333613
5333624
5333655
5333657
5333658
5333659
5333702
5333707
5333748
5333760
5333999
5334028
5334029
5334379
5334380
5334504
5334732
5334733
5334746
5334916
5334980
5334981
5335066
5335067
5335068
5335069
5335070
5335071
5335122
5335123
5335296
5335320
5335367
5335389
5335390
5335391
5335392
5335393
5335453
5335466
5335494
5335501
5335608
5335615
5335617
5335618
5335619
5335773
5335793
5335802
5335895
5335930
5335962
5335970
5335971
5335982
5335983
5336020
5336192
5336247
5336254
5336256
5336288
5336289
5336290
5336291
5336376
5336406
5336409
5336470
5336495
5336496
5336541
5336546
5336633
5336641
5336644
5336678
5336679
5336680
5336681
5336692
5336693
5336694
5336695
5336840
5336841
5336850
5336851
5336852
5336853
5336858
5336861
5337068
5337167
5337169
5337188
5337206
5337207
5337208
5337209
5337213
5337217
5337219
5337220
5337235
5337236
5337307
5337308
5337310
5337320
5337326
5337350
5337528
5337540
5337568
5337574
5337575
5337576
5337577
5337578
5337579
5337619
5337734
5337735
5337754
5337755
5337775
5337976
5338029
5338030
5338031
5338032
5338033
5338042
5338043
5338094
5338101
5338102
5338104
5338105
5338116
5338127
5338155
5338156
5338172
5338173
5338187
5338188
5338192
5338195
5338234
5338238
5338242
5338252
5338253
5338261
5338262
5338285
5338302
5338303
5338304
5338306
5338322
5338326
5338331
5338352
5338362
5338364
5338368
5338369
5338371
5338382
5338389
5338391
5338394
5338415
5338434
5338435
5338458
5338459
5338561
5338564
5338578
5338586
5338589
5338662
5338720
5338721
5338722
5338723
5338727
5338737
5338786
5338787
5338788
5338799
5338803
5338822
5338850
5338862
5338869
5338870
5338881
5338884
5338900
5338901
5338902
5338921
5338968
5339059
5339072
5339073
5339074
5339075
5339076
5339112
5339142
5339223
5339311
5339342
5339349
5339353
5339481
5339489
5339531
5339543
5339560
5339565
5339573
5339609
5339616
5339645
5339648
5339649
5339661
5339666
5339687
5339688
5339691
5339760
5339764
5339991
5340131
5340132
5340278
5340279
5340312
5340381
5340511
5340522
5340567
5340587
5340743
5340750
5340751
5340757
5340809
5340832
5340835
5340858
5340902
5340903
5340904
5340905
5340922
5340971
5341052
5341055
5341056
5341057
5341058
5341059
5341070
5341106
5341107
5341116
5341117
5341119
5341175
5341199
5341200
5341201
5341302
5341304
5341331
5341343
5341398
5341618
5341642
5341643
5341644
5341649
5341678
5341696
5341697
5341730
5341731
5341732
5341767
5341850
5341861
5341914
5341957
5341993
5342027
5342122
5342131
5342137
5342138
5342146
5342290
5342321
5342358
5342359
5342360
5342401
5342415
5342625
5342629
5342630
5342654
5342657
5342665
5342737
5342738
5342739
5342740
5342741
5342742
5342743
5342744
5342745
5342746
5342747
5342748
5342749
5342750
5342751
5342752
5342753
5342754
5342755
5342768
5342806
5342809
5342810
5342815
5342849
5342850
5342967
5342975
5343007
5343008
5343030
5343031
5343174
5343177
5343267
5343335
5343357
5343381
5343427
5343428
5343464
5343465
5343497
5343550
5343581
5343596
5343662
5343715
5343716
5343722
5343727
5343728
5343729
5343802
5343803
5343839
5343858
5343996
5344016
5344035
5344036
5344037
5344038
5344040
5344083
5344124
5344142
5344219
5344250
5344328
5344374
5344401
5344415
5344437
5344455
5344573
5344598
5344693
5344746
5344768
5344882
5344894
5344927
5344938
5344959
5345001
5345002
5345003
5345004
5345005
5345006
5345013
5345020
5345029
5345037
5345045
5345064
5345065
5345222
5345239
5345248
5345276
5345311
5345312
5345313
5345314
5345411
5345457
5345468
5345473
5345474
5345478
5345484
5345492
5345500
5345511
5345583
5345641
5345642
5345651
5345679
5345687
5345701
5345709
5345796
5345802
5345859
5345860
5345893
5345905
5345906
5345913
5345914
5345976
5345978
5345979
5345985
5345989
5346008
5346009
5346010
5346011
5346012
5346013
5346014
5346015
5346016
5346037
5346049
5346066
5346374
5346375
5346376
5346701
5346739
5346740
5346743
5346855
5346892
5346921
5346922
5346923
5346928
5346951
5346952
5346965
5347009
5347107
5347119
5347122
5347192
5347195
5347208
5347209
5347210
5347213
5347227
5347235
5347239
5347253
5347254
5347255
5347257
5347259
5347260
5347288
5347289
5347290
5347291
5347292
5347300
5347301
5347302
5347320
5347321
5347326
5347331
5347332
5347339
5347347
5347360
5347370
5347389
5347406
5347407
5347410
5347411
5347412
5347413
5347414
5347423
5347428
5347430
5347431
5347432
5347433
5347441
5347450
5347452
5347460
5347461
5347462
5347464
5347467
5347468
5347477
5347485
5347487
5347500
5347516
5347517
5347518
5347519
5347531
5347534
5347566
5347570
5347571
5347574
5347611
5347612
5347630
5347631
5347674
5347677
5347799
5347800
5347801
5347888
5347889
5347890
5347939
5347940
5348077
5348081
5348083
5348103
5348105
5348159
5348164
5348186
5348187
5348190
5348274
5348351
5348445
5348462
5348463
5348500
5348512
5348590
5348636
5348644
5348723
5348724
5348733
5348749
5348750
5348831
5348837
5348838
5348839
5348840
5348841
5348842
5348843
5348863
5348875
5348910
5348911
5348948
5348956
5348984
5349008
5349041
5349133
5349147
5349152
5349194
5349222
5349301
5349411
5349412
5349415
5349416
5349417
5349418
5349419
5349420
5349421
5349585
5349602
5349622
5349626
5349651
5349750
5349914
5349947
5349968
5349969
5349970
5349971
5349984
5350019
5350030
5350038
5350058
5350059
5350060
5350073
5350075
5350078
5350117
5350177
5350181
5350214
5350219
5350277
5350343
5350394
5350470
5350508
5350618
5350619
5350620
5350621
5350711
5350712
5350742
5350844
5350880
5350925
5350926
5350927
5350928
5350929
5350930
5350931
5350932
5350933
5350967
5351028
5351080
5351249
5351250
5351251
5351252
5351253
5351254
5351259
5351400
5351401
5351402
5351403
5351404
5351405
5351406
5351407
5351408
5351409
5351468
5351475
5351477
5351538
5351838
5351980
5352025
5352058
5352132
5352303
5352344
5352360
5352424
5352442
5352493
5352494
5352495
5352496
5352497
5352498
5352524
5352627
5352628
5352629
5352633
5352678
5352679
5352711
5352891
5352907
5352910
5352911
5352912
5352913
5352914
5352915
5352916
5352979
5352980
5352981
5352982
5352983
5352984
5353026
5353080
5353081
5353082
5353083
5353084
5353283
5353312
5353313
5353316
5353325
5353403
5353404
5353405
5353413
5353416
5353417
5353489
5353504
5353520
5353539
5353551
5353642
5353669
5353670
5353682
5353720
5353728
5353757
5353758
5353781
5353784
5353902
5353915
5353970
5354086
5354087
5354088
5354092
5354144
5354145
5354146
5354179
5354190
5354201
5354394
5354399
5354400
5354418
5354419
5354420
5354421
5354422
5354584
5354826
5354827
5354828
5354829
5354830
5354831
5354904
5355073
5355118
5355132
5355204
5355207
5355208
5355217
5355219
5355356
5355497
5355761
5355765
5355769
5355804
5355822
5355825
5355829
5355834
5355890
5355901
5355907
5355912
5355960
5355970
5355971
5355972
5355973
5355991
5355992
5355995
5355996
5355997
5356002
5356003
5356004
5356016
5356017
5356018
5356019
5356021
5356022
5356023
5356026
5356043
5356060
5356100
5356131
5356132
5356133
5356134
5356150
5356151
5356154
5356391
5356392
5356413
5356548
5356569
5356633
5356731
5356823
5356824
5356825
5356838
5356861
5356867
5356890
5356906
5356974
5356975
5356976
5356977
5357010
5357038
5357124
5357125
5357229
5357234
5357244
5357252
5357312
5357324
5357325
5357345
5357347
5357357
5357368
5357375
5357376
5357377
5357381
5357384
5357385
5357386
5357387
5357388
5357389
5357393
5357401
5357422
5357423
5357428
5357437
5357441
5357442
5357451
5357478
5357486
5357494
5357495
5357496
5357497
5357498
5357499
5357501
5357502
5357503
5357504
5357505
5357506
5357508
5357510
5357511
5357512
5357513
5357514
5357515
5357516
5357527
5357531
5357546
5357547
5357569
5357594
5357598
5357599
5357600
5357601
5357602
5357603
5357609
5357611
5357612
5357633
5357634
5357635
5357657
5357744
5357745
5357747
5357760
5357761
5357809
5357810
5357817
5357829
5357837
5357886
5357887
5357933
5357993
5357994
5357995
5358041
5358042
5358052
5358081
5358161
5358249
5358388
5358417
5358419
5358420
5358421
5358428
5358430
5358432
5358436
5358445
5358448
5358461
5358462
5358607
5358608
5358636
5358640
5358703
5358720
5358736
5358737
5358738
5358746
5358763
5358804
5358817
5358904
5358934
5358935
5358936
5358937
5358938
5358939
5358971
5359011
5359084
5359085
5359092
5359105
5359116
5359210
5359272
5359473
5359474
5359475
5359476
5359477
5359478
5359479
5359480
5359556
5359559
5359560
5359694
5359695
5359696
5359697
5359703
5359704
5359718
5359732
5359739
5359919
5359969
5360003
5360025
5360042
5360054
5360085
5360170
5360219
5360220
5360222
5360223
5360224
5360282
5360296
5360313
5360395
5360437
5360442
5360595
5360596
5360602
5360640
5360641
5360661
5360676
5360732
5360733
5360734
5360735
5360736
5360777
5360778
5360779
5360780
5360781
5360782
5360783
5360838
5360847
5360977
5361052
5361054
5361243
5361273
5361347
5361420
5361463
5361558
5361754
5361909
5361979
5361986
5361993
5362010
5362032
5362271
5362315
5362346
5362460
5362486
5362515
5362516
5362580
5362603
5362744
5362822
5362823
5362832
5362849
5362850
5362851
5362852
5362853
5362854
5362855
5362856
5362857
5362992
5363007
5363241
5363371
5363372
5363373
5363374
5363375
5363376
5363378
5363379
5363382
5363383
5363384
5363447
5363489
5363566
5363571
5363572
5363573
5363577
5363578
5363579
5363597
5363598
5363607
5363608
5363627
5363656
5363657
5363658
5363704
5363709
5363776
5363834
5363840
5363842
5363857
5363938
5363953
5363956
5363975
5363985
5363986
5363988
5364023
5364028
5364031
5364032
5364033
5364034
5364035
5364129
5364131
5364144
5364444
5364473
5364474
5364600
5364601
5364633
5364724
5364783
5364786
5364860
5364895
5364927
5364935
5364961
5364986
5365041
5365063
5365071
5365180
5365277
5365313
5365314
5365346
5365347
5365366
5365430
5365435
5365472
5365551
5365552
5365553
5365554
5365557
5365588
5365612
5365613
5365777
5365820
5365851
5365876
5365937
5365938
5365942
5365982
5365985
5365986
5365987
5365988
5365989
5365995
5365999
5366000
5366001
5366002
5366003
5366004
5366017
5366018
5366079
5366109
5366152
5366153
5366154
5366155
5366156
5366157
5366158
5366159
5366237
5366264
5366268
5366269
5366292
5366294
5366295
5366296
5366297
5366298
5366299
5366300
5366301
5366302
5366303
5366304
5366305
5366372
5366385
5366386
5366387
5366390
5366391
5366392
5366398
5366399
5366408
5366425
5366465
5366483
5366484
5366485
5366536
5366552
5366553
5366554
5366579
5366580
5366581
5366645
5366649
5366651
5366652
5366657
5366658
5366659
5366662
5366663
5366668
5366679
5366680
5366691
5366692
5366693
5366696
5366702
5366703
5366704
5366705
5366706
5366710
5366713
5366777
5366783
5366784
5366832
5366859
5366862
5366863
5366864
5366865
5366867
5366868
5366869
5366870
5366871
5366872
5366873
5366874
5366875
5366876
5366877
5366896
5366899
5366900
5366920
5366955
5366990
5367017
5367034
5367045
5367056
5367057
5367070
5367086
5367088
5367093
5367094
5367103
5367104
5367105
5367106
5367107
5367112
5367299
5367326
5367391
5367532
5367654
5367673
5367713
5367724
5367755
5367769
5367770
5367771
5367772
5367773
5367807
5367815
5367816
5367817
5367825
5367826
5367904
5367905
5367969
5368006
5368095
5368210
5368241
5368242
5368348
5368495
5368517
5368518
5368519
5368520
5368521
5368533
5368541
5368549
5368602
5368783
5368784
5368785
5368994
5368995
5369167
5369410
5369411
5369558
5369594
5369670
5369671
5369672
5369826
5369827
5369828
5369829
5369830
5369916
5369982
5370000
5370008
5370070
5370129
5370184
5370185
5370211
5370218
5370258
5370329
5370392
5370393
5370394
5370452
5370516
5370517
5370518
5370519
5370520
5370521
5370522
5370523
5370536
5370555
5370561
5370574
5370596
5370597
5370598
5370599
5370600
5370601
5370602
5370603
5370604
5370639
5370685
5370686
5370687
5370688
5370689
5370741
5370785
5370828
5370885
5370966
5370967
5370968
5371088
5371090
5371091
5371102
5371103
5371194
5371236
5371278
5371403
5371471
5371509
5371589
5371643
5371816
5371913
5371917
5371918
5371919
5371930
5371971
5372031
5372032
5372071
5372096
5372215
5372538
5372552
5372566
5372687
5372876
5373092
5373114
5373115
5373277
5373342
5373508
5373550
5373722
5373957
5374078
5374112
5374134
5374157
5374251
5374396
5374515
5374539
5374552
5374566
5374683
5374684
5374685
5374692
5374718
5374719
5374720
5374722
5374737
5374738
5374739
5374740
5374836
5374858
5374925
5374953
5374955
5374956
5374957
5374958
5374959
5374960
5374961
5374962
5374963
5374964
5374965
5374975
5375029
5375225
5375476
5375477
5375500
5375506
5375518
5375570
5375587
5375620
5375621
5375622
5375623
5375682
5375683
5375684
5375685
5375743
5375745
5375747
5375771
5375794
5375795
5375848
5375939
5375941
5375942
5375948
5375949
5375958
5375959
5375969
5375970
5375972
5375973
5375974
5375975
5375976
5375977
5375980
5375981
5375985
5375986
5375994
5376030
5376036
5376046
5376047
5376048
5376049
5376051
5376073
5376076
5376079
5376107
5376124
5376131
5376171
5376172
5376173
5376179
5376192
5376253
5376271
5376331
5376332
5376335
5376393
5376394
5376398
5376459
5376460
5376461
5376462
5376463
5376490
5376491
5376492
5376493
5376494
5376495
5376496
5376497
5376498
5376499
5376500
5376501
5376642
5376647
5376653
5376731
5376746
5376798
5376815
5376823
5376833
5376834
5376835
5376836
5376837
5376838
5376839
5376840
5377194
5377195
5377248
5377422
5377432
5377451
5377452
5377453
5377456
5377462
5377512
5377571
5377603
5377712
5377713
5377716
5377717
5377720
5377724
5377738
5377740
5377747
5377748
5377777
5377784
5377785
5377786
5377787
5377788
5377789
5377790
5377792
5377796
5377797
5377803
5377804
5377805
5377815
5377830
5377878
5377879
5377880
5377881
5377882
5377931
5377988
5378077
5378209
5378218
5378284
5378288
5378289
5378316
5378366
5378414
5378426
5378442
5378468
5378470
5378495
5378496
5378497
5378498
5378499
5378500
5378501
5378502
5378503
5378504
5378505
5378506
5378507
5378508
5378509
5378510
5378511
5378512
5378513
5378514
5378515
5378516
5378517
5378518
5378519
5378520
5378521
5378522
5378523
5378524
5378525
5378526
5378527
5378528
5378529
5378530
5378531
5378532
5378533
5378534
5378535
5378536
5378537
5378538
5378539
5378540
5378541
5378542
5378543
5378544
5378545
5378546
5378547
5378548
5378549
5378550
5378551
5378552
5378553
5378556
5378564
5378568
5378730
5378745
5378748
5378749
5378750
5378780
5378781
5378828
5378942
5378943
5379092
5379111
5379272
5379341
5379367
5379368
5379369
5379370
5379506
5379518
5379584
5379725
5379728
5379812
5379833
5379926
5379937
5379939
5379964
5379965
5379966
5379967
5380021
5380056
5380149
5380248
5380306
5380310
5380386
5380387
5380388
5380389
5380613
5380614
5380616
5380642
5380648
5380674
5380960
5380980
5381113
5381240
5381279
5381459
5381509
5381510
5381511
5381512
5381513
5381587
5381622
5381623
5381624
5381625
5381626
5381627
5381628
5381663
5381721
5381741
5381945
5381946
5381947
5381948
5381949
5381976
5381997
5382105
5382119
5382192
5382276
5382316
5382435
5382461
5382640
5382665
5383109
5383220
5383221
5383222
5383289
5383304
5383335
5383347
5383377
5383378
5383379
5383380
5383423
5383424
5383448
5383541
5383542
5383543
5383544
5383545
5383635
5383729
5383735
5383736
5383737
5383738
5383739
5383797
5383964
5383978
5383988
5383989
5384015
5384160
5384398
5384399
5384454
5384458
5384492
5384531
5384542
5384558
5384601
5384707
5384873
5384879
5384880
5384982
5385000
5385047
5385056
5385057
5385349
5385592
5385593
5385686
5385808
5385901
5385902
5385903
5385904
5385905
5386167
5386189
5386321
5386322
5386324
5386346
5386364
5386439
5386458
5386472
5386473
5386474
5386475
5386476
5386533
5386544
5386625
5386655
5386677
5386678
5386700
5386752
5386753
5386754
5386755
5386756
5386757
5386758
5386769
5386789
5386798
5386811
5386812
5386813
5386814
5386815
5386816
5386820
5386825
5386826
5386827
5386828
5386829
5386830
5386831
5386832
5386833
5386835
5386864
5386889
5386902
5386928
5386929
5386930
5386961
5386988
5386991
5387129
5387141
5387142
5387143
5387144
5387145
5387146
5387147
5387148
5387149
5387150
5387151
5387173
5387189
5387207
5387405
5387420
5387452
5387459
5387461
5387462
5387463
5387464
5387466
5387467
5387469
5387471
5387524
5387525
5387576
5387577
5387617
5387618
5387624
5387646
5387647
5387648
5387649
5387650
5387662
5387731
5387732
5387733
5387734
5387826
5387827
5387828
5387869
5387870
5387872
5387878
5387881
5387891
5387894
5387902
5387903
5387908
5387916
5387917
5387918
5387920
5387921
5387922
5387923
5387924
5387925
5387926
5387929
5387933
5387934
5387935
5387938
5387939
5387941
5387943
5387953
5387958
5387959
5387960
5387961
5387962
5387963
5387975
5388117
5388142
5388148
5388194
5388195
5388196
5388197
5388198
5388199
5388200
5388201
5388202
5388334
5388335
5388336
5388337
5388338
5388459
5388468
5388475
5388479
5388481
5388526
5388564
5388570
5388574
5388575
5388581
5388585
5388616
5388618
5388619
5388623
5388680
5388681
5388682
5388699
5388711
5388712
5388734
5388737
5388815
5388822
5388836
5388984
5388985
5388986
5388987
5388988
5388989
5388990
5388991
5388992
5388993
5388994
5388995
5388996
5389018
5389030
5389036
5389047
5389080
5389130
5389232
5389233
5389295
5389300
5389301
5389336
5389337
5389396
5389409
5389440
5389466
5389467
5389490
5389514
5389562
5389593
5389622
5389626
5389650
5389695
5389696
5389697
5389698
5389699
5389700
5389701
5389714
5389782
5389802
5389803
5389812
5389821
5389822
5389835
5389899
5390079
5390080
5390081
5390082
5390083
5390084
5390085
5390086
5390087
5390088
5390089
5390090
5390396
5390397
5390398
5390406
5390612
5390630
5390636
5390657
5390659
5390662
5390844
5390886
5390951
5390962
5391035
5391183
5391186
5391207
5391255
5391267
5391290
5391313
5391315
5391367
5391368
5391383
5391500
5391516
5391517
5391518
5391519
5391520
5391528
5391612
5391629
5391630
5391714
5391798
5391877
5391892
5391913
5391944
5392003
5392203
5392232
5392233
5392234
5392236
5392275
5392359
5392360
5392417
5392508
5392623
5392700
5392757
5392792
5392848
5392935
5392982
5393040
5393041
5393068
5393096
5393360
5393549
5393550
5393551
5393592
5393596
5393800
5393840
5394033
5394100
5394201
5394202
5394206
5394207
5394208
5394319
5394341
5394413
5394471
5394632
5394674
5394730
5394757
5394802
5394822
5394823
5394824
5394825
5394910
5394968
5395011
5395012
5395116
5395117
5395156
5395195
5395388
5395390
5395417
5395439
5395445
5395452
5395482
5395487
5395493
5395577
5395611
5395688
5395689
5395690
5395696
5395702
5395712
5395713
5395714
5395716
5395738
5395900
5395988
5396161
5396162
5396169
5396205
5396248
5396267
5396305
5396313
5396342
5396343
5396344
5396345
5396357
5396359
5396360
5396361
5396362
5396363
5396374
5396375
5396418
5396420
5396421
5396422
5396423
5396424
5396425
5396426
5396427
5396428
5396437
5396439
5396440
5396446
5396447
5396461
5396470
5396471
5396474
5396480
5396531
5396532
5396533
5396534
5396535
5396536
5396538
5396541
5396555
5396575
5396584
5396587
5396588
5396589
5396590
5396591
5396640
5396694
5396695
5396696
5396697
5396699
5396714
5396715
5396716
5396717
5396723
5396744
5396745
5396747
5396751
5396754
5396781
5396782
5396798
5396829
5396869
5396873
5396874
5396883
5396884
5396886
5396889
5396898
5396899
5396900
5396901
5396902
5396903
5396904
5396905
5396906
5396907
5396908
5396909
5396910
5396911
5396912
5396913
5396914
5396915
5396916
5396917
5396918
5396919
5396920
5396921
5396931
5396987
5396988
5396989
5396990
5396994
5396995
5397011
5397043
5397093
5397094
5397135
5397246
5397268
5397285
5397314
5397393
5397394
5397395
5397396
5397397
5397398
5397399
5397400
5397401
5397402
5397450
5397604
5397608
5397609
5397644
5397662
5397675
5397676
5397677
5397678
5397679
5397680
5397681
5397682
5397683
5397684
5397685
5397686
5397687
5397711
5397712
5397870
5397935
5397936
5397937
5397938
5397949
5397954
5397986
5397987
5397990
5397992
5397994
5397995
5397996
5397997
5397998
5397999
5398000
5398001
5398002
5398003
5398005
5398006
5398007
5398008
5398009
5398010
5398011
5398012
5398013
5398014
5398015
5398016
5398018
5398019
5398021
5398022
5398027
5398032
5398035
5398055
5398057
5398070
5398110
5398115
5398122
5398132
5398133
5398134
5398135
5398136
5398137
5398138
5398142
5398143
5398175
5398224
5398227
5398240
5398320
5398363
5398402
5398413
5398423
5398425
5398599
5398710
5398711
5398712
5398716
5398717
5398846
5398847
5398876
5398885
5398887
5398900
5399011
5399092
5399113
5399124
5399172
5399173
5399180
5399182
5399185
5399201
5399214
5399224
5399243
5399287
5399288
5399404
5399430
5399442
5399655
5399663
5399907
5400185
5400226
5400231
5400310
5400317
5400318
5400319
5400320
5400321
5400322
5400323
5400324
5400325
5400453
5400466
5400560
5400578
5400616
5400667
5400702
5400806
5400807
5400808
5400809
5400810
5400811
5400812
5400813
5400814
5400816
5400865
5400872
5400873
5400874
5400879
5400916
5400920
5401004
5401129
5401159
5401168
5401176
5401258
5401259
5401270
5401271
5401343
5401898
5401899
5401979
5402049
5402082
5402127
5402128
5402129
5402130
5402131
5402140
5402163
5402174
5402240
5402414
5402467
5402489
5402490
5402491
5402497
5402517
5402654
5402655
5402656
5402753
5402779
5402973
5402974
5402975
5402976
5402977
5402978
5402979
5403001
5403026
5403027
5403028
5403129
5403132
5403133
5403134
5403181
5403182
5403183
5403184
5403185
5403186
5403255
5403455
5403519
5403583
5403590
5403753
5403770
5403801
5404074
5404075
5404076
5404077
5404078
5404164
5404165
5404166
5404390
5404394
5404501
5404584
5404585
5404586
5404622
5404674
5404715
5404726
5404834
5404862
5404951
5404952
5404971
5404986
5404999
5405138
5405167
5405213
5405221
5405264
5405292
5405336
5405349
5405408
5405414
5405417
5405430
5405431
5405617
5405620
5405621
5405629
5405631
5405632
5405850
5405851
5405852
5405853
5405854
5405861
5405863
5405871
5405883
5405884
5405885
5405886
5405887
5405888
5405905
5405906
5405907
5405908
5405909
5405910
5405911
5405912
5405913
5405917
5405918
5405928
5405933
5405949
5405972
5405973
5405986
5406011
5406023
5406024
5406032
5406033
5406034
5406035
5406068
5406087
5406088
5406089
5406090
5406091
5406092
5406093
5406094
5406095
5406096
5406097
5406098
5406099
5406100
5406111
5406112
5406113
5406114
5406115
5406206
5406207
5406232
5406240
5406241
5406254
5406257
5406263
5406264
5406265
5406266
5406269
5406274
5406285
5406287
5406325
5406358
5406442
5406443
5406462
5406474
5406509
5406518
5406537
5406555
5406570
5406573
5406582
5406583
5406584
5406589
5406595
5406596
5406598
5406599
5406600
5406601
5406602
5406603
5406608
5406617
5406618
5406620
5406626
5406627
5406638
5406639
5406643
5406718
5406720
5406721
5406726
5406729
5406759
5406763
5406765
5406789
5406790
5406791
5406805
5406806
5406809
5406810
5406818
5406819
5406862
5406894
5406895
5406903
5406925
5406926
5406945
5406958
5406959
5406960
5406961
5406962
5406963
5406964
5406965
5406966
5406967
5407058
5407271
5407335
5407336
5407337
5407338
5407339
5407340
5407341
5407342
5407343
5407344
5407510
5407695
5407955
5407999
5408017
5408030
5408172
5408210
5408269
5408270
5408271
5408370
5408483
5408592
5408651
5408662
5408678
5408752
5408754
5408899
5409015
5409036
5409084
5409141
5409165
5409202
5409204
5409212
5409264
5409266
5409291
5409378
5409382
5409383
5409437
5409478
5409688
5409787
5409926
5409928
5410000
5410052
5410076
5410166
5410229
5410254
5410255
5410256
5410257
5410258
5410259
5410260
5410379
5410385
5410561
5410562
5410576
5410577
5410596
5410731
5410818
5410819
5410820
5410821
5410822
5410823
5410824
5410825
5410826
5410827
5410866
5410867
5410978
5411009
5411092
5411122
5411179
5411180
5411181
5411215
5411317
5411332
5411386
5411663
5411820
5411866
5411867
5411869
5411872
5411873
5411874
5411875
5411876
5411878
5411879
5411880
5412151
5412160
5412166
5412185
5412340
5412360
5412385
5412386
5412387
5412388
5412412
5412430
5412444
5412570
5412578
5412612
5412613
5412631
5412734
5412808
5412809
5412832
5412849
5412888
5412889
5412919
5412936
5412947
5413171
5413198
5413407
5413898
5413899
5413900
5413941
5413973
5414062
5414126
5414181
5414183
5414240
5414241
5414242
5414271
5414272
5414273
5414274
5414275
5414296
5414409
5414561
5414562
5414563
5414564
5414565
5414692
5414823
5414824
5415022
5415079
5415387
5415414
5415431
5415528
5415624
5415644
5415645
5415646
5415647
5415648
5415649
5415650
5415651
5415654
5415688
5415780
5415788
5415808
5415812
5415855
5415897
5415914
5415925
5415933
5416071
5416072
5416073
5416074
5416075
5416080
5416105
5416108
5416109
5416110
5416111
5416112
5416113
5416117
5416121
5416125
5416128
5416129
5416130
5416131
5416132
5416133
5416136
5416137
5416138
5416139
5416140
5416144
5416150
5416151
5416170
5416171
5416172
5416173
5416174
5416175
5416176
5416177
5416186
5416200
5416207
5416208
5416209
5416270
5416271
5416296
5416389
5416451
5416525
5416548
5416549
5416634
5416635
5416636
5416637
5416638
5416639
5416640
5416641
5416642
5416643
5416644
5416645
5416646
5416647
5416648
5416649
5416650
5416730
5416733
5416734
5416735
5416757
5416759
5416760
5416761
5416762
5416763
5416764
5416765
5416766
5416767
5416768
5416769
5416770
5416771
5416772
5416773
5416787
5416824
5416847
5416871
5416873
5416879
5416885
5416886
5416897
5416900
5416901
5416912
5416927
5416931
5416938
5416939
5416940
5416941
5416944
5416946
5416949
5416950
5416951
5416952
5416953
5416954
5416959
5416962
5416963
5416965
5416966
5416968
5416970
5416972
5416973
5416974
5416975
5416976
5416977
5416978
5416979
5416981
5416982
5416987
5416988
5416989
5416990
5416991
5416992
5416993
5416994
5416995
5416996
5417001
5417002
5417003
5417004
5417005
5417024
5417025
5417026
5417028
5417029
5417030
5417037
5417039
5417053
5417057
5417058
5417063
5417065
5417066
5417076
5417077
5417080
5417092
5417114
5417140
5417156
5417157
5417173
5417174
5417194
5417198
5417199
5417200
5417203
5417249
5417271
5417288
5417542
5417543
5417544
5417545
5417546
5417588
5417589
5417590
5417591
5417592
5417601
5417612
5417622
5417642
5417650
5417678
5417687
5417695
5417703
5417783
5417844
5417845
5417846
5417847
5417848
5417849
5417893
5417941
5418006
5418032
5418136
5418198
5418241
5418264
5418265
5418266
5418267
5418281
5418304
5418314
5418329
5418361
5418460
5418461
5418466
5418471
5418617
5418772
5418831
5418910
5419442
5420163
5420243
5420264
5420265
5420266
5420283
5420288
5420325
5420340
5420344
5420352
5420353
5420409
5420410
5420411
5420412
5420413
5420414
5420415
5420416
5420429
5420463
5420471
5420496
5420506
5420563
5420583
5420609
5420610
5420612
5420616
5420628
5420699
5420700
5420701
5420703
5420731
5420816
5420895
5420959
5421057
5421084
5421085
5421086
5421087
5421088
5421090
5421112
5421275
5421290
5421334
5421425
5421426
5421433
5421543
5421549
5421627
5421628
5421677
5422000
5422001
5422002
5422003
5422004
5422008
5422009
5422010
5422011
5422012
5422013
5422014
5422015
5422016
5422022
5422023
5422024
5422025
5422026
5422115
5422135
5422220
5422302
5422345
5422356
5422357
5422401
5422495
5422738
5422739
5422741
5422957
5423105
5423121
5423164
5423188
5423223
5423255
5423275
5423577
5423746
5423747
5423748
5423749
5423750
5423751
5423761
5423924
5423991
5424041
5424045
5424167
5424230
5424236
5424291
5424354
5424355
5424356
5424357
5424358
5424587
5424747
5424813
5424815
5424817
5424819
5424868
5424871
5425082
5425183
5425236
5425330
5425501
5425541
5425751
5425776
5425777
5425778
5425780
5425790
5425796
5425797
5425800
5425801
5425805
5425807
5425808
5425809
5425810
5425811
5425831
5425834
5425901
5425903
5425907
5425914
5425915
5425916
5425918
5425921
5425931
5425955
5425958
5425959
5426054
5426056
5426104
5426107
5426109
5426124
5426127
5426129
5426137
5426138
5426139
5426140
5426141
5426142
5426143
5426144
5426152
5426154
5426159
5426160
5426161
5426162
5426163
5426164
5426165
5426171
5426182
5426187
5426197
5426220
5426221
5426222
5426223
5426224
5426225
5426226
5426227
5426228
5426252
5426254
5426281
5426282
5426286
5426287
5426316
5426317
5426328
5426520
5426572
5426593
5426603
5426604
5426605
5426712
5427027
5427067
5427069
5427070
5427071
5427072
5427182
5427183
5427247
5427301
5427310
5427347
5427365
5427366
5427367
5427408
5427409
5427412
5427443
5427445
5427448
5427449
5427452
5427454
5427459
5427460
5427542
5427543
5427544
5427549
5427550
5427558
5427567
5427579
5427589
5427595
5427600
5427601
5427606
5427607
5427610
5427632
5427633
5427657
5427658
5427659
5427660
5427665
5427666
5427667
5427678
5427682
5427685
5427692
5427693
5427716
5427717
5427738
5427739
5427742
5427743
5427744
5427745
5427746
5427748
5427752
5427755
5427756
5427760
5427761
5427762
5427765
5427766
5427767
5427768
5427769
5427782
5427792
5427793
5427799
5427831
5427868
5427992
5427993
5428013
5428041
5428144
5428197
5428209
5428210
5428251
5428252
5428253
5428287
5428444
5428457
5428458
5428459
5428467
5428613
5428722
5428723
5428783
5428784
5428832
5428857
5428871
5428903
5428918
5428989
5428996
5428997
5428998
5428999
5429010
5429011
5429014
5429015
5429016
5429017
5429018
5429019
5429020
5429022
5429023
5429024
5429025
5429026
5429037
5429038
5429039
5429040
5429041
5429051
5429065
5429076
5429118
5429125
5429195
5429227
5429265
5429287
5429288
5429315
5429316
5429320
5429333
5429339
5429456
5429457
5429458
5429486
5429512
5429517
5429535
5429576
5429577
5429593
5429697
5429698
5429699
5429700
5429701
5429702
5429703
5429704
5429705
5429747
5429753
5429770
5429797
5430024
5430176
5430189
5430190
5430191
5430192
5430203
5430370
5430436
5430437
5430438
5430444
5430495
5430496
5430497
5430498
5430575
5430576
5430585
5430586
5430598
5430599
5430600
5430636
5430817
5430870
5430898
5431006
5431016
5431032
5431064
5431080
5431095
5431126
5431188
5431189
5431292
5431293
5431294
5431459
5431460
5431461
5431507
5431610
5431736
5431832
5431930
5431942
5432019
5432020
5432112
5432113
5432126
5432173
5432174
5432175
5432176
5432177
5432178
5432296
5432298
5432408
5432495
5432542
5432589
5432628
5432791
5432792
5432793
5432901
5432910
5432919
5432931
5432947
5432948
5432953
5432954
5433595
5433662
5433663
5433673
5433689
5433915
5433959
5434153
5434154
5434155
5434156
5434163
5434237
5434238
5434484
5434489
5434490
5434491
5434527
5434536
5434770
5435276
5435277
5435278
5435279
5435280
5435281
5435282
5435283
5435284
5435285
5435287
5435288
5435289
5435290
5435291
5435302
5435314
5435571
5435846
5435849
5435854
5435894
5436062
5436095
5436187
5436203
5436262
5436263
5436264
5436265
5436266
5436290
5436291
5436292
5436316
5436317
5436318
5436319
5436399
5436469
5436481
5436491
5436492
5436553
5436601
5436626
5436687
5436688
5436689
5436690
5436691
5436692
5436722
5436733
5437010
5437022
5437024
5437057
5437058
5437059
5437060
5437061
5437062
5437067
5437072
5437074
5437165
5437174
5437175
5437176
5437177
5437183
5437189
5437218
5437220
5437221
5437269
5437276
5437292
5437357
5437358
5437364
5437404
5437405
5437406
5437407
5437408
5437487
5437497
5437498
5437499
5437519
5437520
5437521
5437522
5437524
5437531
5437532
5437533
5437534
5437535
5437560
5437569
5437574
5437577
5437578
5437582
5437583
5437584
5437588
5437589
5437590
5437591
5437608
5437651
5437663
5437666
5437667
5437734
5437735
5437736
5437792
5437793
5437831
5437843
5437865
5437971
5438060
5438235
5438236
5438308
5438338
5438346
5438401
5438427
5438506
5438579
5438580
5438581
5438582
5438658
5438664
5438678
5438707
5438753
5438957
5439019
5439020
5439130
5439154
5439221
5439257
5439258
5439315
5439386
5439414
5439423
5439426
5439554
5439681
5439683
5439705
5439707
5439711
5439715
5439731
5439870
5439871
5439894
5439947
5440069
5440070
5440133
5440237
5440366
5440481
5440552
5440571
5440574
5440638
5440642
5440683
5440684
5440685
5440686
5440735
5440740
5440869
5440881
5440882
5441520
5441729
5441867
5441868
5441869
5441870
5442040
5442052
5442097
5442136
5442349
5442375
5442413
5442414
5442415
5442429
5442448
5442459
5442492
5442538
5442544
5442555
5442557
5442656
5442657
5442658
5442659
5442660
5442744
5442745
5442774
5442775
5442985
5443015
5443020
5443083
5443225
5443271
5443312
5443381
5443386
5443395
5443452
5443523
5443532
5443543
5443573
5443668
5443669
5443670
5443671
5443672
5443673
5443674
5443694
5443695
5443696
5443697
5443698
5443722
5443745
5443746
5443747
5443748
5443749
5444072
5444111
5444117
5444286
5444287
5444288
5444289
5444290
5444405
5444490
5444491
5444492
5444493
5444687
5444731
5444779
5444821
5444850
5444866
5444869
5444870
5444871
5444872
5444873
5444874
5444883
5444896
5445029
5445082
5445101
5445102
5445103
5445104
5445105
5445106
5445128
5445149
5445150
5445303
5445427
5445463
5445464
5445483
5445484
5445485
5445486
5445487
5445540
5445601
5445608
5445641
5445670
5445671
5445673
5445680
5445705
5445794
5445795
5445816
5445848
5445849
5445852
5445853
5445880
5445888
5445891
5445917
5445918
5445919
5445923
5445924
5445925
5445926
5445927
5446078
5446079
5446099
5446102
5446103
5446155
5446156
5446157
5446158
5446159
5446170
5446174
5446175
5446176
5446189
5446190
5446191
5446200
5446201
5446202
5446203
5446206
5446218
5446220
5446221
5446233
5446267
5446450
5446451
5446468
5446498
5446500
5446502
5446505
5446506
5446512
5446705
5446712
5446743
5446814
5446891
5446987
5447148
5447149
5447197
5447251
5447252
5447398
5447401
5447617
5447618
5447619
5447620
5447621
5447622
5447623
5447670
5447705
5447717
5447729
5447810
5447907
5447923
5447924
5447925
5447952
5448204
5448272
5448339
5448387
5448452
5448455
5448463
5448524
5448525
5448581
5448585
5448633
5448634
5448710
5448741
5448742
5448743
5448744
5448745
5448746
5448747
5448749
5448867
5448868
5448959
5449036
5449158
5449239
5450268
5450328
5451084
5451129
5451293
5451312
5451313
5451441
5451504
5451667
5451889
5451891
5452043
5452077
5452136
5452216
5452217
5452218
5452219
5452220
5452226
5452232
5452280
5452290
5452292
5452438
5452535
5452579
5452682
5452705
5452791
5452811
5452819
5452833
5452834
5452940
5452997
5453030
5453049
5453058
5453059
5453065
5453066
5453081
5453086
5453106
5453128
5453129
5453130
5453131
5453133
5453134
5453135
5453137
5453138
5453139
5453140
5453141
5453142
5453143
5453144
5453153
5453310
5453336
5453466
5453498
5453501
5453502
5453516
5453517
5453518
5453519
5453520
5453543
5453577
5453586
5453605
5453706
5453729
5453796
5453910
5453977
5454024
5454025
5454053
5454110
5454138
5454152
5454191
5454192
5454337
5454338
5454398
5454426
5454427
5454441
5454449
5454486
5454488
5454493
5454517
5454520
5454563
5454569
5454570
5454571
5454573
5454612
5454622
5454658
5454659
5454660
5454684
5454733
5454734
5454735
5454772
5454812
5454813
5454949
5454954
5454955
5454956
5454957
5454958
5454968
5454972
5454977
5454978
5454990
5455189
5455205
5455234
5455524
5455559
5455592
5455593
5455672
5455783
5455790
5455791
5455792
5455857
5455858
5455859
5455860
5455861
5455862
5455863
5455890
5455891
5455892
5456055
5456216
5456378
5456379
5456380
5456381
5456721
5456964
5456967
5456968
5456969
5457000
5457001
5457027
5457029
5457080
5457117
5457151
5457167
5457321
5457326
5457349
5457365
5457378
5457379
5457381
5457436
5457453
5457468
5457470
5457518
5457535
5457536
5457608
5457635
5457636
5457637
5457638
5457639
5457654
5457655
5457835
5457836
5457896
5457897
5458135
5458377
5458853
5458857
5459108
5459551
5459611
5459612
5459861
5459944
5459971
5460033
5460034
5460183
5460255
5460256
5460306
5460377
5460629
5460947
5461014
5461015
5461016
5461050
5461142
5461155
5461156
5461224
5461561
5461582
5461713
5461778
5461876
5461910
5461911
5462082
5462111
5462129
5462131
5462132
5462188
5462198
5462226
5462275
5462539
5462557
5462590
5462607
5462624
5462691
5462696
5463101
5463221
5463222
5463327
5463355
5463396
5463415
5463538
5463550
5463740
5463764
5463765
5463766
5463767
5463768
5463770
5463771
5463772
5463773
5463774
5463775
5463776
5463777
5463778
5463779
5463780
5463781
5463782
5463783
5463784
5463785
5463786
5463787
5463788
5463789
5463908
5463910
5463919
5463920
5463921
5463922
5463938
5463947
5463988
5463989
5463990
5464084
5464175
5464188
5464193
5464194
5464196
5464197
5464202
5464204
5464205
5464211
5464260
5464282
5464304
5464356
5464452
5464471
5464489
5464499
5464553
5464556
5464753
5464792
5464815
5464816
5464823
5464825
5464846
5464851
5464852
5464853
5464854
5464855
5464856
5464857
5464878
5465010
5465011
5465012
5465016
5465036
5465041
5465113
5465114
5465166
5465205
5465208
5465242
5465267
5465281
5465321
5465322
5465324
5465502
5465503
5465592
5465593
5465596
5465625
5465663
5465712
5465713
5465746
5465764
5465767
5465768
5465775
5465895
5465917
5465918
5465922
5465990
5465991
5466086
5466090
5466091
5466098
5466119
5466120
5466142
5466147
5466159
5466194
5466238
5466239
5466240
5466241
5466297
5466390
5466392
5466396
5466398
5466408
5466421
5466552
5466559
5466566
5466681
5466684
5466709
5467033
5467034
5467035
5467036
5467037
5467038
5467058
5467065
5467090
5467160
5467219
5467227
5467265
5467266
5467267
5467391
5467397
5467488
5467489
5467505
5467506
5467533
5467558
5467636
5467651
5467702
5467803
5467808
5467837
5467863
5467976
5467977
5468019
5468215
5468216
5468217
5468218
5468219
5468247
5468279
5468291
5468309
5468310
5468373
5468424
5468428
5468506
5468507
5468510
5468697
5468699
5468705
5468706
5468708
5469059
5469061
5469290
5469381
5469436
5469534
5469540
5469547
5469548
5469549
5469550
5469710
5469748
5469766
5469998
5470018
5470019
5470173
5470209
5470413
5470490
5470616
5470618
5470648
5470678
5470757
5470889
5470923
5470945
5470976
5471050
5471112
5471124
5471125
5471730
5472009
5472013
5472107
5472277
5472301
5472504
5472505
5472552
5472576
5472584
5472585
5472596
5472598
5472611
5472661
5472784
5472805
5472837
5472977
5473228
5473250
5473251
5473253
5473261
5473284
5473474
5473552
5473619
5473956
5473957
5473958
5473959
5473960
5473961
5473992
5474065
5474097
5474231
5474232
5474262
5474269
5474270
5474272
5474273
5474275
5474276
5474277
5474335
5474347
5474353
5474358
5474369
5474418
5474419
5474437
5474439
5474444
5474445
5474446
5474447
5474448
5474456
5474457
5474458
5474459
5474460
5474461
5474462
5474469
5474470
5474476
5474490
5474496
5474497
5474498
5474499
5474500
5474501
5474502
5474503
5474504
5474505
5474506
5474507
5474508
5474509
5474510
5474511
5474512
5474513
5474514
5474515
5474532
5474569
5474579
5474580
5474604
5474649
5474650
5474661
5474662
5474663
5474664
5474667
5474668
5474671
5474684
5474687
5474688
5474709
5474710
5475117
5475120
5475122
5475135
5475143
5475144
5475146
5475147
5475148
5475152
5475161
5475187
5475188
5475197
5475207
5475208
5475209
5475219
5475220
5475221
5475288
5475294
5475421
5475422
5475452
5475454
5475457
5475458
5475493
5475516
5475566
5475572
5475592
5475701
5475731
5475732
5475733
5475758
5475759
5475799
5475812
5475813
5475825
5475826
5475827
5475828
5475829
5475840
5475841
5475842
5475843
5475844
5475845
5475879
5475889
5475892
5475896
5475897
5475911
5475912
5475930
5475945
5475959
5475981
5475983
5475984
5475985
5475987
5475988
5476006
5476047
5476095
5476096
5476107
5476114
5476138
5476175
5476178
5476182
5476193
5476216
5476229
5476246
5476441
5476484
5476554
5476610
5476611
5476612
5476613
5476614
5476615
5476616
5476617
5476618
5476755
5476756
5476767
5476798
5476876
5476911
5476978
5476985
5476986
5476987
5476988
5476989
5477009
5477010
5477024
5477099
5477154
5477164
5477165
5477166
5477167
5477183
5477192
5477207
5477208
5477309
5477339
5477352
5477353
5477354
5477355
5477394
5477653
5477658
5477679
5477680
5477681
5477682
5477683
5477684
5477685
5477686
5477687
5477713
5477889
5477933
5477947
5478022
5478083
5478084
5478101
5478106
5478181
5478182
5478183
5478184
5478186
5478215
5478275
5478276
5478771
5478785
5478786
5478929
5478930
5478973
5478974
5479170
5479191
5479275
5479277
5479357
5479457
5479458
5479476
5479540
5479659
5479666
5479667
5479869
5479870
5480095
5480096
5480097
5480098
5480099
5480100
5480127
5480176
5480214
5480218
5480219
5480220
5480221
5480232
5480450
5480526
5480527
5480590
5480746
5480784
5480854
5480875
5480876
5480877
5480878
5480936
5480937
5481001
5481002
5481018
5481019
5481051
5481094
5481258
5481333
5481334
5481369
5481381
5481382
5481701
5481740
5481779
5481851
5482138
5482139
5482169
5482294
5482355
5482363
5482371
5482493
5482494
5482514
5482549
5482550
5482551
5482560
5482759
5482802
5482881
5483006
5483077
5483179
5483180
5483188
5483195
5483196
5483197
5483198
5483349
5483500
5483517
5483931
5483932
5484060
5484067
5484123
5484124
5484129
5484130
5484131
5484157
5484158
5484159
5484160
5484225
5484242
5484243
5484254
5484255
5484301
5484333
5484335
5484336
5484346
5484417
5484454
5484503
5484507
5484508
5484512
5484513
5484514
5484515
5484516
5484517
5484518
5484519
5484520
5484521
5484522
5484549
5484552
5484596
5484597
5484715
5484865
5484866
5484867
5484868
5484917
5484930
5485053
5485054
5485065
5485071
5485106
5485108
5485111
5485115
5485138
5485150
5485166
5485188
5485210
5485224
5485233
5485244
5485256
5485265
5485266
5485267
5485268
5485269
5485272
5485292
5485310
5485311
5485313
5485314
5485315
5485316
5485317
5485324
5485327
5485332
5485333
5485334
5485335
5485353
5485366
5485367
5485373
5485390
5485406
5485407
5485409
5485411
5485412
5485414
5485419
5485423
5485424
5485425
5485426
5485549
5485574
5485595
5485596
5485597
5485598
5485599
5485604
5485642
5485643
5485651
5485716
5485720
5485737
5485739
5485753
5485755
5485756
5485759
5485765
5485858
5485859
5485860
5485892
5485933
5485940
5486122
5486171
5486293
5486318
5486324
5486345
5486355
5486359
5486360
5486361
5486362
5486363
5486387
5486404
5486405
5486413
5486424
5486425
5486426
5486466
5486475
5486635
5486726
5486727
5486867
5486879
5486954
5487088
5487228
5487232
5487233
5487234
5487235
5487593
5487594
5487608
5487954
5487956
5487987
5487988
5487989
5487991
5487992
5487993
5488036
5488057
5488058
5488060
5488410
5488601
5488755
5488848
5488849
5488850
5488986
5488987
5489061
5489101
5489201
5489211
5489212
5489213
5489299
5489413
5489906
5490050
5490053
5490054
5490055
5490082
5490175
5490182
5490187
5490720
5490721
5490722
5490723
5490724
5490725
5490726
5490727
5490728
5490729
5490730
5491040
5491059
5491061
5491096
5491134
5491354
5491355
5491356
5491359
5491360
5491361
5491362
5491363
5491364
5491390
5491391
5491461
5491588
5491648
5491649
5491871
5491890
5491906
5492039
5492058
5492081
5492179
5492180
5492256
5492263
5492264
5492265
5492266
5492267
5492268
5492269
5492270
5492271
5492272
5492273
5492274
5492275
5492277
5492336
5492449
5492484
5492608
5492813
5492956
5493064
5493142
5493156
5493170
5493172
5493174
5493175
5493198
5493199
5493201
5493243
5493275
5493276
5493290
5493293
5493353
5493477
5493482
5493505
5493520
5493555
5493596
5493618
5493619
5493692
5493694
5493706
5493707
5493725
5493726
5493743
5493744
5493747
5493748
5493749
5493751
5493805
5493824
5493845
5493877
5493878
5493879
5493880
5493964
5493982
5493983
5493993
5494017
5494018
5494019
5494022
5494049
5494082
5494089
5494090
5494091
5494092
5494097
5494105
5494106
5494107
5494108
5494156
5494168
5494311
5494313
5494314
5494325
5494326
5494334
5494336
5494338
5494341
5494371
5494372
5494384
5494415
5494447
5494498
5494507
5494512
5494538
5494565
5494566
5494580
5494581
5494582
5494673
5494679
5494680
5494710
5494738
5494739
5494740
5494762
5494763
5494764
5494765
5494766
5494767
5494774
5494777
5494780
5494784
5494797
5494798
5494801
5494802
5494803
5494813
5494814
5494821
5494822
5494823
5494834
5494875
5494876
5494877
5494878
5494879
5494880
5494881
5494882
5494890
5494909
5494928
5495060
5495088
5495160
5495171
5495173
5495224
5495233
5495257
5495259
5495269
5495339
5495370
5495373
5495377
5495390
5495391
5495392
5495393
5495413
5495426
5495451
5495454
5495461
5495483
5495490
5495491
5495544
5495545
5495548
5495549
5495592
5495656
5495657
5495703
5495722
5495723
5495728
5495729
5495757
5495776
5495853
5495930
5495989
5495991
5496014
5496087
5496154
5496205
5496298
5496322
5496325
5496344
5496345
5496353
5496375
5496381
5496412
5496413
5496511
5496521
5496669
5496670
5496725
5496793
5496883
5496896
5496963
5496964
5497353
5497354
5497460
5497461
5497462
5497463
5497464
5497465
5497562
5497609
5497637
5497651
5497730
5497908
5497922
5497960
5497964
5498050
5498133
5498234
5498275
5498281
5498282
5498583
5498592
5498752
5498834
5498860
5498869
5498878
5498915
5498944
5499028
5499219
5499220
5499221
5499289
5499320
5499836
5499837
5499886
5500034
5500151
5500311
5500349
5500363
5500364
5500365
5500391
5500392
5500410
5500629
5500630
5500667
5500827
5500828
5500829
5500830
5500831
5500832
5500863
5501102
5501130
5501585
5501613
5501664
5501737
5501789
5501832
5501964
5502016
5502017
5502073
5502175
5502180
5502445
5502446
5502485
5502580
5502665
5502731
5503188
5503244
5503248
5503252
5503253
5503254
5503312
5503465
5503481
5503515
5503597
5503598
5503606
5503689
5503690
5503699
5503710
5503711
5503778
5503779
5503787
5503788
5503797
5503814
5503833
5503836
5503849
5503850
5503851
5503852
5503876
5503877
5503894
5503895
5503902
5503903
5503904
5503905
5503909
5503910
5503911
5503912
5504026
5504039
5504044
5504046
5504072
5504172
5504173
5504226
5504229
5504235
5504241
5504243
5504288
5504289
5504290
5504303
5504332
5504354
5504370
5504371
5504373
5504374
5504387
5504389
5504393
5504413
5504414
5504474
5504527
5504538
5504539
5504540
5504541
5504542
5504562
5504770
5504782
5504798
5504807
5504808
5504812
5504813
5504814
5504815
5504816
5504817
5504818
5504819
5504820
5504842
5504843
5504844
5504883
5504886
5504887
5504891
5504896
5504897
5504898
5504899
5504900
5504901
5504902
5504913
5505036
5505114
5505115
5505117
5505118
5505146
5505147
5505148
5505149
5505150
5505151
5505193
5505199
5505209
5505214
5505243
5505286
5505287
5505288
5505291
5505294
5505295
5505296
5505298
5505305
5505313
5505331
5505336
5505337
5505339
5505340
5505342
5505362
5505363
5505369
5505370
5505377
5505378
5505380
5505381
5505382
5505383
5505384
5505398
5505411
5505412
5505422
5505430
5505431
5505435
5505452
5505453
5505454
5505455
5505461
5505463
5505506
5505507
5505557
5505560
5505563
5505567
5505580
5505581
5505584
5505585
5505590
5505591
5505613
5505617
5505671
5505672
5505750
5505752
5505818
5505819
5505856
5505891
5506396
5506398
5506431
5506600
5506625
5506995
5507182
5507183
5507281
5507294
5507518
5507589
5507626
5507635
5507648
5507709
5508386
5508388
5508522
5508523
5508527
5508541
5508542
5508543
5508580
5508631
5508703
5508771
5508772
5508773
5509126
5509256
5509430
5509828
5509890
5510356
5510421
5510544
5510550
5510785
5510966
5511058
5511198
5511441
5511442
5511498
5511548
5511549
5511666
5511675
5511678
5511791
5511801
5511820
5511821
5511822
5511823
5511824
5511859
5511903
5511926
5512108
5512446
5512608
5512640
5512641
5512643
5512693
5512701
5512702
5512703
5512704
5512705
5512706
5512760
5512762
5512763
5512764
5512765
5512766
5512767
5512775
5512893
5513003
5513233
5513349
5513451
5513514
5513553
5513604
5513690
5513853
5513854
5513989
5514003
5514004
5514011
5514012
5514014
5514015
5514016
5514022
5514055
5514099
5514100
5514101
5514155
5514267
5514409
5514422
5514423
5514424
5514425
5514426
5514642
5514686
5514814
5514815
5514816
5514963
5514993
5515072
5515149
5515249
5515258
5515259
5515268
5515288
5515292
5515293
5515331
5515360
5515361
5515362
5515363
5515392
5515413
5515426
5515427
5515428
5515436
5515437
5515438
5515439
5515454
5515463
5515464
5515465
5515468
5515469
5515472
5515483
5515484
5515505
5515506
5515554
5515555
5515575
5515576
5515606
5515607
5515628
5515629
5515631
5515653
5515654
5515656
5515661
5515662
5515664
5515669
5515670
5515712
5515721
5515722
5515751
5515795
5515876
5515886
5516062
5516105
5516111
5516112
5516113
5516114
5516115
5516132
5516147
5516148
5516149
5516150
5516151
5516152
5516164
5516165
5516222
5516238
5516276
5516388
5516412
5516413
5516414
5516415
5516416
5516424
5516442
5516444
5516447
5516505
5516551
5516552
5516553
5516554
5516555
5516609
5516620
5516642
5516651
5516663
5516664
5516665
5516666
5516674
5516675
5516677
5516679
5516716
5516717
5516719
5516721
5516798
5516852
5516860
5516862
5516887
5516909
5516913
5516914
5516915
5516916
5516917
5516918
5516920
5516922
5516934
5516935
5516936
5516937
5516938
5516947
5516963
5516964
5516965
5516966
5516967
5516968
5516969
5516974
5516985
5516987
5516988
5516990
5516995
5517013
5517019
5517020
5517021
5517035
5517036
5517047
5517048
5517050
5517066
5517067
5517068
5517081
5517083
5517086
5517087
5517089
5517103
5517109
5517116
5517130
5517131
5517144
5517160
5517168
5517175
5517176
5517206
5517211
5517213
5517214
5517215
5517216
5517217
5517233
5517236
5517237
5517238
5517239
5517240
5517241
5517244
5517262
5517263
5517270
5517275
5517288
5517293
5517294
5517295
5517301
5517311
5517367
5517381
5517386
5517387
5517388
5517389
5517391
5517392
5517453
5517480
5517508
5517595
5517660
5517661
5517663
5517688
5517712
5517774
5517787
5518010
5518026
5518031
5518118
5518141
5518170
5518175
5518227
5518319
5518338
5518366
5518367
5518694
5518724
5518794
5518845
5518862
5518903
5518942
5518943
5518979
5518980
5518981
5518982
5518983
5518984
5519057
5519102
5519105
5519106
5519114
5519122
5519152
5519278
5519328
5519385
5519508
5519652
5519946
5520134
5520212
5520346
5520571
5520692
5520693
5520764
5520766
5520767
5520778
5520925
5520961
5520967
5520981
5520982
5521045
5521066
5521359
5521518
5521577
5521617
5521690
5521698
5521874
5521910
5521928
5521954
5522058
5522177
5522213
5522483
5522506
5522715
5522716
5522764
5522765
5522770
5522813
5522818
5522852
5523024
5523054
5523055
5523056
5523057
5523058
5523059
5523080
5523208
5523287
5523288
5523843
5523845
5523849
5523908
5523948
5523953
5523978
5524278
5524279
5524428
5524449
5524489
5524490
5524491
5524579
5524599
5524760
5524835
5524886
5524911
5524914
5524944
5524945
5525000
5525016
5525017
5525019
5525088
5525126
5525177
5525324
5525337
5525338
5525357
5525358
5525390
5525393
5525428
5525429
5525431
5525432
5525434
5525435
5525436
5525437
5525438
5525454
5525474
5525475
5525477
5525503
5525519
5525522
5525523
5525535
5525540
5525549
5525561
5525565
5525567
5525568
5525569
5525575
5525576
5525731
5525744
5525745
5525758
5525762
5525786
5525787
5525791
5525792
5525796
5525799
5525800
5525801
5525802
5525851
5525863
5525918
5525923
5525941
5525959
5525961
5525971
5525976
5525977
5526010
5526017
5526025
5526026
5526027
5526033
5526057
5526131
5526155
5526186
5526187
5526194
5526272
5526286
5526307
5526396
5526401
5526405
5526465
5526466
5526548
5526575
5526588
5526589
5526619
5526669
5526762
5526767
5526796
5526806
5526810
5526832
5526850
5526854
5526903
5526904
5526971
5526972
5527017
5527043
5527044
5527047
5527049
5527095
5527164
5527196
5527197
5527208
5527216
5527217
5527223
5527224
5527244
5527246
5527248
5527276
5527277
5527292
5527293
5527294
5527297
5527338
5527418
5527419
5527442
5527459
5527476
5527477
5527512
5527513
5527514
5527516
5527537
5527569
5527571
5527583
5527584
5527629
5527645
5527646
5527647
5527648
5527676
5527678
5527689
5527690
5527691
5527765
5527796
5527799
5527815
5527832
5527833
5527838
5527848
5527851
5527867
5527869
5527880
5527932
5527933
5527934
5527988
5527989
5528007
5528143
5528157
5528164
5528166
5528167
5528168
5528169
5528170
5528171
5528172
5528173
5528174
5528175
5528176
5528177
5528178
5528179
5528180
5528192
5528198
5528199
5528312
5528336
5528337
5528338
5528339
5528340
5528341
5528401
5528690
5528714
5528949
5528950
5529174
5529177
5529250
5529353
5529494
5529517
5529518
5529519
5529521
5529523
5529524
5529525
5529527
5529528
5529961
5530023
5530108
5530147
5530148
5530163
5530164
5530258
5530272
5530392
5530424
5530472
5530539
5530638
5530692
5530736
5530773
5530774
5530775
5530776
5530777
5530778
5530779
5530982
5530996
5530997
5530998
5530999
5531000
5531542
5531931
5531949
5532065
5532071
5532232
5532375
5532470
5532471
5532472
5533059
5533060
5533080
5533081
5533132
5533161
5533162
5533163
5533211
5533302
5533446
5533506
5533646
5533741
5533743
5533854
5533980
5534071
5534178
5534200
5534201
5534204
5534321
5534415
5534427
5534429
5534430
5534431
5534432
5534433
5534485
5534605
5534607
5534664
5534774
5534985
5534986
5534987
5534989
5534990
5534991
5535143
5535193
5535289
5535327
5535328
5535886
5535902
5535913
5536016
5536018
5536044
5536045
5536046
5536100
5536101
5536140
5536188
5536189
5536443
5536595
5536611
5536612
5536613
5536614
5536615
5536626
5536669
5536678
5536679
5536687
5536756
5536758
5537116
5537161
5537231
5537258
5537406
5537424
5537481
5537492
5537546
5537615
5537686
5537724
5537747
5537867
5537902
5537909
5537910
5537911
5537912
5537913
5538080
5538092
5538094
5538119
5538156
5538171
5538172
5538173
5538174
5538199
5538226
5538227
5538228
5538229
5538251
5538253
5538265
5538319
5538370
5538416
5538417
5538438
5538441
5538475
5538526
5538527
5538532
5538533
5538534
5538535
5538549
5538550
5538551
5538552
5538553
5538560
5538565
5538566
5538576
5538577
5538582
5538583
5538585
5538588
5538708
5538722
5538724
5538749
5538761
5538833
5538835
5538836
5538837
5538838
5538839
5538886
5538904
5538935
5538949
5538961
5538962
5538966
5538998
5539063
5539066
5539108
5539160
5539225
5539340
5539344
5539386
5539387
5539419
5539428
5539436
5539451
5539504
5539511
5539521
5539523
5539526
5539527
5539568
5539569
5539570
5539575
5539576
5539588
5539606
5539607
5539608
5539609
5539610
5539611
5539612
5539632
5539633
5539639
5539640
5539687
5539696
5539710
5539711
5539713
5539720
5539723
5539745
5539747
5539749
5539803
5539805
5539822
5539823
5539831
5539841
5539846
5539853
5539854
5539934
5539940
5539943
5540053
5540065
5540066
5540067
5540074
5540126
5540135
5540136
5540150
5540158
5540166
5540208
5540209
5540212
5540215
5540231
5540269
5540270
5540271
5540272
5540287
5540289
5540292
5540295
5540301
5540341
5540398
5540400
5540401
5540406
5540503
5540536
5540538
5540733
5540734
5540735
5540757
5540814
5540827
5540911
5540913
5541173
5541322
5541323
5541324
5541325
5541329
5541387
5541394
5541540
5541598
5541627
5541628
5541629
5541630
5541631
5541632
5541646
5541708
5541731
5541756
5541765
5541766
5541789
5541802
5541820
5541821
5541822
5541823
5541885
5541929
5542057
5542128
5542129
5542176
5542236
5542249
5542252
5542253
5542409
5542411
5542523
5542524
5542525
5542526
5542527
5542547
5542548
5542549
5542550
5542551
5542593
5542634
5542635
5542640
5542707
5542708
5542709
5542712
5542713
5542714
5542717
5542762
5542763
5542764
5542765
5542766
5542767
5542768
5542769
5542770
5542771
5542772
5542773
5542857
5542906
5542931
5542950
5542951
5542952
5542953
5542955
5542980
5542981
5542993
5543241
5543242
5543279
5543347
5543453
5543480
5543524
5543559
5543715
5543790
5543903
5543970
5543976
5543994
5544075
5544110
5544115
5544123
5544212
5544213
5544214
5544215
5544216
5544217
5544251
5544254
5544310
5544328
5544336
5544396
5544420
5544442
5544448
5544449
5544467
5544562
5544575
5544579
5544732
5544856
5545292
5545322
5545323
5545532
5545714
5545730
5545755
5545756
5545757
5545758
5545768
5545830
5545939
5546426
5546521
5546553
5546554
5546555
5546614
5546658
5546670
5546757
5546758
5546870
5546872
5546874
5546880
5546893
5546894
5546895
5546896
5547097
5547103
5547110
5547111
5547266
5547331
5547358
5547366
5547377
5547436
5547437
5547438
5547439
5547537
5547556
5547633
5547655
5547663
5547735
5547736
5547737
5547738
5547783
5547898
5547916
5548015
5548126
5548158
5548201
5548237
5548310
5548427
5548428
5548429
5548430
5548474
5548475
5548476
5548521
5548523
5548524
5548525
5548526
5548527
5548552
5548557
5548559
5548619
5548620
5548656
5548660
5548664
5548676
5548681
5548735
5548741
5548841
5548842
5548843
5549037
5549171
5549201
5549242
5549443
5549444
5549445
5549446
5549447
5549456
5549487
5549508
5549509
5549530
5549531
5549533
5549536
5549537
5549547
5549560
5549615
5549712
5549758
5549759
5549808
5549817
5549843
5549844
5549888
5549909
5549910
5549911
5549992
5550009
5550128
5550130
5550143
5550144
5550187
5550255
5550283
5550284
5550285
5550287
5550288
5550303
5550306
5550307
5550308
5550312
5550319
5550320
5550321
5550322
5550323
5550324
5550330
5550331
5550332
5550333
5550380
5550390
5550396
5550464
5550478
5550490
5550491
5550499
5550500
5550525
5550526
5550529
5550550
5550552
5550581
5550584
5550585
5550603
5550604
5550609
5550610
5550611
5550685
5550691
5550701
5550702
5550705
5550726
5550729
5550736
5550737
5550741
5550742
5550744
5550750
5550763
5550764
5550936
5550944
5551005
5551023
5551030
5551031
5551056
5551059
5551060
5551125
5551179
5551192
5551193
5551242
5551243
5551261
5551262
5551263
5551264
5551296
5551297
5551298
5551299
5551300
5551301
5551323
5551335
5551336
5551337
5551338
5551339
5551340
5551341
5551342
5551343
5551345
5551354
5551355
5551356
5551357
5551358
5551359
5551368
5551419
5551421
5551458
5551459
5551485
5551532
5551533
5551534
5551631
5551634
5551635
5551717
5551718
5551796
5551921
5551976
5552089
5552131
5552146
5552166
5552209
5552220
5552221
5552222
5552223
5552224
5552236
5552238
5552251
5552254
5552255
5552505
5552506
5552543
5552637
5552725
5552726
5552727
5552728
5552770
5552934
5552936
5552949
5552950
5552951
5552952
5552959
5553103
5553390
5553563
5553577
5553637
5553656
5553699
5554169
5554216
5554217
5554235
5554236
5554237
5554240
5554333
5554334
5554487
5554489
5554679
5554680
5554681
5554682
5554683
5554684
5554685
5554716
5554717
5555018
5555019
5555360
5555612
5555674
5555693
5555708
5555849
5555850
5555859
5555860
5555881
5555945
5555967
5555975
5555977
5556121
5556122
5556123
5556124
5556125
5556126
5556127
5556128
5556308
5556332
5556333
5556335
5556336
5556337
5556338
5556339
5556341
5556374
5556375
5556376
5556377
5556378
5556518
5556529
5556542
5556552
5556553
5556554
5556555
5556556
5556557
5556580
5556600
5556701
5556720
5556752
5556753
5556754
5556755
5556756
5556757
5556758
5556759
5556760
5556761
5556762
5556763
5556764
5556765
5556874
5557193
5557195
5557214
5557422
5557425
5557432
5557435
5557447
5557452
5557456
5557458
5557459
5557481
5557551
5557552
5557622
5557630
5557631
5557632
5557633
5557634
5557635
5557895
5557910
5558053
5558211
5558214
5558285
5558460
5558461
5558534
5558633
5558634
5558662
5558666
5558748
5558750
5558751
5558810
5558824
5558871
5558936
5558955
5558999
5559000
5559110
5559251
5559277
5559322
5559418
5559419
5559420
5559421
5559422
5559423
5559424
5559425
5559426
5559493
5559496
5559500
5559544
5559568
5559608
5559618
5559621
5559622
5559679
5559774
5559775
5559776
5559777
5560011
5560012
5560015
5560040
5560115
5560118
5560122
5560128
5560138
5560167
5560260
5560332
5560349
5560350
5560355
5560356
5560357
5560361
5560362
5560420
5560475
5560490
5560491
5560506
5560549
5560685
5560686
5560687
5560709
5560803
5560888
5560923
5560977
5561191
5561230
5561302
5561303
5561351
5561387
5561492
5561533
5561598
5561602
5561652
5561705
5561738
5561739
5561745
5561749
5561750
5561751
5561752
5561754
5561755
5561781
5561782
5561783
5561789
5561790
5561791
5561801
5561848
5561849
5561905
5561906
5561908
5561912
5561913
5561918
5561919
5561934
5561935
5561936
5561947
5561957
5561989
5561992
5562029
5562056
5562080
5562081
5562082
5562083
5562084
5562085
5562091
5562093
5562094
5562095
5562096
5562097
5562133
5562134
5562135
5562203
5562226
5562231
5562240
5562241
5562272
5562289
5562340
5562342
5562381
5562385
5562389
5562402
5562424
5562505
5562518
5562519
5562551
5562557
5562570
5562572
5562585
5562604
5562622
5562623
5562624
5562625
5562626
5562627
5562632
5562636
5562642
5562648
5562649
5562650
5562651
5562652
5562778
5562814
5562841
5562842
5562879
5562883
5562923
5562925
5562933
5562941
5563093
5563263
5563287
5563288
5563289
5563290
5563333
5563345
5563348
5563374
5563379
5563387
5563404
5563405
5563406
5563407
5563408
5563410
5563428
5563430
5563431
5563432
5563434
5563435
5563498
5563533
5563534
5563535
5563536
5563545
5563550
5563551
5563585
5563614
5563616
5563629
5563695
5563824
5563825
5563993
5564020
5564049
5564050
5564051
5564097
5564108
5564110
5564129
5564169
5564170
5564230
5564231
5564238
5564316
5564317
5564362
5564383
5564534
5564603
5564616
5564645
5564646
5564647
5564648
5564667
5564760
5564761
5564762
5565206
5565207
5565208
5565209
5565210
5565213
5565214
5565215
5565216
5565235
5565303
5565336
5565337
5565338
5565352
5565360
5565418
5565495
5565758
5565863
5565999
5566001
5566060
5566183
5566202
5566204
5566259
5566278
5566355
5566512
5566531
5566581
5566590
5566591
5566595
5566603
5566604
5566630
5566631
5566632
5566633
5566634
5566765
5566883
5566889
5566890
5567045
5567048
5567166
5567381
5567471
5567514
5567688
5568551
5568670
5568708
5568709
5568724
5568742
5568804
5568982
5569001
5569164
5569213
5569297
5569371
5569429
5569597
5569636
5569637
5569638
5569776
5569848
5569876
5570104
5570106
5570107
5570108
5570109
5570110
5570111
5570112
5570178
5570496
5570497
5570532
5570577
5570594
5570880
5570884
5571012
5571013
5571014
5571057
5571068
5571073
5571085
5571252
5571253
5571254
5571353
5571376
5571396
5571576
5571583
5571596
5571611
5571638
5571649
5571657
5571658
5571685
5571699
5571708
5571709
5571719
5571760
5571783
5571784
5571805
5571806
5571819
5571878
5571889
5571891
5571916
5571925
5571941
5571942
5571947
5571948
5571949
5571959
5571961
5571962
5571963
5571964
5571965
5571966
5571972
5571976
5571986
5571987
5571993
5572015
5572049
5572050
5572052
5572063
5572067
5572073
5572075
5572174
5572177
5572189
5572193
5572198
5572199
5572226
5572257
5572313
5572328
5572366
5572367
5572368
5572369
5572370
5572371
5572443
5572444
5572453
5572458
5572493
5572543
5572558
5572580
5572583
5572636
5572637
5572639
5572643
5572660
5572661
5572662
5572663
5572664
5572666
5572667
5572668
5572669
5572671
5572672
5572673
5572677
5572678
5572679
5572680
5572710
5572711
5572712
5572713
5572714
5572715
5572716
5572767
5572770
5572795
5572817
5572820
5572828
5572829
5572830
5572831
5572832
5572835
5572836
5572837
5572838
5572854
5572859
5572863
5572864
5572883
5572894
5572895
5572896
5572909
5572915
5572930
5572953
5572965
5572986
5572987
5573026
5573027
5573040
5573047
5573058
5573111
5573115
5573116
5573127
5573153
5573160
5573161
5573172
5573177
5573179
5573189
5573232
5573233
5573313
5573314
5573319
5573339
5573340
5573341
5573342
5573343
5573344
5573345
5573347
5573350
5573363
5573370
5573407
5573408
5573417
5573423
5573439
5573455
5573456
5573457
5573458
5573459
5573460
5573461
5573466
5573508
5573548
5573555
5573575
5573599
5573605
5573616
5573617
5573626
5573627
5573628
5573629
5573634
5573705
5573716
5573717
5573718
5573719
5573721
5573722
5573723
5573724
5573725
5573726
5573770
5573864
5573979
5574019
5574096
5574108
5574109
5574114
5574115
5574116
5574160
5574162
5574220
5574221
5574222
5574223
5574224
5574245
5574293
5574297
5574298
5574307
5574308
5574309
5574310
5574322
5574344
5574345
5574351
5574352
5574361
5574376
5574380
5574381
5574382
5574384
5574385
5574387
5574393
5574407
5574425
5574429
5574513
5574523
5574530
5574553
5574562
5574564
5574698
5574807
5574837
5574921
5574922
5574972
5574990
5575027
5575028
5575029
5575030
5575031
5575032
5575036
5575039
5575040
5575041
5575042
5575043
5575044
5575045
5575114
5575115
5575133
5575173
5575174
5575175
5575208
5575221
5575355
5575371
5575382
5575383
5575384
5575387
5575392
5575652
5575666
5575699
5575700
5575701
5575702
5575703
5575704
5575765
5575807
5575820
5575918
5575919
5576109
5576147
5576174
5576175
5576176
5576177
5576178
5576180
5576251
5576475
5576476
5576477
5576558
5576583
5576587
5576642
5576745
5576746
5576747
5576804
5576832
5576879
5576992
5577027
5577138
5577393
5577717
5577814
5578072
5578143
5578156
5578529
5578532
5578545
5578605
5578696
5578799
5578913
5578983
5579027
5579060
5579124
5579125
5579153
5579159
5579174
5579183
5579184
5579185
5579186
5579187
5579573
5579701
5579720
5579721
5579745
5579826
5579875
5579906
5579907
5579949
5580292
5580323
5580376
5580468
5580764
5580793
5580878
5580950
5581157
5581273
5581772
5581847
5581848
5581849
5581850
5581900
5581901
5581902
5581950
5582220
5582221
5582273
5582339
5582368
5582380
5582414
5582428
5582429
5582579
5582661
5582667
5582689
5582696
5582697
5582698
5582699
5582748
5582749
5582760
5582763
5582766
5582780
5582786
5582789
5582799
5582824
5582829
5582834
5582835
5582841
5582844
5582846
5582847
5582852
5582853
5582858
5582863
5582870
5582874
5582877
5582884
5582896
5582898
5582899
5582900
5582901
5582902
5582903
5582908
5582919
5582922
5582924
5582926
5582942
5582944
5582946
5582949
5582986
5583022
5583049
5583053
5583055
5583057
5583075
5583120
5583121
5583122
5583123
5583124
5583142
5583145
5583194
5583196
5583197
5583227
5583232
5583431
5583453
5583509
5583583
5583587
5583623
5583739
5583761
5583772
5583773
5583774
5583838
5583839
5583887
5583888
5583906
5583907
5583908
5583927
5583928
5583937
5583938
5583941
5583942
5583967
5583975
5583978
5584007
5584008
5584009
5584025
5584026
5584031
5584050
5584051
5584058
5584070
5584077
5584080
5584091
5584094
5584095
5584098
5584099
5584109
5584123
5584152
5584153
5584154
5584155
5584156
5584157
5584186
5584189
5584190
5584191
5584194
5584198
5584294
5584300
5584346
5584347
5584348
5584349
5584379
5584392
5584396
5584397
5584417
5584418
5584423
5584447
5584464
5584486
5584495
5584509
5584510
5584516
5584557
5584609
5584620
5584621
5584628
5584629
5584635
5584666
5584667
5584668
5584669
5584670
5584673
5584680
5584706
5584787
5584888
5584889
5584890
5584891
5584892
5584893
5584895
5584896
5584897
5584898
5584899
5584900
5584912
5584918
5584926
5584953
5584959
5584962
5584963
5584965
5584966
5584979
5584990
5585232
5585243
5585275
5585289
5585330
5585331
5585415
5585435
5585436
5585438
5585443
5585444
5585450
5585463
5585484
5585486
5585532
5585620
5585621
5585633
5585634
5585635
5585695
5585698
5585699
5585700
5585701
5585702
5585781
5585880
5585920
5585963
5585965
5586087
5586162
5586261
5586440
5586790
5586840
5586932
5586976
5586995
5587153
5587204
5587223
5587404
5587512
5587518
5587550
5587582
5587899
5587902
5587906
5587991
5588105
5588194
5588248
5588249
5588362
5588363
5588433
5588565
5588591
5588592
5588594
5588809
5588824
5589227
5589228
5589229
5589230
5589231
5589232
5589234
5589235
5589236
5589237
5589298
5589406
5589407
5589408
5589409
5589410
5589411
5589412
5589413
5589414
5589415
5589416
5589504
5589505
5589506
5589610
5589650
5589801
5589802
5589804
5589897
5590070
5590071
5590073
5590074
5590129
5590130
5590131
5590132
5590133
5590314
5590809
5590858
5590859
5590860
5590861
5590862
5590863
5590927
5590935
5591032
5591033
5591034
5591275
5591311
5591400
5591436
5591465
5591618
5591682
5591699
5591823
5591824
5592086
5592167
5592323
5592324
5592373
5592398
5592399
5592400
5592401
5592598
5592604
5592605
5592715
5592737
5592768
5592784
5592785
5592786
5592787
5592788
5592789
5593123
5593124
5593125
5593126
5593141
5593256
5593266
5593297
5593334
5593531
5593537
5593538
5593555
5593609
5593610
5593621
5593625
5593626
5593648
5593649
5593650
5593653
5593655
5593656
5593657
5593659
5593663
5593666
5593667
5593668
5593669
5593670
5593671
5593686
5593692
5593701
5593702
5593714
5593723
5593725
5593728
5593729
5593730
5593731
5593732
5593738
5593833
5593892
5593893
5593911
5593932
5593933
5593934
5593935
5593950
5593951
5593993
5594023
5594120
5594183
5594184
5594185
5594186
5594187
5594248
5594266
5594313
5594327
5594359
5594432
5594534
5594537
5594545
5594558
5594583
5594585
5594634
5594636
5594666
5594667
5594673
5594703
5594708
5594727
5594728
5594742
5594743
5594754
5594756
5594757
5594832
5594859
5594875
5594889
5594890
5594897
5594898
5594899
5594909
5594910
5594911
5594912
5594913
5594914
5594936
5594944
5594946
5594948
5594962
5595041
5595045
5595058
5595060
5595062
5595063
5595071
5595078
5595086
5595088
5595102
5595110
5595116
5595117
5595118
5595119
5595120
5595122
5595128
5595148
5595149
5595150
5595152
5595276
5595297
5595370
5595427
5595428
5595534
5595539
5595543
5595570
5595571
5595574
5595587
5595624
5595672
5595675
5595691
5595707
5595739
5595845
5595858
5595859
5596134
5596240
5596311
5596313
5596314
5596474
5596535
5596585
5596621
5596622
5596623
5596624
5596625
5596626
5596700
5596809
5596960
5597018
5597039
5597194
5597202
5597325
5597532
5597659
5597660
5598218
5598225
5598227
5598228
5598303
5598465
5598469
5598470
5598509
5598510
5598572
5598794
5598803
5598805
5598806
5598810
5598956
5598957
5598958
5599027
5599028
5599029
5599030
5599183
5599184
5599185
5599186
5599492
5599493
5599539
5599540
5599548
5599945
5600015
5600213
5600225
5600270
5600934
5601042
5601043
5601044
5601045
5601046
5601047
5601074
5601124
5601490
5601553
5601644
5601724
5601831
5601841
5601924
5601925
5601926
5601927
5602014
5602015
5602360
5602453
5602454
5602455
5602456
5602617
5602704
5602739
5602744
5602757
5602797
5602803
5602828
5602829
5602830
5602833
5602926
5603061
5603145
5603251
5603409
5603411
5603624
5603625
5603630
5603640
5603718
5603790
5603833
5603941
5603942
5603943
5603944
5603945
5603946
5603963
5603986
5604103
5604104
5604105
5604141
5604160
5604161
5604173
5604182
5604183
5604184
5604188
5604189
5604190
5604191
5604192
5604193
5604200
5604205
5604206
5604207
5604215
5604231
5604252
5604285
5604286
5604307
5604309
5604326
5604333
5604346
5604348
5604349
5604355
5604361
5604391
5604397
5604447
5604467
5604523
5604525
5604528
5604529
5604530
5604531
5604537
5604539
5604541
5604542
5604545
5604546
5604547
5604550
5604597
5604598
5604614
5604617
5604619
5604620
5604621
5604622
5604623
5604624
5604634
5604638
5604639
5604640
5604641
5604742
5604780
5604818
5604906
5604911
5605025
5605028
5605041
5605046
5605144
5605153
5605184
5605212
5605213
5605299
5605300
5605367
5605374
5605375
5605406
5605407
5605421
5605422
5605430
5605443
5605449
5605450
5605460
5605475
5605492
5605493
5605495
5605496
5605497
5605505
5605531
5605532
5605551
5605562
5605564
5605572
5605573
5605574
5605577
5605579
5605600
5605601
5605604
5605610
5605631
5605648
5605656
5605659
5605679
5605689
5605697
5605700
5605701
5605710
5605714
5605718
5605719
5605720
5605759
5605763
5605764
5605799
5605828
5605829
5605830
5605831
5605885
5605910
5605924
5605926
5605930
5605940
5605945
5605947
5605948
5605954
5605979
5606005
5606006
5606050
5606051
5606058
5606059
5606160
5606165
5606187
5606188
5606269
5606313
5606316
5606461
5606506
5606520
5606522
5606523
5606524
5606525
5606526
5606528
5606570
5606771
5607012
5607013
5607219
5607244
5607250
5607319
5607415
5607453
5607457
5607462
5607471
5607596
5607602
5607789
5607790
5607836
5607837
5607873
5607874
5607875
5607876
5607877
5607878
5607945
5607973
5607978
5607979
5607980
5607981
5607982
5607983
5607984
5607985
5608075
5608542
5608544
5608696
5608741
5608773
5608852
5608882
5608883
5608884
5608885
5608886
5608887
5608888
5608889
5608890
5608913
5608914
5608915
5608916
5608917
5608918
5608919
5608920
5608921
5608961
5608996
5609015
5609023
5609024
5609320
5609409
5609414
5609434
5609484
5609557
5609558
5609584
5609606
5609747
5610003
5610244
5610254
5610433
5610434
5610435
5610436
5610437
5610438
5610489
5610771
5610795
5610796
5610856
5610867
5611074
5611253
5611497
5611498
5611499
5611500
5611819
5613059
5613101
5613884
5614151
5614360
5614367
5614368
5614460
5614505
5614596
5614597
5614605
5614606
5614653
5614654
5614655
5614656
5614657
5614658
5614659
5614687
5614785
5614859
5614864
5614913
5614925
5614998
5615080
5615081
5615082
5615093
5615145
5615315
5615448
5615800
5615847
5615849
5615894
5615904
5615929
5615983
5615985
5615986
5615995
5616002
5616012
5616062
5616085
5616113
5616128
5616129
5616130
5616131
5616132
5616133
5616136
5616138
5616147
5616165
5616166
5616167
5616183
5616184
5616186
5616193
5616195
5616206
5616217
5616221
5616230
5616282
5616301
5616349
5616350
5616404
5616405
5616406
5616416
5616417
5616444
5616462
5616463
5616466
5616468
5616474
5616475
5616484
5616499
5616509
5616511
5616512
5616517
5616525
5616547
5616557
5616558
5616587
5616630
5616631
5616654
5616655
5616663
5616665
5616667
5616668
5616669
5616678
5616697
5616732
5616739
5616812
5616813
5616814
5616820
5616821
5616824
5616825
5616826
5616829
5616836
5616837
5616871
5616932
5616933
5616934
5616935
5616950
5617028
5617029
5617032
5617033
5617038
5617057
5617058
5617059
5617060
5617062
5617076
5617157
5617186
5617300
5617302
5617316
5617413
5617460
5617467
5617468
5617513
5617532
5617537
5617538
5617540
5617571
5617572
5617573
5617584
5617588
5617599
5617622
5617655
5617656
5617695
5617718
5617739
5617753
5617767
5617771
5617802
5617818
5617819
5617858
5617859
5617860
5617861
5617887
5617900
5617979
5617997
5618008
5618022
5618035
5618038
5618040
5618045
5618050
5618060
5618061
5618062
5618074
5618086
5618087
5618095
5618100
5618114
5618115
5618150
5618188
5618189
5618190
5618191
5618203
5618207
5618208
5618220
5618228
5618240
5618264
5618279
5618304
5618305
5618306
5618371
5618381
5618395
5618426
5618427
5618484
5618564
5618565
5618676
5618685
5619118
5619122
5619139
5619151
5619168
5619172
5619376
5619394
5619395
5619396
5619397
5619504
5619535
5619550
5619652
5619706
5619733
5619761
5619785
5619786
5619787
5619788
5619805
5619806
5619807
5619808
5619809
5619911
5619945
5620079
5620173
5620188
5620454
5620561
5620849
5621018
5621025
5621062
5621127
5621792
5621794
5621797
5621801
5621820
5621975
5622143
5622481
5623682
5623723
5623743
5623745
5624088
5624089
5624142
5624202
5624221
5624373
5624374
5624423
5624424
5624458
5624489
5624577
5624588
5624878
5625320
5625337
5625374
5625738
5625861
5626091
5626093
5626147
5626186
5626524
5626525
5626526
5626527
5626528
5626529
5626530
5626531
5626532
5626533
5626561
5626580
5626650
5626652
5626997
5627006
5627007
5627012
5627013
5627056
5627063
5627069
5627071
5627095
5627096
5627097
5627098
5627099
5627102
5627104
5627106
5627107
5627109
5627114
5627118
5627125
5627150
5627152
5627159
5627185
5627186
5627195
5627199
5627210
5627211
5627212
5627236
5627292
5627299
5627367
5627478
5627479
5627495
5627542
5627543
5627583
5627589
5627601
5627602
5627616
5627617
5627626
5627658
5627659
5627683
5627919
5627975
5627976
5628025
5628029
5628071
5628076
5628131
5628149
5628152
5628155
5628158
5628166
5628171
5628177
5628178
5628180
5628182
5628183
5628188
5628189
5628205
5628212
5628217
5628347
5628354
5628355
5628393
5628464
5628524
5628525
5628526
5628528
5628553
5628556
5628557
5628561
5628582
5628593
5628594
5628595
5628596
5628597
5628598
5628599
5628649
5628652
5628653
5628655
5628659
5628681
5628682
5628683
5628684
5628685
5628706
5628770
5628771
5628772
5628773
5628774
5628775
5628776
5628777
5628778
5628780
5628781
5628803
5628804
5628805
5628806
5628807
5628808
5628809
5628868
5628882
5628883
5628884
5628885
5628886
5628893
5628918
5628934
5629049
5629052
5629053
5629054
5629055
5629056
5629077
5629101
5629242
5629577
5629651
5629652
5629675
5629676
5629677
5629693
5629694
5629714
5629968
5629981
5630018
5630114
5630115
5630187
5630272
5630273
5630290
5630295
5630423
5630437
5630710
5631077
5631078
5631079
5631080
5631128
5631149
5631326
5631494
5631564
5631565
5631665
5631666
5631785
5631789
5631791
5631795
5631957
5632335
5632350
5632351
5632352
5632353
5632354
5632421
5632525
5632633
5633095
5633165
5633291
5633396
5633475
5633476
5633550
5633640
5633656
5633727
5634014
5634228
5634300
5634489
5634539
5634651
5634652
5634845
5634950
5635084
5635094
5635095
5635096
5635097
5635165
5635319
5635546
5635566
5635848
5635950
5636322
5636534
5636563
5636564
5636930
5636932
5636972
5636980
5636981
5637162
5637163
5637164
5637169
5637266
5637275
5637288
5637337
5637383
5637422
5637531
5637532
5637596
5637677
5637705
5637750
5637778
5637993
5638009
5638010
5638011
5638012
5638014
5638015
5638017
5638024
5638026
5638057
5638058
5638059
5638061
5638064
5638071
5638075
5638134
5638135
5638136
5638137
5638139
5638213
5638216
5638338
5638367
5638394
5638395
5638421
5638470
5638533
5638536
5638537
5638538
5638539
5638548
5638550
5638551
5638552
5638557
5638558
5638582
5638583
5638584
5638585
5638586
5638587
5638611
5638613
5638625
5638675
5638693
5638701
5638710
5638719
5638746
5638755
5638760
5638865
5638904
5638967
5639028
5639029
5639030
5639081
5639620
5639621
5639707
5639881
5639882
5640020
5640049
5640179
5640307
5640344
5640345
5640346
5640347
5640417
5640421
5640426
5640487
5640505
5640506
5640507
5640508
5640509
5640510
5640534
5640604
5640783
5640944
5640980
5640989
5641006
5641172
5641290
5641291
5641292
5641533
5641541
5641545
5641557
5641558
5641607
5641608
5641609
5641610
5641881
5642316
5642383
5642384
5642385
5642386
5642387
5642388
5642389
5642390
5642391
5642392
5642726
5642727
5642746
5642747
5642748
5642749
5642750
5642751
5642752
5642753
5642830
5642854
5643098
5643252
5643284
5643658
5643659
5643660
5643661
5643662
5643723
5643724
5643784
5643785
5644042
5644320
5644331
5644332
5644449
5644450
5644451
5644452
5644453
5644454
5644596
5644642
5644645
5644646
5644647
5644934
5645568
5645683
5645684
5645844
5645948
5645957
5645970
5645971
5646139
5646149
5646177
5646363
5646540
5646725
5646726
5646727
5646728
5646729
5646730
5646731
5646833
5646835
5647071
5647089
5647090
5647091
5647242
5647257
5647258
5648543
5648582
5648598
5648599
5648600
5648601
5648602
5648671
5648705
5648741
5648767
5648779
5648782
5649020
5649100
5649152
5649246
5649251
5649252
5649253
5649254
5649255
5649256
5649257
5649260
5649266
5649269
5649270
5649273
5649275
5649304
5649307
5649308
5649309
5649310
5649311
5649312
5649315
5649326
5649327
5649344
5649362
5649385
5649405
5649417
5649418
5649423
5649427
5649428
5649429
5649434
5649574
5649582
5649583
5649584
5649585
5649586
5649602
5649612
5649700
5649701
5649702
5649706
5649707
5649816
5649972
5649973
5649974
5649975
5649976
5649994
5649995
5650077
5650078
5650114
5650115
5650121
5650126
5650127
5650136
5650141
5650142
5650143
5650162
5650191
5650216
5650387
5650506
5650507
5650567
5650635
5650643
5650644
5650645
5650853
5650919
5650932
5650942
5650952
5650997
5651044
5651050
5651053
5651054
5651107
5651113
5651114
5651115
5651126
5651147
5651195
5651250
5651265
5651276
5651278
5651324
5651401
5651570
5651580
5651623
5651637
5651668
5651835
5651837
5651840
5651841
5651888
5651890
5652265
5652266
5652897
5653330
5653792
5653793
5653794
5653795
5653796
5653831
5653850
5653851
5653852
5653853
5653854
5653855
5653968
5653969
5653970
5653971
5653972
5654024
5654025
5654026
5654066
5654092
5654103
5654191
5654286
5654335
5654407
5654416
5654418
5654433
5654434
5654514
5654522
5654571
5654645
5655364
5655365
5655366
5655367
5655555
5655556
5655571
5655867
5655963
5656005
5656059
5656063
5656066
5656128
5656502
5656503
5656504
5656505
5656506
5656647
5656648
5656733
5656981
5657181
5657523
5657565
5657687
5657848
5658003
5658136
5658288
5658400
5658401
5658402
5658403
5658404
5658405
5658406
5658407
5658408
5658409
5658410
5658580
5658581
5658686
5658828
5658996
5659035
5659335
5659340
5659341
5659377
5659420
5659528
5659689
5659697
5659736
5659740
5659752
5659821
5660028
5660104
5660204
5660333
5660708
5660710
5660824
5660877
5660952
5660953
5661161
5661194
5661202
5661487
5661488
5661489
5661520
5661576
5661610
5661757
5661758
5661759
5661760
5661761
5661762
5661763
5661893
5661966
5662124
5662130
5662143
5662144
5662145
5662147
5662148
5662161
5662186
5662187
5662188
5662189
5662192
5662282
5662289
5662311
5662319
5662320
5662335
5662336
5662337
5662338
5662339
5662340
5662343
5662344
5662370
5662371
5662372
5662373
5662374
5662375
5662376
5662388
5662400
5662411
5662463
5662464
5662465
5662556
5662557
5662558
5662559
5662580
5662644
5662646
5662651
5662652
5662661
5662687
5662688
5662689
5662690
5662691
5662692
5662785
5662803
5662804
5662805
5662902
5662903
5662905
5662907
5662917
5662924
5662934
5662979
5663011
5663012
5663026
5663027
5663028
5663033
5663035
5663036
5663041
5663058
5663177
5663179
5663191
5663196
5663199
5663215
5663218
5663237
5663265
5663269
5663281
5663305
5663314
5663346
5663354
5663359
5663360
5663374
5663375
5663376
5663377
5663381
5663382
5663383
5663384
5663388
5663389
5663390
5663391
5663392
5663393
5663401
5663409
5663410
5663411
5663419
5663421
5663437
5663557
5663642
5663671
5663672
5663882
5663964
5664029
5664102
5664103
5664104
5664105
5664112
5664143
5664144
5664154
5664345
5664538
5665142
5665170
5665549
5665553
5665585
5665958
5666174
5666195
5666196
5666197
5666198
5666500
5667177
5667454
5667457
5667727
5667728
5667729
5667730
5667811
5667843
5667932
5667933
5668245
5668305
5668314
5668315
5668470
5669445
5669736
5669752
5669765
5669825
5670008
5670087
5670097
5670098
5670100
5670153
5670154
5670155
5670156
5670157
5670158
5670220
5670283
5671405
5671504
5671683
5671739
5671885
5671898
5673264
5673383
5673384
5673385
5673386
5673387
5673388
5673389
5673562
5673564
5673607
5673636
5673786
5674262
5674330
5674419
5674528
5674630
5674680
5675040
5675399
5675416
5675417
5675418
5675419
5675420
5675421
5675454
5675485
5675540
5675545
5675549
5675558
5675573
5675577
5675633
5675734
5675759
5675787
5675795
5675896
5675950
5675984
5675995
5675996
5675997
5675998
5675999
5676000
5676001
5676002
5676003
5676004
5676055
5676129
5676130
5676145
5676146
5676147
5676148
5676149
5676150
5676151
5676167
5676216
5676228
5676243
5676273
5676333
5676335
5676336
5676337
5676486
5676487
5676488
5676489
5676490
5676491
5676530
5676630
5676631
5676636
5676881
5676882
5676894
5676895
5676896
5676906
5676918
5676921
5676939
5676940
5676941
5676942
5676943
5676945
5676946
5677000
5677045
5677046
5677048
5677052
5677053
5677054
5677055
5677056
5677057
5677058
5677060
5677075
5677077
5677078
5677177
5677214
5677219
5677221
5677239
5677241
5677242
5677243
5677270
5677272
5677273
5677275
5677281
5677294
5677295
5677296
5677300
5677323
5677331
5677336
5677376
5677385
5677388
5677453
5677454
5677463
5677509
5677528
5677568
5677745
5677823
5677824
5677860
5677999
5678063
5678094
5678363
5678659
5678752
5678753
5678754
5678761
5678779
5679163
5679164
5679236
5679433
5679434
5679444
5679445
5680097
5680424
5680425
5680426
5680434
5680720
5680733
5680757
5680856
5680904
5681121
5681766
5681767
5681768
5681769
5681998
5682260
5682373
5682464
5682794
5682944
5682973
5683114
5683293
5684024
5684273
5684354
5684538
5684848
5684856
5684882
5684883
5684884
5684885
5684886
5684908
5685220
5685627
5685782
5685809
5685880
5685881
5685939
5685940
5685941
5685942
5685985
5686078
5686116
5686201
5686252
5686316
5686387
5686404
5686457
5686486
5686498
5686525
5686531
5686532
5686549
5686550
5686551
5686552
5686553
5686554
5686555
5686556
5686558
5686559
5686560
5686561
5686564
5686566
5686611
5686692
5686693
5686707
5686708
5686714
5686715
5687018
5687019
5687024
5687043
5687071
5687072
5687074
5687075
5687077
5687086
5687087
5687088
5687089
5687090
5687091
5687132
5687142
5687151
5687215
5687217
5687246
5687262
5687276
5687277
5687288
5687295
5687298
5687299
5687311
5687313
5687314
5687315
5687331
5687332
5687339
5687340
5687361
5687380
5687381
5687384
5687385
5687395
5687396
5687397
5687398
5687399
5687400
5687401
5687405
5687406
5687411
5687415
5687416
5687419
5687436
5687460
5687481
5687486
5687487
5687511
5687512
5687515
5687541
5687587
5687598
5687644
5687671
5687718
5687806
5687812
5687827
5687850
5687861
5687869
5687923
5687962
5688126
5688337
5688385
5688426
5688439
5688532
5688722
5688834
5688870
5688882
5688884
5688888
5688889
5688910
5688911
5689053
5689099
5689239
5689294
5689295
5689302
5689303
5689304
5689352
5689353
5689354
5689491
5689543
5689707
5689711
5690340
5690360
5690391
5690608
5691400
5691566
5692154
5692493
5692625
5692627
5692628
5692778
5692790
5692791
5692792
5692793
5692794
5692795
5692913
5693068
5693131
5693134
5693253
5693485
5693859
5693967
5694669
5694733
5694749
5694914
5694935
5694956
5695213
5695260
5695512
5695513
5695514
5695515
5695517
5695518
5697027
5697028
5697127
5697132
5697143
5697144
5697266
5697655
5697821
5697822
5697823
5697824
5697825
5697826
5697827
5697828
5697829
5698007
5698008
5698009
5698011
5698013
5698014
5698069
5698071
5698072
5698084
5698171
5698414
5698424
5698431
5698432
5698480
5698519
5698520
5698522
5698523
5698524
5698525
5698526
5698531
5698550
5698567
5698568
5698569
5698606
5698667
5698668
5698689
5698701
5698703
5698709
5698710
5698727
5698731
5698732
5698733
5698740
5698742
5698748
5698749
5698837
5698869
5698965
5699007
5699029
5699102
5699218
5699219
5699220
5699221
5699222
5699223
5699325
5699416
5699417
5699418
5699419
5699420
5699658
5699677
5699720
5699740
5699741
5699804
5699808
5699810
5699870
5700260
5700261
5700331
5700427
5700428
5700455
5700530
5700583
5700922
5701664
5702074
5703522
5703572
5704021
5704741
5704868
5704894
5705050
5705051
5705114
5705286
5705438
5705439
5705440
5705441
5705442
5705948
5706045
5706049
5706050
5706089
5706249
5706371
5706372
5707123
5707146
5707147
5707214
5707276
5707278
5707279
5707467
5707638
5707706
5707853
5707934
5707935
5707952
5707963
5708149
5708593
5708626
5708627
5708628
5708629
5708630
5708631
5708632
5708633
5708634
5708886
5708897
5708903
5708906
5708937
5708968
5709142
5709143
5709160
5709270
5709271
5709272
5709273
5709424
5709425
5709458
5709518
5709694
5709695
5709703
5709704
5709710
5709711
5709731
5709747
5709753
5709754
5709785
5709804
5709810
5709855
5709887
5709921
5709993
5709994
5710008
5710017
5710219
5710334
5710336
5710341
5710352
5710357
5710361
5710362
5710363
5710411
5710484
5711135
5711492
5711504
5711505
5711523
5711524
5711539
5711572
5711584
5711585
5711602
5711603
5711716
5711776
5711862
5711955
5712016
5712297
5712298
5712299
5712300
5712301
5712802
5712803
5713106
5713277
5713344
5713345
5713357
5713453
5713467
5713777
5714193
5714309
5714355
5714378
5714427
5714442
5714443
5714570
5714880
5714885
5714886
5715080
5715081
5715082
5715330
5715396
5715421
5715426
5715436
5715438
5715442
5715538
5715796
5715985
5716044
5716061
5716093
5716186
5716233
5716234
5716235
5716236
5716245
5716246
5716267
5716466
5716746
5717080
5717196
5717199
5717363
5717381
5717558
5717730
5717897
5717922
5717978
5718088
5718092
5718119
5718120
5718154
5718549
5718605
5718611
5718624
5718626
5718629
5718634
5718651
5718787
5718832
5718833
5719008
5719010
5719020
5719156
5719157
5719158
5719159
5719160
5719161
5719162
5719163
5719165
5719177
5719224
5719225
5719333
5719334
5719335
5719336
5719337
5719372
5719376
5719401
5719403
5719405
5719406
5719410
5719411
5719412
5719413
5719414
5719510
5719829
5719875
5719894
5719906
5719908
5719964
5719980
5720000
5720025
5720026
5720086
5720157
5720163
5720211
5720261
5720262
5720263
5720264
5720265
5720266
5720267
5720283
5720301
5720331
5720332
5720422
5720504
5720559
5720572
5720573
5720574
5720635
5720666
5720693
5720694
5720695
5720696
5720697
5720775
5720776
5720777
5720778
5720779
5720780
5720790
5720804
5720817
5720848
5720874
5720882
5720986
5721247
5721248
5721790
5721957
5721958
5721959
5721960
5721961
5722227
5722749
5722781
5724711
5724811
5724826
5724827
5724828
5724829
5724830
5724839
5724840
5724841
5724842
5724843
5725232
5726030
5726032
5726045
5726047
5726727
5726807
5727014
5727627
5728167
5728168
5728312
5728573
5728793
5728908
5728909
5728933
5728936
5728949
5728950
5728997
5729010
5729020
5729022
5729023
5729025
5729115
5729123
5729269
5729270
5729274
5729275
5729277
5729278
5729279
5729280
5729281
5729282
5729283
5729284
5729293
5729336
5729447
5729734
5729748
5729909
5729963
5729964
5729965
5729966
5729967
5729968
5730025
5730026
5730027
5730028
5730029
5730199
5730201
5730206
5730207
5730469
5730470
5730529
5730578
5730606
5730622
5730624
5730657
5730719
5730720
5730721
5730722
5730723
5730724
5730725
5730728
5730734
5730735
5730736
5730742
5730744
5730745
5730760
5730830
5730831
5730863
5730870
5731192
5731199
5731201
5731207
5731212
5731227
5731229
5731247
5731256
5731258
5731259
5731279
5731280
5731281
5731290
5731351
5731511
5731517
5731518
5731519
5731541
5731542
5731544
5731556
5731558
5731578
5731583
5731598
5731708
5731709
5731710
5731711
5731712
5731723
5731728
5731729
5731732
5731733
5731792
5731793
5731811
5731832
5731839
5732042
5732043
5732118
5732119
5732120
5732121
5732122
5732139
5732140
5732141
5732142
5732225
5732232
5732233
5732235
5732610
5732770
5732916
5732940
5732942
5732948
5732958
5733122
5733605
5733607
5733671
5733672
5733673
5733680
5733700
5734596
5736033
5736043
5736044
5736045
5736046
5736047
5737514
5738444
5738477
5738719
5738724
5738810
5738891
5738897
5738898
5738954
5738984
5738985
5738998
5739008
5739009
5739024
5739025
5739329
5739466
5739567
5739673
5739674
5740222
5740356
5740594
5740658
5740659
5740660
5740661
5740663
5740664
5740665
5740666
5740667
5740668
5740669
5740670
5740671
5740672
5740682
5740859
5740860
5740861
5740862
5740873
5740877
5740878
5740879
5740880
5740973
5740974
5740976
5740979
5741056
5741072
5741117
5741212
5741280
5741350
5741351
5741472
5741584
5741594
5741667
5741706
5741710
5741711
5741741
5741806
5741810
5741811
5741812
5741813
5741910
5741913
5741947
5742260
5742262
5742265
5742266
5742267
5742308
5742346
5742354
5742358
5742359
5742360
5742361
5742362
5742379
5742386
5742387
5742388
5742389
5742392
5742393
5742418
5742419
5742430
5742431
5742432
5742433
5742434
5742435
5742436
5742448
5742488
5742489
5742490
5742491
5742492
5742504
5742505
5742506
5742507
5742508
5742509
5742511
5742525
5742527
5742528
5742529
5742531
5742570
5742571
5742572
5742581
5742592
5742593
5742594
5742596
5742604
5742661
5742691
5742699
5742736
5742737
5742787
5742818
5742819
5742833
5742834
5742835
5742841
5742842
5742843
5742844
5742845
5742846
5742847
5742848
5742849
5742995
5743001
5743004
5743083
5743086
5743093
5743099
5743100
5743123
5743195
5743206
5743216
5743233
5743234
5743235
5743260
5743373
5743399
5743449
5743464
5743486
5743489
5743491
5743492
5743494
5743495
5743521
5743522
5743523
5743524
5743525
5743536
5743553
5743578
5743581
5743600
5743602
5743674
5743988
5744012
5744026
5744259
5744410
5744472
5744473
5744483
5744491
5744531
5745271
5745328
5745359
5745360
5745361
5746015
5746016
5746017
5746018
5746019
5746038
5746046
5746182
5746291
5746331
5746332
5746333
5746334
5746335
5746336
5746730
5747495
5747497
5747578
5748604
5748689
5748714
5749374
5749895
5749952
5750138
5750407
5750530
5750531
5750712
5750713
5750757
5750760
5750763
5750765
5750772
5750774
5750794
5751408
5751426
5752047
5752048
5752050
5752111
5752241
5752249
5752256
5752257
5752261
5752272
5752273
5752276
5752277
5752428
5752680
5752682
5752774
5752775
5752776
5752899
5752902
5753093
5753486
5753487
5753496
5753502
5753503
5753504
5753505
5753506
5753507
5753508
5753509
5753510
5753511
5753512
5753532
5753533
5753534
5753535
5753536
5753537
5753769
5753770
5753773
5753853
5753896
5753897
5754064
5754121
5754122
5754193
5754195
5754201
5754257
5754258
5754282
5754536
5754539
5754541
5754549
5754550
5754551
5754603
5754606
5754612
5754683
5754684
5754693
5754694
5754810
5754811
5754818
5754819
5754820
5754821
5754886
5754918
5754921
5755178
5755184
5755201
5755207
5755220
5755221
5755222
5755223
5755224
5755225
5755226
5755261
5755262
5755263
5755282
5755304
5755314
5755315
5755336
5755369
5755374
5755384
5755537
5755608
5755609
5755610
5755698
5756355
5756368
5756899
5757333
5757334
5757340
5757628
5759992
5759993
5760287
5760340
5761960
5761961
5761962
5762917
5762954
5762997
5763211
5763943
5764054
5764104
5764222
5764980
5765032
5765080
5765092
5765119
5765126
5765128
5765220
5765221
5765222
5765223
5765322
5765494
5765587
5765665
5765679
5765825
5765843
5765971
5765980
5765982
5766056
5766085
5766145
5766304
5766305
5766350
5766351
5766352
5766353
5766356
5766357
5766366
5766372
5766408
5766430
5766431
5766432
5766453
5766454
5766455
5766457
5766459
5766460
5766470
5766471
5766478
5766480
5766481
5766482
5766483
5766484
5766526
5766527
5766528
5766529
5766530
5766531
5766532
5766533
5766534
5766535
5766536
5766553
5766554
5766556
5766567
5766568
5766570
5766571
5766572
5766594
5766612
5766613
5766614
5766615
5766616
5766617
5766657
5766677
5766678
5766679
5766680
5766682
5766707
5766768
5766769
5766770
5766782
5766783
5766786
5766790
5766803
5766805
5766810
5766816
5766819
5766831
5766833
5766872
5766961
5766964
5766965
5766975
5766998
5767009
5767030
5767031
5767038
5767055
5767074
5767228
5767268
5767285
5767298
5767416
5767474
5767475
5767592
5767593
5767701
5767766
5768148
5768228
5768233
5768260
5768261
5768431
5768432
5768433
5768791
5768891
5768996
5770103
5770161
5770389
5770658
5771373
5771568
5771569
5772095
5772684
5773035
5773838
5773873
5774199
5774269
5774272
5774339
5774801
5774803
5774804
5775423
5775601
5775603
5775618
5775619
5775857
5775858
5775859
5775873
5775874
5775912
5775913
5775931
5776063
5776064
5776065
5776066
5776071
5776109
5776110
5776224
5776237
5776258
5776266
5776267
5776269
5776272
5776279
5776280
5776281
5776282
5776283
5776284
5776313
5776314
5776316
5776369
5776370
5776389
5776390
5776391
5776436
5776437
5776440
5776441
5776442
5776443
5776444
5776445
5776446
5776447
5776449
5776451
5776454
5776455
5776456
5776472
5776488
5776489
5776490
5776491
5776492
5776493
5776494
5776495
5776496
5776497
5776498
5776660
5776661
5776670
5776698
5776826
5776827
5776851
5776905
5776925
5776926
5776964
5776965
5776966
5776967
5776969
5776986
5777001
5777016
5777017
5777018
5777032
5777034
5777035
5777036
5777139
5777239
5777634
5779375
5779376
5779664
5779672
5779673
5779734
5779766
5782355
5782988
5784095
5784792
5784878
5784879
5784965
5785738
5786644
5786961
5786962
5786963
5787316
5788480
5788505
5788506
5789206
5789472
5789495
5789496
5789535
5789539
5789540
5789541
5789542
5789543
5789545
5789571
5789572
5789573
5789574
5789575
5789610
5789611
5789612
5789646
5789647
5789648
5789649
5789650
5789651
5789656
5789657
5789658
5789659
5789660
5789661
5789699
5789700
5789708
5789709
5789711
5789719
5789720
5789721
5789726
5789730
5789742
5789754
5789760
5789761
5789766
5789769
5789770
5789771
5789773
5789777
5789790
5789791
5789793
5789794
5789819
5789820
5789821
5789822
5789846
5789847
5789853
5789854
5789855
5789856
5789862
5789864
5789875
5789906
5789927
5789931
5789945
5789947
5790015
5790156
5790406
5790429
5790692
5790693
5790729
5790802
5790803
5790804
5790957
5790958
5791588
5791589
5791683
5791741
5791743
5791895
5791896
5792828
5792829
5793821
5793822
5793823
5793900
5794381
5796233
5799871
5801334
5801956
5802046
5802068
5802069
5802070
5802266
5802267
5802276
5802277
5802302
5802303
5802304
5802305
5802306
5802307
5802313
5802330
5802331
5802332
5802333
5802506
5802528
5802529
5802533
5802534
5802541
5802542
5802643
5802644
5802645
5802741
5802742
5802743
5802744
5802745
5802746
5802747
5802862
5803533
5803557
5803558
5803559
5803560
5803561
5803586
5803593
5803605
5803606
5803607
5803608
5803612
5803658
5803659
5803664
5803665
5803666
5803670
5803676
5803770
5803771
5803772
5803773
5804649
5804656
5813358
5813360
5813863
5813864
5813865
5813869
5813871
5813879
5813889
5813895
5813896
5813931
5813946
5813947
5813948
5813949
5813950
5813951
5813952
5813959
5813960
5813961
5813962
5813963
5813964
5813965
5813967
5813968
5813969
5813970
5813971
5813972
5813973
5814219
5817084
5817210
5824221
5825099
