53
94
2037
3181
3287
3839
10542
11432
11525
15793
17115
17543
18272
19646
20476
22063
22303
23268
23642
23697
25168
26014
26692
27918
29138
29525
29772
29815
29934
30359
31471
31720
32854
33170
33476
35051
35168
35614
35624
36187
36280
37517
39156
39304
40597
40604
40859
41081
41200
41436
42109
42723
42952
43226
44157
44248
46188
46562
46932
47028
47330
48889
50617
51147
52702
54101
54120
54289
56024
56185
56232
57560
59385
59631
59658
60282
61575
61953
63743
65972
67799
69098
69448
72766
72922
73622
74813
75780
79386
82996
83693
85228
85903
86474
88380
92467
95412
98573
100451
102269
104832
106214
106312
107698
108396
108969
110081
112922
113875
115350
116252
119080
126635
129137
129641
129952
130115
134207
136156
137108
137587
141810
142737
142988
145316
145559
147127
149585
152419
155560
156509
157540
163312
164189
164713
166452
166485
169349
173790
175211
177763
179323
180723
185055
186401
189393
189557
192710
195703
201661
208512
214243
219393
222312
225819
230174
236486
238767
249832
252235
253721
254562
255705
255863
258865
261808
263368
272291
272815
273174
275259
284556
284816
285045
292006
295544
297086
307944
316200
319390
324252
326567
331530
334400
344875
346633
358606
361818
382692
387465
397775
401014
404142
408454
408508
409808
410193
413883
416702
430528
447474
449287
449638
455796
460809
461636
467360
478233
480317
482389
490427
494946
502809
503483
506046
506890
509334
511444
511715
512095
513222
524083
530518
536977
538698
543208
544671
551489
562556
568434
572061
573034
577603
580683
592113
611011
614963
617203
617825
619969
634961
641985
653739
659205
672527
673532
675330
675986
678612
679272
680118
683010
687129
687303
688462
698850
699279
700546
701563
716074
721613
722235
724219
727854
728952
737406
737438
737907
741949
742004
744184
756409
756459
763407
771640
773808
781370
785882
788971
790371
792235
794899
795810
796517
796725
800601
809648
812722
813023
821580
822668
823324
825073
830311
830521
836826
838076
846346
847974
849199
856844
864868
867859
869722
874356
875018
895355
895540
896870
896898
905977
908006
909706
915218
921005
921980
922765
925492
929500
939814
943940
945298
945653
950150
955107
968160
968844
978211
981555
984878
986837
987724
994567
996178
997433
1001225
1010979
1013739
1014872
1025348
1025968
1029435
1029692
1031111
1032074
1043129
1046098
1046200
1047470
1049940
1052682
1055518
1056393
1058078
1059227
1067056
1067616
1068746
1077725
1077796
1079972
1082644
1083092
1091616
1093148
1095152
1098039
1101206
1101356
1109753
1122959
1123301
1128459
1129535
1131748
1131890
1133212
1135544
1140047
1140797
1140995
1151640
1152463
1152984
1174266
1179168
1185190
1190320
1194464
1200519
1209110
1213399
1213539
1215222
1216237
1220985
1225306
1229270
1231979
1233110
1240759
1241425
1242557
1246510
1247975
1251914
1253363
1253622
1253815
1258957
1259659
1260108
1263085
1266754
1268004
1269745
1272612
1275856
1277281
1283490
1284002
1284719
1285526
1285761
1291225
1293214
1294446
1295549
1305415
1306368
1315872
1348060
1348764
1353542
1354539
1355966
1356199
1359802
1360333
1370768
1373128
1382035
1382693
1385120
1385964
1388314
1390129
1402141
1404256
1407383
1412742
1416669
1416954
1418133
1430505
1434810
1439711
1441008
1444340
1444722
1447448
1449499
1454603
1459487
1463254
1463669
1465961
1466895
1468171
1478501
1479777
1482977
1483165
1484251
1486561
1489858
1493428
1501363
1504852
1505569
1508836
1509274
1510823
1511109
1514231
1520541
1520642
1522398
1524177
1525008
1527960
1532376
1534687
1535983
1538560
1541385
1551246
1552531
1557461
1561332
1562379
1562903
1568261
1574877
1577821
1579854
1581348
1584558
1587272
1588619
1588679
1593348
1594769
1598117
1600095
1603470
1605954
1606352
1608941
1610184
1611436
1611780
1613198
1613811
1614227
1618094
1620248
1621929
1623744
1623788
1626279
1631523
1640257
1642114
1648095
1648263
1648281
1651478
1652503
1652536
1655737
1656727
1657294
1658584
1660683
1661082
1666354
1673436
1674528
1676992
1677107
1682472
1683230
1685554
1691817
1693943
1696439
1700018
1703921
1706189
1709022
1709115
1710958
1712440
1714495
1719319
1724512
1730218
1731073
1731878
1737021
1739274
1740994
1745561
1747608
1748990
1749115
1759637
1763070
1764395
1766921
1769262
1770555
1773025
1776593
1777455
1777908
1778547
1780638
1783822
1785339
1788240
1789415
1789452
1789526
1790202
1791893
1801452
1802383
1803466
1804648
1807460
1808108
1808732
1811527
1813203
1815220
1815799
1820639
1824581
1824877
1825929
1827120
1827631
1828816
1828869
1829259
1835991
1839017
1844512
1846644
1850507
1850685
1851445
1853046
1856383
1856726
1857451
1858571
1859282
1859841
1859961
1862190
1862492
1862506
1862759
1865291
1870592
1870916
1871282
1876014
1877532
1879212
1880010
1881837
1883033
1883431
1884609
1886819
1891549
1896469
1896685
1898185
1899226
1899464
1902638
1908351
1913395
1916618
1919502
1922122
1922626
1926188
1929372
1929514
1931351
1932446
1936149
1936245
1939639
1939863
1942821
1943817
1944094
1945962
1947886
1949545
1950051
1954996
1955074
1956126
1956310
1956860
1957122
1960408
1965332
1966417
1967309
1967430
1968436
1971289
1973400
1975033
1977935
1978710
1979396
1980931
1981560
1984272
1984398
1985676
1987479
1987792
1988693
1988863
1989318
1990185
1992102
1992120
1993117
1995399
1996790
2002569
2003943
2004575
2005622
2010808
2011378
2012468
2014061
2017288
2020106
2022129
2024162
2028042
2034239
2040134
2040458
2041972
2042208
2042991
2045385
2048914
2049796
2050996
2051216
2053673
2054870
2055562
2057898
2059380
2059555
2061816
2064254
2065714
2066838
2068270
2070598
2071583
2077405
2078193
2085419
2089866
2096702
2096832
2097030
2097957
2098616
2099665
2100261
2101595
2102278
2102330
2106628
2107192
2109048
2119140
2126673
2127688
2130186
2131512
2132504
2134877
2138078
2139319
2140546
2140719
2142744
2146052
2146727
2147292
2149809
2150456
2152107
2154038
2155526
2158830
2159427
2168658
2170568
2171737
2174465
2174581
2176279
2177594
2177627
2177657
2179590
2180029
2180436
2185474
2189211
2190711
2191464
2191543
2192766
2192792
2196289
2196306
2196985
2197524
2198627
2200054
2200666
2202917
2204826
2206483
2209640
2210465
2217204
2225479
2228296
2228465
2233420
2233580
2234981
2236829
2237860
2239476
2239593
2240162
2241008
2244115
2244765
2252716
2259079
2259355
2260159
2262537
2265953
2265971
2266121
2266610
2266624
2268815
2271786
2272395
2272608
2273818
2274326
2274921
2275091
2276652
2282143
2282517
2285271
2286334
2289992
2292420
2294046
2294155
2294750
2295962
2300589
2301044
2301591
2301668
2302344
2311666
2316526
2317574
2317953
2320951
2323356
2324328
2324816
2324906
2326936
2329207
2330347
2330372
2330914
2333573
2335693
2335870
2337853
2341259
2345270
2345324
2347499
2347646
2348896
2350525
2352025
2352713
2352972
2353411
2354346
2354557
2357553
2357934
2359045
2359066
2359803
2359829
2360394
2361101
2361132
2362479
2364041
2364327
2366821
2367712
2374417
2375080
2377360
2377492
2378204
2378251
2380879
2381800
2381922
2386203
2388283
2388357
2389230
2389261
2389578
2395625
2397666
2399766
2399963
2400750
2402093
2403345
2404771
2405742
2406327
2406768
2407235
2409978
2410988
2411069
2411176
2411513
2412815
2413242
2414404
2416507
2418520
2419786
2420193
2420331
2421618
2431630
2433734
2436877
2440464
2440959
2442341
2443637
2444965
2445727
2447008
2447573
2449729
2453535
2453852
2454003
2456962
2457613
2459903
2465008
2465616
2467664
2468042
2468593
2471964
2474006
2474715
2476682
2479057
2481338
2481595
2482014
2482971
2483685
2486581
2487106
2490635
2491807
2494522
2495225
2495492
2498847
2503163
2503210
2505638
2505993
2507697
2508968
2509244
2509468
2509953
2512179
2512984
2514111
2516616
2517362
2519910
2520864
2521962
2521992
2522697
2524723
2524759
2526773
2527597
2527887
2528066
2531078
2533563
2537719
2538098
2543726
2543736
2544057
2545457
2545718
2546306
2546809
2547542
2548108
2548682
2549989
2552121
2553713
2554785
2558884
2559677
2560861
2561547
2562227
2562355
2562486
2562783
2563786
2564051
2564211
2565674
2567539
2567896
2568869
2571859
2575404
2577157
2578110
2578911
2578999
2579032
2580572
2581143
2582812
2582879
2583117
2584507
2585701
2585707
2587357
2587767
2588597
2591737
2591895
2592704
2593279
2594075
2594178
2594543
2595131
2595482
2597009
2598031
2601766
2602944
2603449
2603573
2604830
2606412
2606428
2607136
2607602
2607767
2610903
2615039
2616207
2617879
2619557
2620157
2620666
2623692
2624926
2624947
2626886
2628396
2630193
2631182
2631380
2637295
2639894
2643422
2643551
2645017
2646975
2648255
2653905
2655571
2656603
2656960
2656985
2658821
2659801
2661101
2664722
2665660
2666683
2666701
2668132
2669802
2669828
2674183
2674702
2675575
2676201
2676270
2677178
2677182
2677438
2677833
2679188
2679523
2681301
2684077
2684716
2685141
2688290
2690189
2692345
2692703
2693809
2696226
2698958
2700285
2700655
2701221
2703308
2703470
2707159
2707712
2708018
2710590
2711201
2712092
2713199
2714594
2714822
2715435
2715894
2717624
2718735
2719655
2719876
2720367
2720504
2722059
2722166
2725764
2727014
2728341
2728720
2729306
2730373
2730457
2732276
2735297
2735559
2736672
2739637
2740488
2741091
2741905
2742170
2742203
2745893
2747114
2748039
2748769
2755277
2755524
2756590
2756628
2760710
2760874
2762120
2763638
2768937
2769540
2769784
2771326
2771967
2772110
2775172
2777320
2778002
2778078
2778252
2780485
2780924
2784304
2786881
2788244
2788798
2788975
2789273
2790424
2791023
2791181
2791771
2792537
2792713
2792766
2794127
2794530
2796255
2796549
2797470
2798169
2798709
2799394
2800616
2803352
2804324
2805930
2806002
2806687
2806696
2808496
2811120
2812275
2813969
2814167
2814184
2817073
2818386
2818718
2819598
2821140
2823737
2824953
2825690
2827471
2827497
2831298
2831476
2833870
2834330
2836353
2837544
2838959
2838972
2840319
2840490
2841254
2841613
2842602
2843680
2843996
2845086
2847667
2848198
2848672
2848730
2852971
2856595
2857925
2857981
2858144
2859904
2860128
2861554
2861997
2863482
2863794
2864137
2867112
2867182
2867238
2868707
2869152
2872129
2872971
2874884
2877017
2877185
2877255
2877293
2878114
2878961
2879689
2882521
2883396
2883573
2883733
2883793
2887507
2892122
2892570
2893672
2895930
2898242
2900537
2900942
2901950
2903005
2904978
2906569
2907355
2908109
2909110
2909160
2909294
2912639
2914599
2914626
2914646
2915518
2915534
2918542
2918947
2919259
2919845
2920878
2923559
2924267
2927193
2927716
2928428
2929508
2932907
2934475
2935113
2937940
2938446
2939536
2942250
2942663
2945180
2945446
2946028
2946313
2947094
2947160
2947181
2948832
2950364
2950661
2950683
2950781
2951479
2952244
2953069
2954609
2954868
2954998
2955532
2955643
2955733
2963433
2965561
2965806
2965965
2965998
2968876
2973543
2973961
2975537
2975972
2977550
2978269
2984478
2987702
2987978
2990944
2991790
2992276
2992964
2993187
2994033
2995671
2996447
2997039
2998408
3001655
3001917
3002280
3003504
3003938
3004899
3005147
3005332
3005851
3006201
3006791
3007561
3007979
3008842
3013187
3013838
3015175
3015836
3017015
3019471
3022367
3022473
3023267
3024278
3026348
3026473
3029120
3032344
3032862
3033590
3034161
3037642
3037797
3038007
3039041
3041405
3046355
3048300
3052572
3054436
3054688
3057804
3064562
3064990
3065086
3065161
3066331
3067085
3067576
3067720
3067924
3068246
3068281
3069169
3071256
3072125
3072455
3072695
3073818
3074695
3075278
3075780
3076563
3077296
3077626
3078410
3079729
3082006
3082079
3082131
3082956
3084124
3084993
3085480
3086077
3087126
3089486
3090449
3090764
3091777
3093269
3093496
3094586
3097066
3100281
3100786
3102077
3102206
3104426
3105195
3108500
3110176
3113923
3115806
3116336
3118757
3121178
3121590
3121891
3122138
3124642
3125558
3125998
3126362
3126498
3126850
3128702
3128796
3130993
3131716
3133217
3133606
3138092
3140050
3141191
3142746
3142806
3143183
3145188
3146886
3148112
3148242
3149697
3150963
3151100
3152893
3153003
3153175
3153458
3153467
3154193
3154379
3154612
3155118
3155806
3156299
3160105
3160305
3161612
3162617
3164475
3167647
3168658
3170561
3170713
3171174
3172888
3175598
3175922
3176929
3178536
3179074
3179961
3181919
3183066
3185031
3188043
3189347
3190741
3191830
3194334
3194796
3194827
3196301
3197916
3198044
3198273
3199260
3199592
3200157
3202584
3203785
3206036
3211287
3211415
3211577
3215363
3215697
3216245
3216950
3217666
3218136
3218707
3219035
3221908
3221944
3222348
3223031
3224206
3224289
3225708
3225843
3227674
3227875
3228031
3229521
3234915
3236442
3236705
3236732
3236925
3237754
3238445
3239690
3241278
3246681
3247007
3247280
3247467
3247692
3249286
3249467
3249549
3249711
3249750
3256302
3257558
3257728
3258451
3258750
3259296
3259900
3260213
3261610
3262206
3262952
3264457
3265082
3266488
3267936
3269461
3270033
3271444
3271602
3271830
3273282
3273699
3274169
3274181
3275191
3276827
3277868
3278517
3279495
3283530
3283685
3283784
3285901
3286291
3286641
3287563
3289407
3289563
3290003
3291032
3295591
3295987
3296028
3296190
3298512
3299312
3300102
3300595
3300614
3301443
3301910
3302465
3304801
3305554
3305684
3307136
3309929
3310226
3310976
3312416
3313094
3313718
3314468
3315138
3316635
3318656
3318868
3319079
3319480
3319728
3320017
3320175
3321666
3321837
3322270
3322887
3323970
3324180
3325551
3327824
3328071
3328171
3328370
3328382
3329083
3330001
3331463
3331478
3331817
3332161
3332335
3332747
3333029
3334121
3337789
3339743
3339923
3340866
3341329
3341641
3343621
3343975
3344854
3345077
3345667
3346300
3346777
3347258
3349095
3349327
3349580
3350974
3351002
3351140
3352225
3352683
3353395
3353961
3354961
3355979
3356176
3356296
3356376
3357878
3360022
3360605
3362117
3363191
3363682
3364991
3365062
3366320
3366422
3366495
3367701
3370539
3371379
3371441
3372241
3373379
3373681
3375272
3375842
3376318
3377517
3378919
3379574
3379791
3380317
3384145
3385684
3386462
3387261
3387455
3388246
3388515
3390747
3391129
3391204
3392971
3393064
3393786
3394479
3395871
3396567
3396899
3397706
3397769
3398232
3398267
3401538
3401639
3401698
3401887
3402322
3402987
3403117
3403391
3404077
3404579
3404797
3407183
3408189
3408585
3410803
3411190
3411659
3412331
3412482
3412619
3412881
3413472
3414328
3415126
3415553
3415659
3416119
3416694
3417570
3420062
3420772
3421206
3421473
3421485
3421858
3422827
3423336
3423347
3425567
3426796
3429536
3429718
3430849
3431237
3431620
3432085
3434508
3438494
3440866
3441944
3442098
3444706
3447482
3447714
3447744
3447908
3447982
3448131
3448903
3449254
3450084
3450907
3451405
3452147
3452336
3452873
3455822
3458690
3458821
3459491
3461585
3462279
3465474
3465654
3466377
3466626
3468129
3468593
3469301
3471269
3473589
3473612
3473620
3474651
3475435
3476309
3477290
3479507
3481090
3481585
3482585
3484325
3484796
3485549
3485839
3486819
3487526
3488086
3488549
3489230
3492350
3492900
3493131
3493185
3494893
3495770
3496230
3496500
3496594
3497296
3497321
3501508
3501785
3502475
3504061
3505029
3506371
3507259
3507797
3507886
3508282
3508506
3510581
3511982
3514106
3514427
3516387
3516388
3516486
3518271
3518578
3518813
3518978
3520593
3521181
3521217
3521273
3521991
3522620
3523200
3524447
3526165
3526311
3526514
3526629
3526713
3526974
3527292
3528938
3529713
3531671
3531812
3532080
3532348
3532455
3535138
3535867
3536896
3539028
3539949
3540919
3541325
3542146
3542220
3542483
3542507
3542653
3543048
3543580
3543797
3544343
3545479
3545487
3546511
3546565
3547468
3549163
3550189
3550462
3553500
3557268
3557585
3557698
3557920
3559361
3560133
3561330
3561647
3561835
3562467
3562505
3563852
3564110
3564270
3564458
3564813
3568617
3568793
3568968
3570584
3570638
3571418
3572154
3572269
3573741
3574060
3574801
3574844
3575386
3578081
3578093
3578172
3578675
3578750
3578785
3582211
3583799
3583886
3584151
3587463
3588998
3590115
3591343
3591640
3591777
3592357
3593560
3594144
3594305
3595052
3595394
3595519
3596655
3598564
3601438
3601439
3601672
3601894
3602814
3603230
3604584
3604946
3605450
3605966
3606147
3606348
3607663
3607977
3608126
3608480
3609034
3609606
3610571
3612785
3613574
3614316
3614514
3614537
3614933
3615016
3617232
3618870
3619041
3619267
3619940
3620022
3620447
3620718
3621185
3621409
3621610
3621952
3622656
3623142
3624005
3624222
3624819
3625678
3627526
3628152
3628398
3629190
3630406
3633718
3634621
3635649
3635773
3636500
3636819
3638569
3639094
3640498
3641092
3641591
3642432
3642567
3642912
3644330
3645094
3645292
3646604
3648139
3648496
3648583
3649080
3649264
3651085
3651762
3652813
3652955
3653279
3654660
3655034
3656104
3656622
3656925
3657271
3659230
3659911
3660479
3661258
3661797
3664435
3664448
3665982
3666654
3666797
3666844
3667867
3668261
3669537
3669770
3670181
3670517
3672799
3673245
3673492
3677251
3677747
3678264
3678612
3678786
3679000
3679201
3679237
3679317
3679639
3680934
3681319
3681435
3682944
3683304
3683859
3684456
3684530
3684555
3684556
3686359
3688198
3688378
3688630
3689223
3689359
3691189
3691255
3691317
3691424
3691453
3691456
3692812
3693884
3695438
3698022
3698743
3698972
3699165
3699612
3699768
3699898
3700288
3701270
3703857
3704085
3704132
3704761
3704928
3705169
3706087
3708490
3711292
3711443
3712723
3713095
3713699
3714328
3714576
3714681
3716654
3716932
3717091
3717361
3719514
3720270
3720404
3720456
3720821
3720928
3721240
3721732
3721770
3722227
3722385
3722641
3722933
3723003
3723477
3723708
3724319
3724444
3725309
3725659
3725748
3726273
3726557
3728549
3728854
3728856
3729179
3729325
3729732
3729916
3730520
3730560
3731624
3732971
3733740
3734185
3734751
3734857
3734974
3735961
3737540
3738470
3739475
3739820
3740327
3740390
3741141
3741223
3741928
3742221
3742389
3743550
3743922
3744738
3745320
3747008
3747686
3749101
3749457
3750123
3752170
3752466
3752555
3753128
3754378
3755477
3756062
3757071
3758576
3758645
3760398
3761239
3761600
3761963
3761986
3763168
3764149
3765379
3765662
3766768
3766775
3768094
3768783
3768948
3769324
3770242
3770669
3770748
3772538
3773044
3773119
3773400
3775911
3776001
3777272
3777362
3777507
3778901
3780342
3780923
3780959
3781018
3781181
3781218
3782021
3783428
3783646
3785801
3786125
3786732
3786941
3787269
3787328
3787453
3788459
3789243
3789287
3789939
3791160
3791659
3792258
3792515
3792787
3793287
3795119
3795855
3795957
3796183
3796260
3796405
3797196
3797500
3798135
3798532
3798686
3799461
3802059
3802150
3802994
3804055
3804533
3805238
3805320
3805657
3805668
3805927
3807026
3807067
3807274
3808102
3808645
3809511
3809846
3812957
3813219
3813840
3814517
3815217
3816682
3817010
3817935
3818433
3819326
3821715
3822048
3822480
3822845
3823254
3824659
3825023
3826863
3827073
3827253
3829065
3829231
3829478
3829812
3829882
3831708
3832306
3832813
3833439
3833650
3834645
3834998
3835835
3836344
3838219
3838775
3839955
3839999
3840294
3840328
3840618
3840984
3841587
3841671
3842160
3842250
3842754
3844260
3844697
3845314
3845562
3845810
3845997
3847027
3849722
3850734
3851736
3851892
3852084
3852999
3853595
3853937
3854228
3855104
3855199
3855405
3855759
3857783
3859394
3859476
3859765
3860145
3860206
3862165
3862184
3862369
3863916
3864123
3865636
3865714
3865810
3866324
3866372
3866394
3868386
3869242
3869685
3870672
3871654
3872065
3872284
3872795
3873297
3875112
3875909
3876155
3876389
3877405
3877853
3877879
3878310
3879026
3879541
3879831
3879874
3880326
3881147
3883144
3883755
3883814
3884333
3885505
3885595
3886363
3887271
3887419
3888069
3889029
3889442
3889466
3889944
3890044
3890802
3890827
3893288
3893423
3893511
3893690
3893978
3894729
3894732
3895641
3896942
3897201
3897947
3898064
3898100
3898230
3898311
3898860
3899778
3900321
3900352
3900464
3900511
3900538
3901573
3903857
3903887
3904397
3906540
3907213
3907291
3907555
3908056
3908457
3908943
3910057
3910227
3910834
3911490
3911870
3911957
3912029
3912439
3913374
3913621
3914993
3916119
3917312
3917375
3917504
3917706
3918097
3919136
3919141
3919861
3920103
3921210
3921761
3922217
3922889
3923486
3923708
3924282
3925827
3926702
3926842
3927024
3929113
3929580
3930197
3931332
3932474
3932528
3932818
3932881
3933054
3933336
3933377
3933896
3934696
3935718
3937062
3937483
3938307
3938370
3938534
3938933
3938961
3939309
3940768
3944218
3944530
3945948
3946303
3948256
3949032
3949103
3949429
3949571
3949613
3949905
3950155
3951222
3951317
3951497
3951557
3951746
3954641
3956119
3956651
3957065
3958030
3958261
3958795
3959094
3959112
3962182
3963202
3963777
3964090
3964280
3964516
3964962
3965037
3965198
3965344
3965863
3965932
3966786
3966874
3967577
3968436
3969531
3969565
3970502
3970629
3971317
3971687
3971753
3972386
3972610
3974250
3974651
3974861
3975295
3975848
3975862
3976028
3976695
3976883
3978997
3979640
3979749
3979822
3980784
3980897
3981374
3981417
3981489
3981536
3982122
3982217
3982496
3983064
3986953
3987367
3987692
3988979
3989134
3989599
3990028
3992040
3992097
3993104
3994620
3995168
3996850
3997596
3997674
3998691
3999354
3999736
4000071
4000872
4001440
4002128
4002196
4002931
4003686
4004646
4005187
4005541
4006514
4006785
4006867
4007068
4007223
4007405
4008029
4009742
4010884
4011326
4011876
4012790
4013346
4013475
4014029
4014402
4014722
4015374
4015938
4016326
4016344
4017088
4018072
4018093
4018769
4019642
4020291
4020333
4021071
4021117
4022307
4022363
4023034
4024578
4024766
4025182
4025260
4026495
4026737
4028302
4028535
4028548
4028641
4029040
4030329
4031301
4031445
4033461
4033669
4033785
4033838
4034208
4034546
4035570
4035643
4035689
4036294
4036662
4037070
4037319
4037474
4038514
4041584
4041863
4042714
4044341
4044863
4046998
4047438
4047519
4047799
4048746
4048979
4049365
4049537
4049691
4049700
4050126
4050493
4051941
4052421
4052473
4053258
4053842
4053971
4054471
4054571
4055036
4055218
4055651
4055801
4057407
4057949
4058726
4059782
4059909
4060851
4061749
4061893
4062075
4062444
4062931
4063091
4063170
4063750
4063864
4064005
4064112
4064878
4065103
4065239
4065381
4065439
4065494
4065815
4066073
4066805
4067028
4067317
4067951
4068019
4068438
4068765
4069514
4069867
4071207
4071586
4072641
4073611
4073618
4074595
4074832
4075825
4076352
4076807
4079279
4079424
4079883
4079902
4080680
4081073
4081103
4081156
4082609
4083171
4083596
4083716
4084383
4084683
4084756
4085207
4085752
4086383
4086426
4087288
4087948
4088702
4088750
4089424
4089696
4089727
4089891
4090313
4090656
4090663
4090911
4091045
4092223
4092403
4093819
4093961
4094017
4094718
4094763
4094810
4095051
4095358
4096684
4097336
4097541
4098095
4098143
4098988
4099044
4100862
4100992
4101295
4101608
4102206
4102231
4102245
4102558
4103023
4103364
4103880
4104333
4104719
4104960
4105352
4105498
4105715
4105761
4105983
4106161
4106462
4106514
4106523
4106604
4106836
4108341
4109655
4111114
4111248
4111612
4112030
4112438
4112560
4113043
4113399
4113923
4114043
4114450
4114692
4115207
4115416
4117041
4117388
4117890
4118231
4118273
4118410
4119322
4119649
4119845
4121000
4121915
4122073
4122323
4122352
4123115
4123826
4123843
4123895
4124424
4124533
4124703
4125532
4126151
4126560
4126852
4127500
4127547
4127737
4128162
4129478
4129480
4130183
4130337
4130753
4130858
4131242
4131398
4132114
4132783
4132799
4132896
4133630
4133727
4135024
4135073
4135581
4135616
4135805
4136149
4137017
4137310
4137665
4137841
4138058
4139053
4139363
4139830
4139878
4140323
4141098
4141939
4141995
4142797
4142815
4143174
4143588
4143861
4144096
4145050
4146199
4147159
4147364
4148071
4148565
4149557
4150227
4150461
4150691
4150890
4151013
4151107
4151415
4151709
4151954
4152464
4153006
4153007
4153231
4153294
4153539
4153636
4153686
4153913
4155142
4155573
4156885
4160121
4161550
4161692
4163606
4164200
4164941
4165282
4166016
4166761
4166900
4167170
4167853
4168001
4168227
4169047
4169349
4169367
4170232
4170341
4170608
4170817
4172986
4173370
4173802
4174301
4174402
4174636
4176305
4176647
4176703
4177106
4177264
4177578
4177795
4178400
4179235
4179478
4179909
4180015
4180144
4181612
4182373
4182784
4182873
4183029
4183045
4183099
4183260
4183825
4184082
4184167
4184228
4184538
4184709
4184839
4184840
4185781
4186142
4186244
4186721
4186855
4188006
4188091
4188122
4188826
4189834
4190361
4190949
4190998
4191268
4191273
4191392
4191808
4191899
4193391
4193515
4194070
4194638
4194975
4195619
4196501
4197134
4197575
4197778
4197838
4198060
4199706
4199708
4199811
4200455
4201314
4201394
4202628
4203426
4204055
4204245
4204335
4204506
4204795
4204888
4205375
4205500
4205509
4205850
4206156
4206250
4206374
4207062
4207363
4207637
4207720
4208115
4209231
4209555
4209730
4210928
4211540
4211572
4211844
4213014
4213092
4213151
4213174
4213630
4213742
4214288
4214841
4215485
4215503
4215507
4215591
4216131
4216207
4216576
4217520
4218492
4219368
4219687
4219860
4220535
4220815
4221431
4221443
4221487
4221600
4222330
4222418
4222841
4222984
4223633
4224032
4224246
4224320
4224655
4225617
4225817
4225823
4225907
4225965
4226599
4227642
4227848
4228702
4228847
4229253
4229565
4229593
4229791
4230468
4231694
4231809
4232041
4233203
4233616
4233840
4234092
4234701
4235113
4235513
4235960
4236429
4236974
4237690
4238039
4238440
4238673
4238835
4238983
4239170
4239419
4239474
4239502
4240707
4240806
4241047
4241517
4242208
4242340
4242391
4242407
4242487
4242659
4242756
4242786
4243167
4243248
4243789
4243850
4244613
4245379
4245732
4247450
4248270
4248739
4249485
4249650
4249830
4251959
4252607
4253228
4253503
4253762
4254113
4254372
4254630
4254790
4254820
4254967
4255371
4256277
4256287
4257366
4257458
4258266
4258413
4258812
4259805
4260414
4260657
4260904
4262068
4262136
4262470
4262528
4263358
4263690
4264303
4264347
4265290
4265576
4266315
4266780
4267570
4268310
4268621
4268826
4269023
4269291
4269455
4269864
4270095
4270104
4270257
4270838
4271464
4271985
4272070
4272291
4272985
4273068
4273397
4273548
4274108
4275181
4275398
4275816
4276645
4277230
4277344
4277910
4278259
4278726
4279145
4279191
4280212
4280614
4281647
4282258
4282732
4283652
4283961
4283977
4284414
4284475
4284788
4284869
4285261
4286274
4287748
4287760
4287792
4287878
4288008
4288114
4289462
4289536
4289588
4289779
4291700
4292869
4293883
4294233
4294342
4294412
4294478
4295685
4295765
4296267
4297006
4297052
4297826
4297901
4298276
4298357
4298400
4299049
4299566
4300348
4300848
4301371
4301405
4301986
4303937
4304310
4304503
4304529
4305008
4305202
4305226
4305372
4305475
4306759
4307303
4307699
4308569
4308709
4309307
4309379
4309897
4310640
4311877
4312018
4312113
4313298
4313603
4313733
4313787
4313952
4314093
4314184
4316164
4317852
4318070
4318118
4319303
4319436
4319747
4319951
4319979
4320229
4321057
4321111
4321955
4322278
4322475
4322685
4323617
4323647
4324023
4324112
4324382
4325206
4325241
4325766
4326484
4326891
4327215
4327372
4327800
4328087
4328103
4328239
4328652
4329206
4331024
4331029
4331033
4331196
4331683
4331821
4332497
4333115
4333244
4333921
4334009
4334492
4334683
4334938
4335678
4335709
4335760
4335850
4336011
4336515
4337394
4338139
4338141
4339357
4339505
4339806
4340242
4340638
4340712
4340771
4340777
4341446
4341690
4341776
4342216
4342827
4342961
4343591
4344202
4344304
4345094
4345167
4345551
4345709
4346099
4346501
4346545
4346786
4347069
4347992
4348157
4348568
4349038
4349892
4350088
4350240
4350945
4350980
4351056
4352166
4354345
4354511
4354582
4354585
4354811
4354954
4355352
4355468
4355588
4355866
4355922
4356016
4356088
4356350
4356919
4357152
4358046
4358162
4358305
4358578
4359235
4359556
4359732
4360200
4360204
4360210
4360232
4360318
4360736
4361820
4362105
4362113
4362638
4363137
4364487
4364510
4365090
4365908
4366086
4366098
4366473
4367075
4367672
4367717
4368429
4368563
4368887
4369005
4369183
4369368
4369637
4369671
4369838
4370548
4371252
4371394
4371460
4371809
4371829
4372575
4372620
4373212
4373433
4373855
4374639
4375466
4376487
4376576
4376577
4376722
4377095
4377505
4377552
4378034
4378425
4378507
4379666
4380212
4380297
4380364
4380381
4380876
4380979
4381177
4381178
4381822
4381838
4381976
4381984
4382404
4382736
4383028
4383108
4383123
4383726
4383862
4384035
4384203
4384389
4384397
4384524
4384531
4384537
4384540
4384609
4385230
4385241
4385261
4385971
4386008
4386433
4386876
4387505
4388002
4388508
4389477
4389542
4390064
4390096
4390616
4390731
4392180
4392462
4392484
4392966
4393159
4393167
4393282
4393670
4394461
4394747
4394905
4395134
4395564
4396012
4396377
4396950
4397107
4397237
4397734
4397816
4397852
4397879
4398530
4399446
4400082
4400350
4400435
4400940
4401048
4401646
4402317
4402621
4402645
4402646
4402661
4402664
4403149
4403175
4403407
4403447
4403462
4403503
4403514
4403580
4403969
4404287
4404681
4404705
4404729
4404963
4405119
4405861
4406654
4406668
4406775
4408082
4408696
4408778
4408978
4409046
4409097
4409119
4409136
4409286
4409578
4409594
4409600
4410800
4411233
4411986
4412051
4412087
4412092
4412103
4412392
4412862
4412935
4413019
4413108
4413829
4414648
4415180
4416236
4416862
4417289
4417551
4417753
4417924
4418243
4419098
4419111
4419267
4419400
4419833
4419877
4420025
4420734
4421981
4422669
4422901
4423122
4423141
4423350
4423648
4423749
4424445
4425096
4426575
4427259
4427373
4427430
4427683
4427775
4428089
4428191
4428396
4428399
4428497
4428535
4428954
4429872
4429884
4430404
4430779
4430836
4431208
4431496
4431647
4431699
4431989
4432766
4432844
4432937
4433454
4433527
4434503
4435334
4435554
4435577
4435596
4435633
4435674
4436301
4436382
4436675
4437695
4437860
4438395
4438797
4438947
4439199
4441142
4441541
4441564
4441620
4441693
4442342
4442655
4442663
4443424
4444099
4444273
4444330
4444605
4444683
4444780
4444999
4445092
4445432
4445670
4446094
4446563
4446613
4446748
4446771
4447784
4447807
4448532
4449247
4449852
4450822
4451025
4451388
4451502
4451537
4451680
4451802
4452283
4452319
4452795
4453761
4453867
4454378
4454509
4455400
4455631
4456019
4456297
4456659
4457098
4457389
4457485
4457525
4457538
4457801
4457917
4458450
4459095
4459298
4459862
4460098
4460365
4460536
4461268
4461431
4461649
4461730
4461940
4462264
4463378
4463706
4464628
4465017
4465137
4465208
4465431
4465669
4465755
4466537
4466939
4467445
4467472
4467836
4468109
4468387
4468534
4468738
4468813
4469053
4469100
4469452
4470247
4470559
4470775
4470852
4470923
4471052
4471185
4471287
4471684
4472441
4472482
4472962
4473020
4473055
4473214
4473639
4473944
4474117
4474799
4475577
4475667
4475996
4476081
4476443
4476706
4477257
4477841
4478177
4478263
4478857
4479142
4479524
4480772
4480967
4482059
4482293
4482604
4482831
4482979
4483314
4483372
4483615
4483773
4483776
4484689
4485006
4485117
4485386
4485736
4486034
4486618
4486815
4487460
4487519
4487620
4487949
4488125
4488501
4488636
4490225
4490233
4490318
4490364
4490430
4491051
4491842
4492047
4492214
4492300
4492991
4492996
4493529
4493656
4493707
4493799
4494492
4494778
4495263
4495306
4495560
4496055
4497247
4497317
4497980
4498305
4498387
4498529
4499418
4499426
4499572
4499872
4500285
4500375
4500565
4500706
4500749
4502038
4502506
4502716
4503055
4503388
4503490
4503525
4503956
4504102
4504207
4504401
4504633
4504955
4505461
4505464
4505864
4505971
4506358
4506543
4506896
4506925
4507079
4507657
4507694
4508110
4508117
4508439
4508909
4509433
4509569
4509686
4510536
4511198
4511518
4512588
4514518
4514763
4515314
4516906
4518058
4518349
4518470
4518475
4518546
4518618
4518724
4518817
4518871
4518885
4518915
4519076
4519240
4519478
4519908
4520288
4520642
4521054
4521513
4522277
4522531
4522791
4522814
4522891
4522968
4523377
4523717
4523958
4524194
4524957
4525071
4525206
4525662
4525832
4526064
4526322
4526707
4526897
4527636
4527707
4528000
4528037
4528223
4528299
4528394
4528480
4528615
4528848
4529067
4529121
4529210
4529654
4529683
4529942
4530522
4530605
4530957
4531112
4531341
4531488
4531522
4532092
4532404
4532583
4532676
4532897
4532943
4532996
4533605
4533959
4533963
4534024
4534155
4534264
4534347
4534826
4534932
4535000
4535277
4535437
4535505
4536020
4536072
4536425
4536515
4536634
4536666
4536910
4537061
4537193
4537616
4537739
4538034
4538474
4538614
4539230
4541071
4541138
4541411
4541678
4541877
4542047
4542100
4542964
4543000
4543374
4543415
4543432
4543627
4543641
4544370
4544457
4544636
4545302
4545950
4546076
4546434
4547188
4547254
4547752
4548431
4548492
4548657
4548666
4549035
4549718
4549825
4551325
4551333
4551337
4551645
4551954
4552005
4552068
4553211
4553375
4553758
4553799
4554575
4554587
4554614
4554621
4554628
4555057
4555125
4555316
4555319
4555594
4555858
4556237
4556241
4556499
4556511
4556565
4556910
4557239
4557439
4557584
4557694
4557921
4558095
4558493
4558558
4558982
4559789
4560330
4560417
4561316
4561500
4561607
4561703
4561725
4561778
4561861
4562064
4562251
4562304
4562381
4562885
4563001
4563657
4564351
4564846
4565050
4565513
4565798
4566096
4566537
4566540
4567369
4568023
4569015
4569656
4569857
4570381
4570909
4571233
4571604
4571896
4571970
4572017
4572221
4573398
4573546
4573876
4573964
4574300
4574991
4575384
4575828
4575871
4576680
4576783
4576831
4576890
4577106
4577575
4577913
4577950
4578561
4579279
4579410
4579434
4579442
4579640
4580067
4580176
4580187
4580475
4580568
4580605
4580633
4580735
4580807
4580921
4581308
4581925
4581937
4581997
4582787
4583958
4584277
4584658
4584905
4585097
4585220
4585854
4586665
4586964
4587080
4587421
4587509
4588810
4588898
4589181
4589450
4589588
4590118
4590419
4590431
4590684
4590719
4591706
4592063
4592246
4592404
4592566
4593373
4593636
4593685
4593812
4593874
4594029
4594768
4594892
4595247
4596105
4596377
4596460
4596650
4596652
4596798
4596982
4597021
4597037
4597217
4597633
4597706
4598239
4598395
4598466
4599236
4599327
4599354
4599781
4600961
4601122
4601374
4601798
4601970
4602453
4602816
4602825
4603074
4603703
4605032
4605479
4605542
4605556
4605609
4605774
4605810
4605856
4605939
4605983
4606034
4606408
4606555
4606700
4606740
4607029
4607103
4607972
4608117
4608693
4609030
4610412
4610678
4610841
4610925
4611872
4611968
4612228
4613154
4614040
4614395
4614518
4615248
4615470
4617142
4617158
4617328
4617749
4618020
4618384
4618519
4618530
4618597
4618814
4618827
4619603
4619664
4620161
4620219
4621350
4621803
4621845
4621879
4621907
4622109
4622377
4622461
4622473
4622474
4622589
4623444
4623495
4623723
4623771
4623858
4623910
4624483
4624862
4625171
4625827
4627296
4629375
4629781
4629881
4630312
4630421
4630503
4630613
4630699
4630900
4630913
4631414
4631595
4631764
4632016
4632194
4632296
4632387
4632563
4632570
4632572
4632580
4633137
4633207
4633301
4633305
4633325
4633330
4633427
4634460
4634621
4634674
4635233
4635487
4635767
4635833
4635863
4635899
4636368
4636532
4636984
4637433
4638035
4638112
4638198
4638289
4638358
4638362
4638748
4638949
4639266
4639334
4639764
4639843
4639865
4639961
4640449
4640506
4640784
4641268
4641500
4642244
4642308
4642489
4642519
4643231
4643278
4644059
4644117
4644194
4644223
4644428
4644782
4645266
4645312
4645366
4645604
4645912
4645948
4646141
4646275
4646446
4646732
4646829
4647127
4647354
4647432
4647629
4647870
4647955
4647994
4648275
4648374
4648687
4649189
4650085
4650143
4650231
4650570
4651158
4651253
4651281
4651574
4651599
4651704
4652176
4652318
4652442
4652679
4652705
4652885
4652919
4653060
4653500
4653776
4654274
4654297
4654923
4654924
4655280
4655318
4655365
4655545
4655630
4655730
4656077
4656889
4657715
4658087
4658226
4658387
4658700
4658776
4658853
4658881
4658963
4658977
4658978
4659140
4659247
4659261
4659370
4659594
4659787
4659933
4660203
4660797
4661342
4661366
4662461
4662598
4663152
4663524
4663595
4663818
4664072
4664216
4664534
4664714
4664814
4664945
4665014
4665016
4665018
4665142
4666084
4666220
4666685
4667961
4668191
4668216
4668261
4668264
4668415
4668890
4669307
4669391
4669430
4669909
4669914
4670124
4670159
4670327
4670710
4670755
4671019
4671022
4671246
4671450
4672206
4672478
4672585
4672846
4673157
4673187
4673285
4673484
4674114
4674250
4674724
4675215
4676233
4676404
4676798
4676800
4676836
4676948
4677068
4677240
4677309
4678336
4678354
4678557
4678709
4678734
4678867
4679007
4679115
4679315
4679591
4680983
4681127
4681946
4682718
4683179
4683344
4683550
4683658
4683738
4683914
4684213
4684286
4684299
4684354
4684840
4684901
4684902
4685705
4685890
4685908
4686019
4686061
4686513
4686547
4686606
4686649
4686675
4687010
4687866
4687903
4687958
4687979
4688095
4688268
4688564
4688599
4688630
4688714
4688735
4688797
4689547
4689572
4689817
4689825
4690014
4690123
4690175
4690186
4690261
4690335
4690350
4690372
4690436
4690541
4690837
4690952
4691269
4691495
4691635
4691638
4692132
4692204
4692350
4692570
4692616
4692829
4692996
4693003
4693035
4693044
4693055
4693087
4693159
4693203
4693297
4693298
4693304
4693333
4693462
4693528
4693719
4693752
4694288
4694396
4694438
4694455
4694645
4694725
4695957
4696115
4696830
4697097
4697466
4697571
4698155
4699050
4699236
4699977
4700196
4700219
4700328
4700402
4700886
4701306
4701854
4702281
4702287
4702301
4702307
4702308
4702765
4702858
4702879
4702927
4702981
4703242
4703296
4703678
4703778
4703903
4703930
4704036
4704246
4704306
4704607
4705230
4705600
4705787
4705899
4706402
4706678
4706840
4707038
4707732
4707995
4708012
4708136
4708350
4708597
4709064
4709948
4710071
4710493
4710517
4710619
4710818
4710903
4710923
4710929
4711390
4711750
4712278
4713153
4713411
4713698
4713870
4714146
4714367
4714375
4714391
4714708
4714803
4715015
4715040
4715107
4715212
4715325
4715383
4715390
4715391
4715450
4715726
4715816
4715939
4716289
4716313
4716349
4716371
4716427
4717049
4717286
4717428
4717512
4717514
4717675
4718110
4718396
4718414
4718588
4718592
4718711
4718783
4718831
4719279
4719609
4719761
4719912
4720447
4720470
4720693
4720832
4720880
4720890
4720940
4720991
4721006
4721009
4721015
4721032
4721039
4721044
4721586
4721722
4721767
4722237
4722295
4722329
4722411
4722425
4722431
4722435
4722521
4722549
4722551
4722944
4722989
4723061
4723084
4723142
4723179
4723184
4723375
4723537
4723813
4723900
4724114
4724302
4724748
4724865
4724876
4724909
4724924
4724947
4724986
4725180
4726449
4726790
4726805
4726962
4726972
4726997
4727045
4727050
4727374
4727696
4727754
4728342
4728414
4728420
4728471
4728740
4728757
4728796
4728865
4728866
4729305
4729370
4729611
4730043
4730097
4730258
4730375
4730512
4731574
4731780
4731993
4733318
4733451
4733455
4733456
4733699
4734281
4734565
4734878
4735210
4735307
4735379
4735962
4736021
4736058
4736291
4737389
4737416
4737607
4737615
4737627
4737887
4738121
4738842
4739188
4739408
4739649
4739792
4740014
4740539
4741483
4741515
4741855
4741870
4742043
4742182
4742367
4742770
4742798
4742824
4743259
4743607
4744298
4744710
4744752
4744818
4745708
4745924
4745998
4746232
4746243
4746474
4747395
4747410
4747442
4747783
4747811
4748118
4748247
4748553
4748814
4749033
4749072
4749996
4750182
4750571
4750683
4750960
4750995
4751081
4751578
4751775
4752106
4752116
4752132
4752136
4752212
4752405
4752410
4752455
4753396
4753669
4753771
4753900
4754075
4754213
4754560
4755168
4755333
4755382
4755735
4755769
4755992
4756068
4756204
4756366
4756658
4756748
4756793
4756959
4757368
4757439
4757680
4757690
4757911
4757986
4758014
4758046
4758259
4758534
4758726
4758848
4758869
4759480
4759534
4759555
4759715
4759726
4759737
4759919
4760008
4760017
4760167
4760832
4760984
4761249
4762058
4762185
4762374
4762377
4762407
4762789
4763025
4763096
4763289
4763857
4764038
4764086
4764210
4764861
4765030
4765571
4765621
4765713
4765761
4765784
4765918
4765939
4765967
4766038
4766057
4766079
4766406
4767309
4767454
4767477
4767507
4767911
4768051
4768760
4768798
4768873
4769190
4769859
4769860
4770818
4771022
4771121
4771759
4771932
4772131
4772146
4772382
4772678
4772779
4772830
4774236
4774312
4774882
4775055
4775072
4775098
4775198
4775227
4775247
4775518
4775938
4776135
4776138
4776174
4776186
4776253
4776335
4776975
4776996
4777075
4777089
4777115
4777154
4777347
4777765
4777921
4778006
4778078
4778103
4778528
4778551
4778994
4779408
4779489
4779642
4779650
4779806
4780056
4780256
4780337
4780506
4781380
4781514
4781538
4781985
4782458
4782512
4782603
4782655
4782827
4783102
4783483
4783486
4783528
4783651
4783686
4783707
4783841
4783850
4784139
4784644
4784991
4785087
4785396
4785676
4785788
4785817
4785868
4785874
4785939
4785953
4785967
4785970
4785971
4785996
4786035
4786235
4786311
4786910
4787251
4787484
4787491
4787831
4788241
4788766
4789293
4789357
4789540
4790335
4790720
4790739
4790938
4790940
4791108
4791237
4791247
4791266
4791270
4791612
4791646
4791811
4791914
4792013
4792330
4792591
4792696
4792776
4792873
4793132
4793430
4793542
4794140
4794272
4794277
4794518
4794772
4794813
4794928
4794977
4795401
4795437
4795525
4795631
4795644
4795770
4795863
4795995
4796263
4796380
4796392
4796534
4797195
4797315
4797880
4798204
4798296
4798351
4798476
4798554
4798763
4799342
4799371
4799373
4799792
4800412
4800498
4800509
4801133
4801528
4801542
4801676
4801906
4801969
4802524
4802994
4803222
4804010
4804323
4804329
4804351
4804368
4804439
4804559
4804598
4804608
4804625
4804703
4804708
4804746
4804826
4805147
4805166
4805183
4805332
4805388
4805694
4805702
4806706
4807664
4808322
4808567
4809611
4809625
4810293
4810305
4810627
4810734
4810790
4811330
4811866
4811885
4811935
4812048
4812073
4812108
4812346
4812494
4812495
4812552
4812587
4812594
4812644
4812683
4812710
4812825
4812862
4813049
4813090
4813225
4813307
4813366
4814072
4814562
4814859
4814987
4815013
4815798
4815932
4816185
4816277
4816426
4816804
4817425
4817518
4818179
4818221
4818365
4818386
4818400
4818634
4818663
4819186
4819254
4819343
4819392
4819470
4819854
4819983
4820048
4820110
4820552
4821293
4821295
4821304
4821424
4821469
4821559
4821575
4821625
4821648
4821685
4821947
4822133
4822310
4822449
4822475
4822585
4822601
4822829
4822997
4823107
4823157
4823527
4823548
4823625
4824142
4824272
4824821
4824901
4825410
4825473
4825561
4825565
4825881
4825900
4825985
4827099
4827320
4827435
4827551
4828122
4828211
4828546
4828602
4828807
4828851
4829389
4829629
4829743
4830402
4830736
4830852
4830879
4831033
4831094
4831138
4831263
4831282
4831300
4831332
4831360
4831441
4831452
4831554
4831611
4831626
4831701
4832026
4832173
4832250
4833007
4833435
4833478
4833599
4833713
4833843
4833915
4834043
4834271
4834401
4834849
4834914
4835258
4835471
4835506
4835593
4835624
4836103
4836266
4836384
4836392
4836620
4836631
4836843
4836958
4837330
4837351
4837573
4837605
4837662
4837780
4837934
4837997
4838043
4838217
4838803
4838832
4839106
4839234
4839341
4839347
4839413
4839535
4839684
4839765
4839767
4839808
4839816
4839832
4840014
4840034
4840263
4840518
4840990
4841099
4841106
4841183
4841799
4842095
4842299
4842459
4842986
4843038
4843326
4843792
4843799
4843982
4844086
4844310
4844632
4844640
4844856
4845231
4845524
4846259
4846397
4846718
4846752
4847084
4847661
4847690
4847697
4847824
4847829
4848156
4848177
4848261
4848266
4848297
4848303
4848656
4848660
4848666
4848734
4848779
4848960
4849065
4849261
4849366
4849395
4849952
4850546
4850784
4850931
4850975
4851028
4851348
4851541
4851629
4851684
4851691
4852302
4852373
4852514
4852561
4852725
4852787
4852789
4852802
4852928
4853066
4853166
4853304
4853620
4853745
4854003
4854026
4854311
4854317
4854530
4855477
4855821
4855826
4856545
4856740
4856972
4857276
4857398
4857528
4857576
4857578
4857616
4857895
4857961
4857972
4858028
4858038
4858386
4858590
4858624
4858698
4858778
4858994
4859405
4859447
4859614
4859964
4860116
4860551
4861046
4861750
4862104
4862230
4862345
4862539
4862552
4862590
4862871
4863000
4863202
4863240
4863603
4863637
4863996
4864080
4864103
4864109
4864352
4864581
4865089
4865354
4865556
4865831
4865837
4865876
4865933
4866167
4866447
4866462
4866698
4866801
4866904
4866916
4866922
4867292
4867450
4867588
4867598
4867604
4867667
4867862
4868278
4868281
4868701
4868783
4868994
4869007
4869083
4869108
4869109
4869298
4869343
4869409
4869490
4869715
4869857
4869901
4870082
4870116
4870537
4870736
4870750
4871645
4871674
4871682
4871754
4871845
4871983
4872132
4872640
4872768
4872852
4872924
4873061
4873141
4873607
4873953
4874107
4874117
4874151
4874240
4874272
4874327
4874473
4874721
4875166
4875493
4875500
4875601
4875627
4875890
4875981
4876127
4876592
4876672
4876919
4877246
4877373
4877564
4877619
4878016
4878825
4878851
4878886
4879841
4880186
4880284
4880632
4881107
4881165
4881687
4881915
4881948
4881957
4882043
4882662
4882768
4883158
4883672
4883679
4883745
4883749
4883783
4884246
4884415
4884532
4884682
4884699
4884844
4884873
4884881
4884959
4885715
4885817
4885850
4885989
4886006
4886220
4886262
4886266
4886466
4886573
4886865
4886960
4887064
4887202
4887692
4887817
4887891
4888056
4888540
4888777
4888859
4888991
4889139
4889618
4889901
4889905
4890269
4890644
4890645
4890733
4890910
4891482
4891969
4892115
4892194
4892314
4892572
4893427
4893452
4893547
4893724
4893780
4893988
4894001
4894179
4894323
4894620
4894727
4895024
4895027
4895178
4895256
4895339
4895520
4895761
4895970
4896042
4896053
4896215
4896246
4896323
4896689
4896865
4896923
4896999
4897589
4898008
4898862
4898892
4899268
4899300
4899571
4899724
4899986
4900323
4900540
4901380
4901752
4901955
4901964
4902117
4902241
4902600
4902679
4902683
4903748
4903806
4904405
4904656
4905023
4905088
4905128
4905180
4905552
4905596
4906060
4906076
4906114
4906145
4906635
4906648
4906971
4906979
4907477
4907697
4907699
4907901
4907902
4908309
4908443
4908668
4909028
4909047
4909829
4910198
4910214
4910373
4910435
4911444
4911524
4911584
4911819
4911832
4912063
4912204
4912412
4913339
4913510
4913541
4913633
4913723
4913798
4913822
4913880
4913890
4913905
4914129
4914218
4914273
4914436
4914712
4914877
4914939
4915115
4915234
4915256
4915743
4915782
4915895
4916081
4916218
4916399
4916558
4916761
4916932
4916963
4917065
4917159
4917232
4917432
4917644
4917767
4917798
4917852
4918142
4918343
4918371
4918386
4918643
4918832
4918964
4918975
4919113
4919143
4919452
4919521
4919541
4919586
4919802
4920005
4920716
4920809
4920969
4921100
4922067
4922452
4922470
4922629
4922909
4923094
4923426
4923429
4923522
4923660
4924122
4924181
4924235
4924301
4924452
4924785
4924888
4925157
4925296
4925357
4925423
4925605
4926324
4926494
4926526
4926547
4926580
4926695
4926960
4927338
4927502
4927515
4927922
4927976
4928191
4928251
4928267
4928555
4928639
4928676
4928989
4929039
4929640
4929797
4930580
4931159
4931403
4931457
4931503
4931725
4932143
4932197
4932966
4933342
4933777
4933823
4933876
4934419
4934429
4934733
4934766
4934872
4934911
4935071
4935140
4935164
4935444
4935467
4935479
4935785
4935985
4936004
4936183
4936536
4936648
4936677
4936887
4936954
4937446
4937984
4938265
4938474
4938721
4938804
4939853
4939878
4940229
4940552
4940586
4940647
4940758
4940998
4941068
4941220
4941335
4941574
4941638
4941659
4941706
4941950
4942001
4942111
4942323
4942648
4942694
4942833
4942873
4942897
4942907
4942931
4943245
4943353
4943497
4943528
4943538
4943649
4943858
4943975
4944272
4944509
4945018
4945119
4945342
4945411
4945719
4945934
4945946
4946012
4946140
4946594
4946600
4946678
4947108
4947289
4948192
4948272
4948448
4948529
4948538
4948780
4948851
4948945
4949241
4949466
4949868
4950190
4951099
4951285
4951662
4951687
4951825
4951949
4951955
4952560
4952633
4952893
4953303
4953323
4953564
4953583
4953668
4953761
4954217
4954257
4954370
4954574
4955102
4955287
4955607
4955810
4956381
4956477
4956481
4956711
4956926
4956999
4957833
4957874
4957881
4958310
4958344
4958346
4958431
4958444
4958757
4958803
4958931
4959005
4959038
4959440
4959504
4959798
4960366
4960569
4960617
4960923
4961203
4961211
4961642
4961922
4961960
4962008
4962170
4962246
4962893
4963318
4964159
4964285
4964317
4964694
4964991
4965106
4965108
4965335
4965538
4965592
4965750
4966537
4966763
4966899
4967725
4967792
4967898
4967997
4968160
4968227
4969011
4969096
4969165
4969278
4969377
4969459
4969718
4969999
4970391
4971106
4971125
4971215
4971262
4971353
4971460
4971479
4971485
4971494
4971630
4972083
4972505
4972619
4972903
4972961
4973010
4973230
4973319
4973391
4973567
4973605
4973902
4973925
4974220
4974548
4974594
4974809
4974853
4974858
4975176
4975303
4975305
4975365
4975570
4975664
4975943
4976023
4976024
4976044
4976305
4976503
4976648
4976843
4977050
4977166
4977544
4977658
4977743
4977880
4978042
4978077
4978413
4978739
4978918
4979136
4979260
4980060
4980322
4980366
4980434
4980484
4980700
4981092
4981492
4981512
4981646
4981654
4981799
4981997
4982101
4982263
4982334
4982515
4982553
4982631
4982816
4982871
4983015
4983025
4983078
4983158
4983568
4983745
4983826
4983830
4983836
4984020
4984224
4984368
4984417
4985024
4985480
4985500
4985551
4985696
4985750
4986214
4986261
4986389
4986421
4986476
4987162
4987405
4987564
4987583
4988547
4988612
4988987
4989226
4989459
4989569
4989649
4990362
4990491
4990671
4990862
4990976
4990985
4991171
4991173
4991239
4991240
4991747
4991872
4991919
4991986
4992092
4992644
4993168
4993231
4993242
4994042
4994065
4994077
4994138
4994175
4994298
4994302
4994311
4994506
4994562
4994876
4996062
4996564
4996689
4996703
4996742
4996977
4997485
4997826
4997899
4998096
4998147
4998230
4998911
4998937
4998971
4999000
4999090
4999400
4999683
5000127
5000193
5000335
5000768
5000830
5000892
5001279
5001408
5001465
5001547
5001575
5001672
5001855
5002031
5003007
5003266
5003432
5003478
5003919
5003934
5004039
5004148
5004336
5004437
5005352
5005640
5005656
5005763
5005817
5005923
5005934
5005959
5005977
5006358
5006853
5006929
5007024
5007408
5007431
5007601
5007627
5007747
5007760
5007831
5008291
5008427
5008502
5009020
5009040
5009072
5009100
5009314
5009482
5009902
5009980
5010224
5010262
5010290
5010324
5010526
5010531
5010755
5010797
5011000
5011011
5011158
5011428
5011623
5011797
5011828
5012100
5012239
5012558
5012648
5012669
5012694
5012860
5013090
5013474
5013550
5013582
5013795
5014310
5014466
5014549
5014622
5014703
5014740
5015415
5015490
5015617
5015963
5016064
5016216
5016306
5016427
5016560
5016688
5016937
5017077
5017134
5017316
5017781
5017792
5017924
5018931
5018966
5019628
5020001
5020005
5020168
5020683
5020746
5020760
5020788
5020989
5021049
5021127
5021688
5021723
5021802
5022222
5022537
5022602
5022610
5022695
5022697
5022769
5022851
5023318
5023450
5023536
5024075
5024443
5024722
5024904
5025044
5025721
5025741
5025932
5025997
5026055
5026568
5026569
5026867
5027555
5027581
5027857
5027875
5028275
5028316
5028525
5028594
5028925
5029337
5029988
5030207
5030323
5030360
5030371
5030517
5030601
5030792
5030887
5030971
5031049
5031132
5031465
5031518
5031613
5031756
5031842
5031936
5032046
5032484
5032529
5032717
5033541
5033610
5033661
5033751
5034347
5034463
5034611
5034784
5034823
5034826
5035124
5035518
5035665
5035750
5035770
5035946
5035978
5035988
5036011
5036212
5036423
5036538
5036596
5036667
5036691
5036777
5036788
5036799
5037066
5037246
5037582
5037639
5037770
5037807
5038070
5038117
5038254
5038990
5039069
5039130
5039378
5039704
5039816
5039824
5039858
5039967
5040099
5040181
5040984
5042651
5042966
5043503
5043568
5043665
5044072
5044314
5044511
5044515
5044628
5044763
5044926
5045056
5045085
5045142
5045293
5045322
5045347
5045537
5045626
5045906
5045937
5045992
5046006
5046095
5046133
5046344
5046388
5046802
5046922
5046952
5047032
5047173
5047331
5047475
5047533
5047602
5047661
5047667
5047712
5047838
5047848
5047858
5048552
5048662
5048715
5048722
5048847
5048872
5049119
5049222
5049267
5049440
5049467
5049494
5049571
5049944
5050415
5050497
5050498
5050685
5050794
5050886
5050970
5051034
5051641
5051672
5051694
5051746
5052607
5053091
5053229
5053338
5053365
5053677
5053702
5053790
5053871
5053934
5053940
5053970
5054132
5054241
5054352
5054465
5054467
5054567
5054932
5054970
5055273
5055684
5056108
5056216
5056367
5056417
5056693
5056761
5056877
5057460
5057470
5058092
5058212
5058228
5058438
5058573
5058616
5058843
5058887
5059140
5059289
5059304
5059424
5059519
5059553
5059673
5059688
5059698
5059753
5060003
5060048
5060058
5060096
5060181
5060207
5060246
5060357
5060532
5060538
5060985
5061285
5061489
5061626
5062001
5062116
5062269
5062292
5062396
5062973
5063067
5063110
5063184
5063731
5063769
5064142
5064220
5064282
5064355
5064446
5064561
5064678
5064824
5064858
5065122
5065556
5065721
5065904
5066071
5066211
5066302
5066655
5066712
5066837
5066941
5067115
5067204
5067385
5067519
5067586
5067587
5067635
5067679
5067765
5067870
5067877
5067943
5067994
5068158
5068198
5068228
5068233
5068265
5068427
5068509
5068701
5068789
5069431
5069456
5069486
5069775
5069787
5069956
5070035
5070248
5070475
5070486
5070534
5070614
5070760
5070877
5071094
5071143
5071408
5071474
5071593
5071614
5071723
5071738
5071848
5071897
5072061
5072293
5072370
5072415
5072504
5072666
5072868
5072973
5073229
5073334
5073469
5073505
5073816
5073826
5074010
5074078
5074239
5074810
5074934
5074936
5074987
5075457
5075607
5075888
5076241
5076419
5076467
5076530
5076607
5076891
5077047
5077146
5077380
5077407
5077410
5077493
5077718
5077719
5077746
5077812
5077950
5078509
5078536
5078604
5079445
5079535
5079609
5079610
5079716
5079743
5079781
5079804
5080726
5080732
5080761
5080973
5081032
5081056
5081245
5081453
5081605
5081854
5081936
5082026
5082243
5082562
5082662
5082956
5083496
5083730
5083816
5083826
5083900
5084564
5084570
5084727
5084982
5085027
5085192
5085469
5085730
5085783
5085983
5086439
5086555
5086696
5086821
5086997
5087006
5087350
5087370
5087437
5087687
5087884
5087932
5088082
5088138
5088209
5088280
5088407
5088466
5088587
5088628
5088638
5088712
5088757
5088872
5089492
5089500
5089503
5089677
5090209
5090388
5090529
5090559
5090658
5090674
5090815
5090874
5091020
5091320
5091325
5091344
5091604
5091747
5092249
5092400
5092401
5092436
5092450
5092641
5092738
5092788
5092911
5092945
5093114
5093348
5093415
5093523
5093709
5094012
5094111
5094153
5094288
5094371
5094400
5094520
5094852
5094880
5095104
5095111
5095125
5095132
5095336
5095407
5095432
5095962
5096155
5096300
5096919
5097164
5097384
5097596
5097730
5098005
5098201
5098526
5098560
5098695
5098776
5098884
5098940
5099099
5099209
5099243
5099673
5099811
5099812
5099894
5099920
5100152
5100179
5100225
5100290
5100297
5100445
5100485
5100665
5100674
5100832
5101216
5101249
5101384
5101505
5101564
5101608
5101675
5101801
5101862
5101907
5101941
5102049
5102117
5102337
5102471
5102479
5102499
5103013
5103238
5103647
5103749
5103890
5104062
5104229
5104429
5104740
5104924
5104982
5104983
5105106
5105170
5105506
5105600
5105794
5105860
5105868
5106027
5106031
5106151
5106276
5106612
5107447
5107467
5107685
5108076
5108608
5108664
5108760
5108959
5109050
5110158
5110195
5110717
5110820
5110938
5110977
5111131
5111147
5111310
5111352
5111440
5111622
5111705
5111738
5111902
5111922
5111967
5112153
5112178
5112301
5112406
5112413
5112513
5112523
5112574
5112600
5112658
5112775
5112807
5112931
5112936
5112945
5113334
5113489
5113584
5113873
5114061
5114326
5114671
5114708
5114804
5115102
5115139
5115159
5115215
5115220
5115234
5115296
5115559
5116087
5116100
5116277
5116305
5116321
5116386
5116424
5116518
5116800
5116961
5117013
5117036
5117200
5117276
5117356
5117359
5117380
5117401
5117481
5117884
5117924
5117996
5118064
5118114
5118293
5118357
5118433
5118645
5118684
5118935
5119273
5119333
5119472
5119488
5119497
5119587
5119879
5119992
5120001
5120083
5120132
5120566
5120896
5121110
5121185
5121612
5121683
5121692
5122355
5122501
5122558
5123451
5123676
5123812
5123828
5123942
5124007
5124150
5124197
5124219
5124323
5124744
5124783
5124803
5124804
5124824
5124834
5124997
5124999
5125102
5125590
5125616
5125667
5125833
5125863
5126022
5126272
5126297
5126514
5126526
5126540
5126674
5126773
5127004
5127115
5127257
5127725
5127805
5127943
5128011
5128025
5128051
5128144
5128159
5128255
5128491
5128569
5128647
5128793
5128873
5128974
5129029
5129343
5129347
5129397
5129697
5130175
5130457
5130717
5130825
5131053
5131156
5131269
5131419
5131506
5131570
5131610
5131770
5131774
5131867
5132039
5132065
5132144
5132329
5132555
5132735
5132934
5132936
5133105
5133158
5133187
5133191
5133342
5133839
5134164
5134474
5134505
5134784
5134841
5134902
5134950
5134974
5134995
5135060
5135124
5135158
5135194
5135264
5135282
5135283
5135349
5135365
5135368
5135467
5135642
5135655
5135713
5135798
5135825
5135834
5135879
5135880
5135925
5135926
5136070
5136239
5136324
5136325
5136514
5136615
5136717
5136742
5136758
5136770
5136888
5136969
5137012
5137146
5137208
5137411
5137478
5137534
5137728
5137733
5137946
5137953
5138006
5138397
5138460
5138465
5138467
5138486
5138695
5138868
5139151
5139301
5139312
5139540
5139563
5140105
5140789
5141130
5141359
5141360
5141459
5141486
5141511
5141535
5141537
5141883
5142070
5143314
5143550
5143588
5143625
5143675
5143695
5143704
5143707
5143723
5143735
5143741
5143742
5143755
5143757
5143769
5144411
5144433
5145020
5145052
5145109
5145125
5145441
5145802
5146120
5146129
5146130
5146141
5146144
5146187
5146241
5146247
5146310
5146313
5146341
5146343
5146585
5146586
5146906
5147055
5147066
5147069
5147081
5147209
5147267
5147333
5147354
5147355
5147399
5147419
5147493
5147519
5147571
5147770
5147805
5147968
5148009
5148188
5148312
5148332
5148550
5148599
5149007
5149064
5149077
5149167
5149313
5149534
5149575
5149739
5149740
5149781
5149808
5149820
5150765
5151109
5151155
5151320
5151492
5151947
5151961
5152174
5152231
5152264
5152406
5152495
5152511
5152627
5152658
5152688
5152759
5152767
5152769
5152779
5152803
5152811
5152813
5152835
5152839
5152846
5152966
5153281
5153525
5153612
5153742
5153884
5153926
5153930
5154217
5154271
5154422
5154477
5154509
5154585
5154654
5154811
5155092
5155326
5155333
5155363
5155427
5155460
5155502
5155550
5155662
5155911
5155947
5155957
5156004
5156116
5156120
5156124
5156128
5156140
5156155
5156162
5156166
5156180
5156198
5156202
5156204
5156313
5156315
5156316
5156317
5156318
5156323
5156329
5156332
5156333
5156336
5156338
5156354
5156361
5156435
5156451
5156471
5156473
5156567
5156737
5156777
5156781
5156796
5156818
5156820
5156832
5156887
5157090
5157124
5157184
5157198
5157245
5157269
5157270
5157271
5157280
5157284
5157314
5157318
5157465
5157509
5157578
5157720
5157833
5158181
5158255
5158261
5158309
5158337
5158448
5158600
5158761
5158771
5159259
5159403
5159419
5159496
5159668
5159736
5159745
5159766
5159856
5160145
5160272
5160476
5160889
5161007
5161053
5161095
5161342
5161421
5161504
5161536
5161539
5162308
5162377
5162681
5162774
5162939
5163132
5163152
5163218
5163246
5163640
5163728
5163857
5163917
5163954
5164345
5164359
5164367
5164457
5164655
5164660
5164718
5164780
5164800
5164858
5165097
5165241
5165499
5165550
5165637
5165671
5165673
5166304
5166514
5167035
5167347
5167511
5167532
5167652
5167664
5167680
5167682
5167697
5167700
5167737
5167757
5167758
5167762
5167763
5167768
5167778
5167818
5167828
5167829
5167837
5167844
5167858
5167865
5167880
5167882
5167893
5167992
5167997
5168109
5168115
5168126
5168150
5168156
5168160
5168161
5168164
5168166
5168176
5168180
5168182
5168187
5168189
5168190
5168226
5168227
5168241
5168252
5168253
5168270
5168271
5168272
5168320
5168335
5168336
5168358
5168400
5168409
5168433
5168493
5168504
5168505
5168506
5168648
5168686
5168765
5168773
5168828
5168912
5168924
5169098
5169109
5169142
5169144
5169147
5169149
5169156
5169169
5169173
5169222
5169230
5169249
5169252
5169325
5169354
5169355
5169359
5169367
5169387
5169388
5169402
5169460
5169485
5169493
5169602
5169614
5169632
5169636
5169637
5169707
5170108
5170174
5170252
5170262
5170412
5170433
5170495
5170783
5171030
5171166
5171426
5171498
5171564
5171796
5172055
5172062
5172284
5172290
5172331
5172536
5172622
5172892
5172907
5172942
5172952
5172983
5173215
5173297
5174039
5174127
5174260
5174358
5174587
5174597
5174601
5174609
5174714
5174924
5174965
5175108
5175119
5175426
5175551
5175629
5175723
5175730
5175742
5175744
5175749
5175751
5175760
5175784
5175810
5175820
5175852
5175857
5176057
5176079
5176220
5176390
5176458
5176598
5176604
5176606
5176607
5176610
5176626
5176863
5176972
5177021
5177057
5177162
5177261
5177266
5177272
5177278
5177286
5177292
5177297
5177308
5177310
5177337
5177360
5177409
5177420
5177444
5177473
5177500
5177552
5177555
5177560
5177564
5177567
5177570
5177584
5177589
5177600
5177602
5177621
5177624
5177625
5177632
5177634
5177654
5177673
5177674
5177697
5177728
5177759
5177762
5177786
5177897
5177925
5177969
5177985
5178007
5178071
5178072
5178074
5178082
5178098
5178116
5178141
5178678
5178732
5178736
5178738
5178750
5178787
5178789
5178816
5178818
5178925
5178966
5179037
5179045
5179052
5179068
5179073
5179076
5179079
5179084
5179091
5179111
5179135
5179174
5179178
5179198
5179226
5179234
5179265
5179281
5179285
5179335
5179341
5179439
5179513
5179515
5179520
5179606
5179668
5179687
5179696
5179716
5179823
5179944
5179981
5180122
5180135
5180316
5180582
5180854
5181075
5181222
5181475
5181553
5181781
5181789
5181836
5181892
5182002
5182672
5182814
5182837
5182931
5183150
5183178
5183291
5183305
5183422
5183565
5183618
5183846
5183987
5184250
5184503
5184757
5184878
5185078
5185158
5185386
5185557
5186075
5186217
5186255
5186516
5186609
5186635
5186797
5186801
5186961
5187160
5187187
5187258
5187278
5187285
5187311
5187318
5187369
5187395
5187400
5187404
5187409
5187417
5187424
5187447
5187448
5187449
5187453
5187454
5187457
5187480
5187500
5187576
5187633
5187680
5187682
5187683
5187697
5187749
5187824
5187830
5187833
5187838
5187840
5187855
5187858
5187860
5187863
5187867
5187869
5187911
5187955
5188079
5188085
5188086
5188096
5188098
5188099
5188100
5188102
5188108
5188114
5188115
5188169
5188189
5188192
5188313
5188321
5188524
5188664
5188692
5188696
5189016
5189069
5189070
5189090
5189093
5189410
5189412
5189509
5189645
5189665
5189671
5189673
5189737
5189741
5189763
5189764
5189768
5189775
5189791
5189798
5189807
5189825
5189850
5189857
5189864
5189873
5189878
5189882
5189888
5189889
5189914
5189915
5189921
5189922
5189928
5189929
5189933
5189938
5189943
5189949
5189952
5189967
5189975
5189991
5190007
5190008
5190211
5190313
5190321
5190396
5190398
5190401
5190402
5190482
5190533
5190572
5190590
5190594
5190621
5190658
5190671
5190678
5190732
5190744
5190750
5190752
5190753
5190770
5190774
5190781
5190887
5190965
5190966
5191082
5191128
5191245
5191289
5191734
5191829
5191833
5191874
5191946
5191954
5191968
5191976
5192123
5192196
5192208
5192421
5192429
5192644
5193257
5193262
5193314
5193389
5193574
5193615
5193828
5193841
5193893
5194055
5194080
5194427
5194471
5194665
5194704
5195614
5195730
5195827
5195880
5196016
5196066
5196068
5196078
5196295
5196582
5196861
5197076
5197120
5197154
5197213
5197302
5197352
5197663
5197764
5197804
5198040
5198084
5198093
5198152
5198155
5198198
5198241
5198247
5198269
5198298
5198299
5198350
5198352
5198372
5198388
5198397
5198404
5198465
5198616
5198641
5198753
5198756
5198764
5198768
5198792
5198821
5198825
5198835
5198871
5198890
5198962
5198985
5199000
5199003
5199008
5199012
5199016
5199042
5199063
5199064
5199071
5199074
5199077
5199091
5199111
5199113
5199115
5199121
5199147
5199148
5199190
5199258
5199328
5199361
5199364
5199376
5199387
5199398
5199668
5199725
5199761
5199763
5199765
5199818
5199832
5199842
5199858
5199865
5199866
5199867
5199868
5199871
5199872
5199886
5199933
5199962
5199983
5199984
5199991
5200011
5200031
5200107
5200183
5200301
5200312
5200330
5200362
5200372
5200464
5200466
5200468
5200470
5200473
5200532
5200620
5200663
5200725
5200731
5200821
5200978
5200995
5201142
5201150
5201195
5201196
5201201
5201209
5201215
5201217
5201229
5201233
5201234
5201237
5201243
5201395
5201428
5201536
5201574
5201576
5201696
5201727
5201910
5201967
5202061
5202068
5202074
5202086
5202095
5202134
5202135
5202177
5202183
5202199
5202203
5202227
5202229
5202230
5202258
5202302
5202401
5202407
5202782
5202862
5203038
5203048
5203064
5203092
5203291
5203304
5203731
5204037
5204384
5204391
5204533
5204622
5204749
5204782
5204888
5204941
5204947
5205030
5205066
5205183
5205642
5205650
5205657
5205719
5205889
5205913
5205932
5205947
5205951
5206012
5206098
5206180
5206211
5206225
5206273
5206435
5206550
5206595
5206772
5206811
5206842
5206862
5206863
5206872
5207184
5207209
5207221
5207372
5207438
5207439
5207494
5207497
5207526
5207528
5207531
5207533
5207534
5207541
5207546
5207552
5207558
5207570
5207575
5207577
5207635
5207644
5207662
5207671
5207679
5207681
5207683
5207736
5207745
5207760
5207891
5207938
5207962
5208021
5208112
5208126
5208180
5208257
5208273
5208512
5208532
5208647
5208663
5208965
5209005
5209021
5209054
5209081
5209138
5209193
5209247
5209269
5209281
5209354
5209691
5209722
5209766
5210054
5210074
5210196
5210214
5210216
5210289
5210374
5210396
5210421
5210431
5210436
5210437
5210469
5210481
5210487
5210500
5210508
5210544
5210547
5210556
5210619
5210636
5210639
5210659
5210683
5210703
5210748
5210773
5210780
5210781
5210784
5210787
5210829
5210830
5210831
5210834
5210835
5210841
5210853
5210892
5210905
5210913
5210929
5210933
5210961
5210989
5211006
5211007
5211009
5211043
5211076
5211086
5211092
5211118
5211122
5211129
5211140
5211143
5211145
5211146
5211154
5211160
5211177
5211184
5211185
5211206
5211252
5211272
5211277
5211310
5211342
5211394
5211396
5211401
5211406
5211408
5211409
5211411
5211423
5211436
5211451
5211499
5211525
5211694
5211760
5211770
5211773
5211788
5211828
5211848
5211859
5211861
5211862
5211869
5211870
5211874
5211878
5211884
5211887
5211888
5211898
5211924
5211927
5211942
5211949
5211963
5211965
5211968
5211969
5211979
5212006
5212039
5212052
5212055
5212064
5212091
5212099
5212100
5212117
5212163
5212176
5212192
5212194
5212199
5212208
5212211
5212217
5212223
5212229
5212234
5212235
5212237
5212273
5212314
5212328
5212331
5212333
5212339
5212340
5212342
5212343
5212344
5212346
5212350
5212351
5212352
5212356
5212357
5212367
5212368
5212386
5212391
5212393
5212397
5212415
5212422
5212579
5212628
5212658
5212695
5212707
5212777
5212885
5212963
5212964
5212978
5212989
5213036
5213149
5213160
5213238
5213239
5213256
5213267
5213367
5213400
5213627
5213656
5213660
5213661
5213681
5213749
5213752
5213753
5213846
5213907
5213936
5214009
5214061
5214103
5214107
5214110
5214131
5214139
5214141
5214177
5214179
5214206
5214232
5214242
5214265
5214267
5214283
5214680
5214734
5214737
5214742
5214748
5214778
5214894
5214917
5214923
5215191
5215261
5215299
5215306
5215395
5215398
5215399
5215403
5215435
5215533
5215696
5215822
5216170
5216279
5216542
5216548
5216647
5216771
5216773
5216931
5216945
5217054
5217376
5217656
5217657
5217761
5217857
5218270
5218418
5218682
5218707
5218772
5218816
5218905
5219257
5219292
5219308
5219309
5219555
5219809
5219924
5220176
5220190
5220343
5220413
5221320
5221341
5221712
5221720
5221732
5221772
5221878
5221883
5222017
5222144
5222147
5222312
5222324
5222346
5222429
5222437
5222438
5222443
5222446
5222473
5222482
5222491
5222494
5222497
5222503
5222505
5222509
5222510
5222517
5222544
5222546
5222552
5222553
5222565
5222584
5222585
5222608
5222610
5222612
5222615
5222619
5222623
5222672
5222739
5222740
5222784
5222785
5222835
5222950
5222986
5223007
5223017
5223035
5223048
5223084
5223170
5223201
5223277
5223318
5223322
5223347
5223369
5223387
5223415
5223421
5223442
5223447
5223535
5223576
5223699
5223770
5223774
5223804
5223811
5223816
5223858
5223871
5223876
5223883
5223893
5223900
5223903
5223905
5223907
5223914
5223939
5223947
5223954
5223957
5223959
5223980
5223994
5224004
5224061
5224069
5224072
5224076
5224078
5224098
5224113
5224128
5224143
5224148
5224149
5224158
5224161
5224163
5224169
5224202
5224206
5224216
5224219
5224223
5224250
5224263
5224266
5224296
5224322
5224325
5224343
5224379
5224380
5224391
5224434
5224443
5224494
5224517
5224519
5224550
5224616
5224696
5224735
5224788
5224798
5224800
5224985
5225010
5225123
5225174
5225249
5225364
5225384
5225464
5225526
5225659
5225727
5225794
5225958
5225994
5226124
5226131
5226132
5226436
5226620
5226737
5227081
5227084
5227150
5227592
5227648
5227728
5227740
5227869
5228190
5228214
5228654
5228817
5229043
5229299
5229337
5229484
5229508
5229678
5229680
5229689
5229800
5229864
5229933
5229944
5229949
5229987
5230112
5230213
5230361
5230376
5230385
5230492
5230532
5230706
5230800
5230870
5231045
5231054
5231063
5231322
5231365
5231699
5231751
5231942
5232429
5232626
5232715
5232748
5232749
5232750
5232752
5232764
5232775
5232804
5232836
5232838
5232850
5232851
5232868
5232873
5232885
5232914
5232923
5232953
5233047
5233048
5233106
5233158
5233205
5233218
5233226
5233257
5233285
5233348
5233353
5233354
5233360
5233363
5233371
5233374
5233412
5233418
5233500
5233560
5233774
5233775
5233918
5233971
5233988
5234131
5234151
5234169
5234176
5234255
5234256
5234260
5234309
5234314
5234319
5234324
5234331
5234333
5234334
5234336
5234338
5234339
5234340
5234345
5234364
5234371
5234373
5234378
5234381
5234392
5234393
5234400
5234405
5234406
5234407
5234408
5234439
5234440
5234444
5234450
5234451
5234454
5234455
5234456
5234462
5234467
5234470
5234475
5234476
5234478
5234486
5234490
5234498
5234502
5234565
5234605
5234611
5234617
5234622
5234630
5234631
5234641
5234642
5234647
5234651
5234653
5234661
5234665
5234667
5234668
5234670
5234672
5234673
5234677
5234682
5234698
5234705
5234728
5234745
5234758
5234761
5234766
5234769
5234777
5234779
5234802
5234807
5234831
5234873
5234874
5234914
5234916
5234942
5234943
5234952
5234956
5234962
5234965
5234980
5235039
5235045
5235118
5235124
5235133
5235225
5235231
5235291
5235306
5235323
5235348
5235358
5235405
5235443
5235485
5235755
5235860
5236016
5236026
5236223
5236256
5236301
5236312
5236381
5236431
5236542
5236604
5236623
5236637
5236644
5236700
5236955
5236956
5237078
5237132
5237294
5237361
5237369
5237371
5237378
5237426
5237880
5237958
5238057
5238182
5238302
5238434
5238446
5238451
5238471
5238500
5238509
5238514
5238537
5238546
5238552
5238578
5238632
5238638
5238648
5238656
5238778
5238794
5238830
5238883
5238969
5239041
5239081
5239224
5239357
5239370
5239522
5239590
5239639
5239677
5239693
5239704
5239813
5239823
5240090
5240342
5240374
5240469
5240507
5240740
5240807
5240824
5240932
5240938
5240970
5240991
5241164
5241176
5241327
5241875
5242136
5242224
5242232
5242529
5242580
5242693
5242695
5242743
5242763
5242825
5242837
5242890
5243011
5243062
5243065
5243066
5243073
5243089
5243137
5243139
5243603
5243624
5243973
5244614
5244679
5244680
5244684
5244695
5244712
5244719
5244723
5244740
5244748
5244782
5244796
5244815
5244932
5244968
5244975
5244976
5245007
5245067
5245129
5245140
5245161
5245212
5245290
5245316
5245319
5245320
5245328
5245330
5245335
5245337
5245348
5245351
5245371
5245378
5245439
5245464
5245500
5245520
5245557
5245798
5245907
5245914
5245943
5245951
5245959
5245965
5245966
5245967
5245968
5245970
5245971
5245972
5246186
5246194
5246195
5246196
5246201
5246209
5246313
5246315
5246322
5246323
5246324
5246325
5246332
5246339
5246344
5246352
5246358
5246375
5246389
5246406
5246410
5246419
5246422
5246426
5246429
5246436
5246448
5246456
5246462
5246468
5246482
5246484
5246487
5246488
5246494
5246500
5246501
5246504
5246530
5246531
5246534
5246535
5246539
5246542
5246544
5246552
5246556
5246558
5246561
5246566
5246578
5246579
5246581
5246582
5246584
5246585
5246592
5246593
5246596
5246600
5246605
5246612
5246617
5246624
5246640
5246641
5246646
5246647
5246649
5246650
5246653
5246655
5246661
5246672
5246679
5246680
5246694
5246699
5246723
5246726
5246729
5246730
5246731
5246732
5246734
5246740
5246745
5246747
5246749
5246751
5246752
5246755
5246784
5246806
5246866
5246867
5246889
5246920
5246956
5246964
5246997
5247203
5247217
5247240
5247255
5247256
5247263
5247353
5247368
5247546
5247856
5247866
5247887
5248223
5248355
5248387
5248423
5248464
5248660
5248712
5248875
5249017
5249043
5249450
5249943
5249970
5250464
5250468
5250950
5251083
5251141
5251570
5251678
5251884
5252112
5252606
5252982
5252985
5253149
5253163
5253172
5253506
5253605
5253867
5253910
5253973
5254208
5254324
5254476
5254583
5254638
5254950
5255140
5255222
5255306
5255330
5255724
5255734
5255891
5255906
5255940
5256096
5256138
5256255
5256276
5256308
5256340
5256358
5256397
5256406
5256411
5256417
5256419
5256586
5256622
5256626
5256639
5256641
5256642
5256644
5256654
5256736
5256742
5256745
5256749
5256816
5256845
5256883
5256890
5256892
5256902
5256973
5257002
5257360
5257363
5257371
5257404
5257428
5257436
5257502
5257652
5257663
5257665
5257790
5257796
5257798
5257804
5257813
5257815
5257821
5257825
5257832
5257839
5257842
5257845
5257846
5257852
5257855
5257857
5257859
5257863
5257867
5257869
5257876
5257879
5257884
5257893
5257897
5257909
5257912
5257925
5257936
5257947
5257950
5257968
5257969
5257984
5257988
5257998
5258005
5258006
5258019
5258034
5258043
5258070
5258178
5258193
5258207
5258211
5258217
5258228
5258242
5258268
5258286
5258288
5258289
5258291
5258371
5258385
5258501
5258510
5258581
5258677
5258752
5258802
5258804
5258910
5259064
5259345
5259352
5259398
5259408
5259490
5259525
5259933
5260070
5260072
5260119
5260125
5260126
5260166
5260189
5260275
5260304
5260416
5260703
5260740
5260745
5260746
5260901
5261112
5261147
5261179
5261443
5261604
5261678
5261846
5261875
5261947
5262052
5262054
5262224
5262443
5262631
5262931
5263083
5263113
5263139
5263199
5263398
5263569
5263623
5263682
5263758
5264202
5264349
5264450
5264712
5264767
5264813
5264967
5265095
5265352
5265373
5265466
5265498
5265715
5265850
5266195
5266492
5266560
5266628
5266633
5266679
5266713
5266719
5266726
5266738
5266766
5266773
5266788
5266791
5266794
5266795
5266798
5266806
5266807
5266834
5266852
5266853
5266861
5266863
5266865
5266881
5266897
5266929
5266930
5266939
5266940
5266942
5266943
5266944
5266945
5266948
5266949
5266951
5266989
5267012
5267016
5267033
5267097
5267109
5267118
5267120
5267121
5267126
5267128
5267145
5267147
5267191
5267227
5267239
5267246
5267282
5267288
5267290
5267295
5267303
5267331
5267351
5267369
5267392
5267409
5267417
5267455
5267468
5267522
5267579
5267640
5267670
5267771
5267847
5267942
5267946
5267952
5267960
5267965
5267970
5267975
5267983
5268018
5268032
5268049
5268057
5268217
5268232
5268240
5268309
5268339
5268340
5268354
5268381
5268384
5268387
5268388
5268391
5268392
5268393
5268416
5268418
5268419
5268428
5268437
5268446
5268448
5268453
5268480
5268481
5268487
5268528
5268557
5268598
5268603
5268611
5268617
5268648
5268762
5268796
5268847
5269029
5269076
5269173
5269296
5269313
5269423
5269442
5269449
5269559
5269570
5269574
5269701
5269716
5269802
5269871
5269878
5269886
5269929
5269932
5269941
5269951
5269967
5269971
5269981
5269985
5270006
5270029
5270129
5270134
5270143
5270149
5270153
5270286
5270287
5270300
5270697
5270827
5270830
5270873
5271404
5271505
5271526
5271562
5271578
5271581
5271586
5271617
5271630
5271672
5271690
5271736
5271791
5271851
5271932
5271985
5271998
5272042
5272327
5272329
5272411
5272626
5272787
5272901
5272912
5272914
5273107
5273324
5273491
5273493
5273637
5273990
5274405
5274418
5274428
5274462
5274823
5274928
5275121
5275479
5275588
5275618
5275636
5275675
5275990
5276441
5276546
5276584
5276606
5276619
5276838
5276848
5277000
5277089
5277343
5277739
5277884
5277926
5278003
5278085
5278128
5278251
5278259
5278316
5278433
5278478
5278479
5278492
5278493
5278494
5278496
5278497
5278502
5278505
5278507
5278520
5278525
5278526
5278552
5278604
5278606
5278690
5278692
5278698
5278756
5278915
5278920
5279014
5279112
5279140
5279165
5279169
5279177
5279180
5279184
5279213
5279214
5279218
5279223
5279240
5279259
5279274
5279293
5279308
5279309
5279328
5279360
5279361
5279363
5279372
5279375
5279379
5279382
5279389
5279397
5279404
5279405
5279406
5279408
5279409
5279411
5279415
5279444
5279450
5279453
5279465
5279481
5279485
5279489
5279521
5279523
5279527
5279542
5279550
5279578
5279580
5279607
5279611
5279635
5279637
5279643
5279655
5279683
5279697
5279727
5279829
5279845
5279848
5279865
5279941
5279980
5280015
5280152
5280153
5280166
5280200
5280253
5280390
5280417
5280534
5280538
5280721
5280750
5280774
5280850
5280880
5280887
5280898
5280911
5280990
5281129
5281178
5281371
5281471
5281703
5281922
5282418
5282562
5282977
5283178
5283598
5283842
5284124
5284284
5284328
5284525
5284539
5284821
5284957
5285251
5285393
5285589
5285779
5286073
5286205
5286216
5286259
5286497
5286624
5286741
5286813
5287089
5287223
5287308
5287342
5287455
5287469
5287669
5287765
5287813
5287862
5287865
5287878
5287892
5287896
5287897
5287898
5287904
5287905
5287906
5287909
5287915
5287927
5287940
5287994
5288072
5288306
5288308
5288310
5288368
5288387
5288391
5288394
5288493
5288576
5288602
5288671
5288692
5288868
5289012
5289054
5289090
5289092
5289109
5289112
5289139
5289163
5289203
5289205
5289226
5289236
5289248
5289259
5289261
5289289
5289290
5289291
5289300
5289304
5289311
5289316
5289327
5289328
5289329
5289341
5289367
5289387
5289405
5289410
5289421
5289423
5289442
5289445
5289540
5289635
5289678
5289681
5289743
5289808
5289819
5289843
5289866
5289873
5289902
5289909
5289912
5289926
5290020
5290054
5290192
5290207
5290222
5290230
5290238
5290279
5290285
5290412
5290421
5290435
5290460
5290470
5290574
5290586
5290599
5290772
5290795
5290885
5291036
5291119
5291255
5291301
5291388
5291424
5291467
5291545
5291590
5291593
5291595
5291598
5291603
5291612
5291614
5291624
5291625
5291627
5291904
5293319
5293600
5293826
5293915
5293964
5294175
5294395
5294428
5294506
5294568
5294707
5294711
5295039
5295094
5295122
5295123
5295127
5295682
5295710
5295789
5295840
5295874
5296091
5296432
5296635
5296664
5296748
5296780
5296809
5296878
5297116
5297159
5297283
5297510
5297632
5297717
5297774
5297927
5297948
5297975
5298019
5298044
5298064
5298080
5298112
5298123
5298177
5298187
5298197
5298225
5298305
5298308
5298315
5298317
5298322
5298327
5298329
5298336
5298337
5298351
5298360
5298381
5298404
5298425
5298430
5298440
5298443
5298445
5298510
5298513
5298530
5298547
5298557
5298558
5298560
5298562
5298563
5298564
5298628
5298635
5298702
5298786
5298945
5298947
5299037
5299111
5299161
5299232
5299291
5299329
5299331
5299453
5299487
5299488
5299500
5299536
5299544
5299560
5299609
5299641
5299643
5299646
5299647
5299649
5299660
5299669
5299790
5299793
5299836
5299839
5299842
5299902
5299904
5299908
5299911
5299922
5299943
5299946
5299950
5299958
5299965
5299971
5299977
5299981
5299982
5300014
5300049
5300065
5300071
5300073
5300110
5300113
5300140
5300141
5300163
5300268
5300308
5300463
5300484
5300530
5300818
5300819
5301018
5301315
5301334
5301343
5301399
5301422
5301446
5301520
5301814
5302412
5302801
5302802
5302828
5303159
5303209
5303344
5303525
5303741
5303760
5304241
5304395
5305060
5305431
5305515
5305608
5305809
5305870
5306209
5306213
5306404
5306745
5307050
5307175
5307303
5307406
5307420
5307498
5307809
5307822
5307860
5307880
5307932
5308018
5308304
5308306
5308348
5308352
5308360
5308364
5308382
5308386
5308388
5308395
5308396
5308421
5308425
5308429
5308445
5308447
5308454
5308459
5308470
5308480
5308489
5308499
5308559
5308561
5308589
5308599
5308642
5308648
5308651
5308656
5308658
5308675
5308678
5308685
5308688
5308691
5308702
5308787
5308941
5309062
5309118
5309202
5309259
5309304
5309319
5309323
5309324
5309336
5309339
5309357
5309361
5309373
5309392
5309399
5309402
5309445
5309550
5309590
5309657
5309844
5309852
5309853
5309871
5309876
5310055
5310078
5310154
5310159
5310166
5310180
5310562
5310581
5310582
5310623
5310628
5310786
5310798
5310799
5310994
5311148
5311183
5311185
5311191
5311290
5311292
5311301
5311353
5311419
5311596
5312074
5312181
5312251
5312553
5312628
5312680
5312745
5313326
5313389
5313796
5313883
5313946
5314385
5314616
5314991
5315015
5315016
5315211
5315359
5315935
5317176
5317451
5318157
5318210
5318306
5318620
5318630
5318746
5318753
5318762
5318767
5318774
5318776
5318778
5318785
5318794
5318811
5318853
5318859
5318862
5318865
5318868
5318882
5318886
5318888
5318890
5318895
5318900
5318901
5318904
5318924
5319166
5319185
5319199
5319231
5319340
5319434
5319437
5319464
5319467
5319481
5319494
5319520
5319597
5319619
5319621
5319624
5319773
5319823
5319848
5319892
5319899
5319971
5319989
5320018
5320251
5320314
5320337
5320344
5320546
5320558
5320583
5320620
5320800
5320885
5321008
5321198
5321251
5321395
5321908
5322092
5322205
5322427
5322557
5322633
5322741
5322879
5322884
5323206
5323207
5323461
5323647
5323768
5323778
5324153
5324165
5324184
5324185
5324186
5324187
5324203
5324351
5324353
5324435
5324471
5324622
5324885
5324921
5325592
5325602
5325673
5325777
5325796
5325839
5325986
5326296
5326315
5326548
5326553
5326672
5326802
5327088
5327143
5327171
5327494
5327569
5327655
5327688
5327719
5327780
5327886
5327894
5327920
5327922
5327937
5327946
5328018
5328029
5328070
5328143
5328270
5328366
5328398
5328488
5328503
5328509
5328510
5328521
5328522
5328531
5328742
5329025
5329062
5329182
5329210
5329226
5329263
5329280
5329307
5329309
5329312
5329344
5329349
5329426
5329517
5329610
5329636
5329682
5330098
5330151
5330244
5330254
5330257
5330295
5330297
5330435
5330549
5330974
5331681
5331826
5331990
5332035
5332059
5332096
5332105
5332358
5332634
5332887
5332904
5332924
5333113
5333231
5333282
5333286
5333300
5333358
5333613
5333655
5334028
5334504
5334746
5335066
5335320
5335389
5335453
5335501
5335608
5335773
5335895
5335970
5336192
5336256
5336288
5336376
5336409
5336495
5336546
5336678
5336692
5336840
5336850
5336858
5336861
5337068
5337169
5337188
5337206
5337207
5337208
5337209
5337213
5337217
5337219
5337220
5337235
5337236
5337307
5337310
5337320
5337326
5337350
5337528
5337540
5337568
5337574
5337619
5337735
5337754
5337755
5338029
5338042
5338094
5338101
5338104
5338105
5338116
5338127
5338155
5338172
5338173
5338187
5338188
5338192
5338234
5338238
5338242
5338252
5338253
5338261
5338262
5338285
5338302
5338306
5338326
5338352
5338362
5338364
5338368
5338382
5338389
5338391
5338394
5338415
5338434
5338435
5338458
5338459
5338564
5338586
5338589
5338662
5338720
5338727
5338786
5338803
5338850
5338921
5339142
5339349
5339353
5339560
5339649
5339661
5339764
5340131
5340278
5340381
5340750
5340757
5340902
5341304
5341398
5341730
5341861
5341957
5342027
5342131
5342146
5342290
5342321
5342401
5342625
5342654
5342753
5342810
5342967
5343177
5343464
5343596
5343727
5343728
5343729
5343802
5343858
5344016
5344083
5344142
5344219
5344328
5344374
5344437
5344573
5344693
5344959
5345001
5345013
5345020
5345029
5345045
5345239
5345411
5345468
5345478
5345484
5345492
5345500
5345641
5345651
5345679
5345687
5345701
5345709
5345796
5345905
5345976
5345978
5345979
5345985
5345989
5346037
5346701
5346739
5346743
5346855
5346921
5346951
5347119
5347192
5347195
5347208
5347213
5347227
5347235
5347253
5347257
5347259
5347288
5347300
5347302
5347320
5347326
5347331
5347332
5347339
5347360
5347370
5347389
5347406
5347410
5347428
5347430
5347431
5347432
5347452
5347460
5347464
5347485
5347487
5347500
5347516
5347534
5347566
5347570
5347611
5347612
5347630
5347677
5347799
5347801
5347888
5347939
5348081
5348083
5348103
5348105
5348190
5348351
5348590
5348636
5348723
5348724
5348733
5348749
5348863
5348875
5348910
5349133
5349415
5349602
5349914
5350030
5350181
5350277
5350343
5350394
5350470
5350618
5350742
5350844
5350880
5350925
5350967
5351028
5351400
5352025
5352344
5352493
5352627
5352711
5352891
5352907
5352979
5353080
5353283
5353413
5353539
5353551
5353642
5353669
5353682
5353781
5353970
5354086
5354145
5354201
5354394
5354399
5354418
5354584
5354826
5355073
5355118
5355204
5355217
5355219
5355356
5355497
5355761
5355765
5355769
5355804
5355822
5355825
5355829
5355834
5355890
5355901
5355960
5355970
5355991
5355992
5355995
5355996
5355997
5356002
5356004
5356016
5356023
5356026
5356043
5356060
5356100
5356150
5356391
5356633
5356731
5356823
5356824
5356825
5356838
5356867
5356906
5357010
5357124
5357229
5357234
5357244
5357252
5357324
5357347
5357357
5357368
5357381
5357393
5357422
5357423
5357428
5357437
5357441
5357451
5357478
5357486
5357494
5357496
5357497
5357501
5357506
5357508
5357527
5357546
5357547
5357569
5357594
5357598
5357609
5357633
5357657
5357744
5357747
5357760
5357809
5357886
5357994
5358041
5358052
5358161
5358388
5358417
5358419
5358428
5358430
5358432
5358436
5358445
5358448
5358607
5358703
5358736
5358746
5358934
5359084
5359473
5359556
5359559
5359739
5359969
5360054
5360219
5360282
5360296
5360395
5360596
5360676
5360732
5361243
5361273
5361558
5361979
5362346
5362460
5362486
5362580
5362822
5362849
5363371
5363376
5363378
5363379
5363382
5363383
5363384
5363566
5363571
5363573
5363577
5363579
5363597
5363598
5363607
5363608
5363627
5363656
5363704
5363709
5363776
5363842
5363975
5363985
5363988
5364023
5364028
5364031
5364444
5364600
5364724
5364895
5364927
5364935
5364986
5365041
5365071
5365313
5365347
5365366
5365430
5365435
5365551
5365557
5365588
5365612
5365777
5365851
5365942
5365982
5365985
5365995
5365999
5366017
5366079
5366109
5366152
5366264
5366292
5366294
5366295
5366305
5366372
5366385
5366386
5366387
5366390
5366391
5366398
5366399
5366425
5366483
5366536
5366552
5366579
5366645
5366651
5366652
5366657
5366662
5366668
5366679
5366691
5366693
5366696
5366702
5366704
5366706
5366710
5366713
5366777
5366783
5366859
5366896
5366899
5366920
5366955
5366990
5367017
5367034
5367045
5367056
5367086
5367093
5367103
5367104
5367106
5367107
5367112
5367391
5367532
5367654
5367673
5367724
5367755
5367769
5367969
5368095
5368210
5368348
5368495
5368549
5368994
5369167
5369558
5369670
5370516
5370555
5370574
5370596
5370685
5370785
5370828
5370967
5371090
5371236
5371403
5371471
5371913
5371971
5372031
5372215
5372687
5373114
5373277
5373342
5373550
5373957
5374078
5374112
5374134
5374251
5374552
5374720
5374722
5374737
5374836
5374858
5375518
5375620
5375743
5375794
5375795
5375848
5375939
5375941
5375948
5375958
5375969
5375970
5375972
5375973
5375974
5375975
5375980
5375981
5375985
5375986
5375994
5376030
5376036
5376046
5376047
5376048
5376049
5376051
5376073
5376076
5376079
5376107
5376171
5376253
5376331
5376335
5376459
5376491
5376647
5376731
5376746
5376815
5377432
5377451
5377456
5377462
5377512
5377571
5377603
5377712
5377713
5377716
5377717
5377720
5377724
5377738
5377740
5377747
5377777
5377803
5377804
5377815
5377931
5377988
5378218
5378284
5378288
5378316
5378366
5378426
5378442
5378468
5378470
5378495
5378564
5378568
5378748
5378780
5378781
5378828
5379111
5379272
5379584
5379725
5379926
5379939
5379964
5380021
5380248
5380386
5380642
5381509
5381623
5381945
5381976
5381997
5382119
5382276
5382316
5382461
5383109
5383448
5383635
5383735
5383978
5383988
5384015
5384454
5384492
5384542
5384707
5384880
5384982
5385047
5385349
5385592
5385901
5386324
5386346
5386364
5386472
5386544
5386655
5386677
5386700
5386752
5386789
5386798
5386811
5386820
5386825
5386830
5386835
5386864
5386889
5386902
5386928
5386988
5387141
5387173
5387189
5387207
5387405
5387420
5387452
5387461
5387463
5387466
5387467
5387469
5387524
5387576
5387617
5387624
5387662
5387731
5387826
5387828
5387869
5387870
5387872
5387881
5387891
5387894
5387902
5387903
5387916
5387929
5387933
5387938
5387939
5387941
5387943
5387953
5387958
5387975
5388117
5388142
5388148
5388334
5388468
5388475
5388479
5388481
5388564
5388570
5388616
5388618
5388623
5388680
5388711
5388712
5388734
5388815
5388822
5388984
5389047
5389232
5389295
5389300
5389396
5389409
5389593
5389650
5389695
5389782
5389812
5389821
5389835
5389899
5390079
5390396
5390962
5391035
5391186
5391255
5391313
5391315
5391383
5391500
5391516
5391528
5391892
5392003
5392232
5392508
5392700
5392792
5392848
5392935
5393068
5393096
5393360
5393549
5393592
5393800
5394033
5394201
5394206
5394341
5394632
5394802
5394910
5395011
5395117
5395195
5395388
5395417
5395439
5395577
5395702
5395900
5395988
5396161
5396169
5396205
5396267
5396305
5396313
5396342
5396343
5396344
5396345
5396357
5396359
5396360
5396363
5396374
5396418
5396420
5396437
5396439
5396461
5396470
5396474
5396531
5396536
5396538
5396541
5396555
5396587
5396694
5396714
5396717
5396744
5396747
5396751
5396754
5396781
5396782
5396798
5396873
5396874
5396883
5396886
5396889
5396898
5396899
5396900
5396931
5396987
5396988
5396989
5396990
5396994
5396995
5397011
5397093
5397268
5397285
5397314
5397393
5397608
5397644
5397675
5397711
5397935
5397949
5397954
5397986
5397987
5397990
5397992
5397994
5397999
5398001
5398002
5398005
5398006
5398008
5398013
5398014
5398015
5398016
5398018
5398022
5398027
5398032
5398035
5398055
5398070
5398110
5398142
5398175
5398320
5398402
5398423
5398710
5398716
5398876
5398885
5398887
5399011
5399113
5399124
5399172
5399182
5399185
5399201
5399214
5399224
5399243
5399404
5399430
5399442
5399655
5399663
5399907
5400185
5400226
5400231
5400453
5400806
5400808
5401004
5401159
5401168
5401270
5401979
5402127
5402140
5402163
5402414
5402779
5402973
5403001
5403026
5403129
5403132
5403181
5403255
5403590
5403753
5403801
5404074
5404390
5404501
5404584
5404622
5404971
5405138
5405213
5405221
5405292
5405336
5405414
5405417
5405617
5405620
5405629
5405850
5405861
5405863
5405871
5405883
5405905
5405917
5405928
5405933
5406032
5406068
5406088
5406111
5406206
5406232
5406240
5406263
5406285
5406287
5406358
5406442
5406474
5406509
5406518
5406537
5406570
5406573
5406582
5406589
5406595
5406596
5406598
5406601
5406602
5406603
5406608
5406617
5406618
5406620
5406626
5406638
5406718
5406720
5406729
5406759
5406763
5406765
5406789
5406790
5406791
5406805
5406806
5406809
5406810
5406818
5406819
5406894
5406895
5406925
5406926
5406945
5406958
5407335
5407955
5408270
5408592
5408754
5408899
5409015
5409036
5409165
5409202
5409212
5409266
5409378
5409382
5409688
5409926
5410000
5410076
5410254
5410385
5410561
5410818
5410866
5410978
5411179
5411332
5411663
5411820
5411866
5412360
5412385
5412570
5412578
5412612
5412808
5412809
5412832
5412919
5412936
5413898
5413973
5414181
5414183
5414271
5414561
5414692
5415079
5415431
5415528
5415624
5415780
5415788
5415808
5415855
5416080
5416105
5416108
5416117
5416121
5416125
5416128
5416136
5416144
5416150
5416151
5416170
5416171
5416200
5416207
5416208
5416209
5416270
5416271
5416389
5416451
5416525
5416634
5416635
5416648
5416650
5416730
5416733
5416734
5416757
5416759
5416787
5416824
5416847
5416871
5416873
5416879
5416885
5416897
5416900
5416912
5416927
5416931
5416938
5416944
5416946
5416949
5416950
5416951
5416952
5416953
5416954
5416959
5416962
5416965
5416966
5416968
5416970
5416972
5416973
5416975
5416977
5416981
5416982
5416987
5417001
5417024
5417028
5417029
5417037
5417039
5417053
5417057
5417058
5417063
5417065
5417066
5417080
5417114
5417140
5417156
5417203
5417271
5417288
5417542
5417543
5417588
5417601
5417622
5417642
5417650
5417695
5417844
5418006
5418032
5418136
5418264
5418266
5418267
5418304
5418314
5418329
5418461
5419442
5420163
5420325
5420352
5420409
5420429
5420463
5420471
5420496
5420609
5420731
5420895
5420959
5421084
5421112
5421425
5422000
5422008
5422022
5422115
5422345
5422356
5422738
5422741
5423188
5423223
5423255
5423924
5423991
5424041
5424230
5424354
5424868
5425183
5425501
5425541
5425751
5425776
5425777
5425778
5425780
5425790
5425796
5425797
5425800
5425801
5425805
5425807
5425831
5425834
5425901
5425903
5425907
5425915
5425918
5425931
5425955
5425958
5426056
5426104
5426107
5426109
5426124
5426127
5426129
5426137
5426152
5426154
5426159
5426165
5426171
5426182
5426187
5426197
5426220
5426227
5426228
5426252
5426254
5426281
5426282
5426316
5426328
5426603
5426712
5427069
5427182
5427247
5427301
5427310
5427347
5427365
5427408
5427443
5427449
5427459
5427542
5427549
5427558
5427579
5427589
5427595
5427600
5427606
5427610
5427632
5427657
5427665
5427678
5427682
5427685
5427692
5427716
5427738
5427742
5427744
5427748
5427755
5427760
5427762
5427765
5427767
5427769
5427792
5427793
5427799
5427831
5427868
5427992
5428144
5428197
5428251
5428252
5428287
5428444
5428722
5428832
5428857
5428871
5428918
5428989
5428996
5428997
5429010
5429014
5429022
5429037
5429051
5429065
5429076
5429118
5429125
5429195
5429287
5429315
5429320
5429456
5429517
5429535
5429593
5429697
5429797
5430189
5430495
5430585
5430598
5430817
5430870
5430898
5431006
5431064
5431610
5431930
5431942
5432126
5432173
5432296
5432298
5432901
5432931
5432954
5433662
5433959
5434153
5434163
5434484
5434527
5434536
5435276
5435287
5435302
5435314
5436062
5436187
5436203
5436262
5436290
5436316
5436399
5436469
5436481
5436601
5436626
5436687
5436733
5437022
5437024
5437057
5437058
5437067
5437072
5437165
5437189
5437218
5437220
5437292
5437364
5437404
5437497
5437499
5437519
5437521
5437524
5437531
5437560
5437574
5437577
5437578
5437582
5437584
5437588
5437589
5437590
5437608
5437651
5437663
5437734
5437792
5437843
5437865
5438060
5438235
5438338
5438346
5438401
5438427
5438579
5438658
5438664
5438707
5439130
5439221
5439315
5439426
5439681
5439683
5439705
5439707
5439715
5439731
5439870
5439947
5440683
5440735
5440740
5442052
5442136
5442349
5442375
5442413
5442459
5442492
5442538
5442555
5442557
5442656
5442744
5442774
5442985
5443083
5443225
5443386
5443532
5443668
5443698
5443745
5444072
5444117
5444286
5444490
5444493
5444687
5444731
5444896
5445082
5445101
5445149
5445463
5445483
5445540
5445601
5445608
5445641
5445705
5445794
5445816
5445852
5445880
5445888
5445891
5446078
5446102
5446155
5446157
5446159
5446170
5446174
5446176
5446189
5446191
5446200
5446203
5446206
5446220
5446221
5446233
5446450
5446468
5446498
5446500
5446502
5446505
5446506
5446712
5446814
5446891
5446987
5447148
5447149
5447251
5447401
5447617
5447670
5447705
5447729
5447923
5447952
5448272
5448452
5448524
5448581
5448585
5448633
5448741
5448959
5451084
5451129
5451889
5451891
5452216
5452226
5452232
5452292
5452535
5452579
5452682
5452791
5452811
5453030
5453049
5453058
5453059
5453065
5453066
5453086
5453128
5453153
5453310
5453336
5453501
5453516
5453577
5453586
5453605
5453706
5453729
5453796
5453910
5453977
5454053
5454110
5454138
5454152
5454191
5454337
5454398
5454426
5454441
5454449
5454486
5454488
5454493
5454517
5454520
5454563
5454573
5454612
5454658
5454684
5454733
5454954
5454956
5454972
5454978
5455234
5455524
5455559
5455672
5455790
5455857
5456378
5456721
5456964
5457000
5457027
5457080
5457117
5457167
5457321
5457326
5457349
5457365
5457378
5457381
5457436
5457453
5457468
5457535
5457608
5457635
5457835
5458135
5458853
5458857
5459944
5460033
5461014
5461142
5461561
5461582
5462129
5462131
5462188
5462198
5462226
5462539
5462557
5462590
5462624
5463327
5463396
5463415
5463550
5463764
5463908
5463910
5463938
5463947
5464188
5464193
5464194
5464196
5464197
5464202
5464204
5464205
5464211
5464260
5464282
5464304
5464471
5464489
5464556
5464792
5464815
5464823
5464825
5464851
5464855
5464878
5465010
5465016
5465036
5465041
5465113
5465242
5465267
5465281
5465321
5465324
5465502
5465592
5465663
5465712
5465746
5465767
5465775
5465917
5465922
5465990
5466090
5466098
5466142
5466147
5466159
5466238
5466297
5466390
5467033
5467160
5467227
5467265
5467397
5467558
5467651
5467837
5468215
5468247
5468279
5468309
5468506
5468705
5469059
5469061
5469547
5469710
5470490
5470648
5470757
5470923
5470945
5471050
5471125
5472009
5472107
5472277
5472552
5472576
5472584
5472596
5472598
5472611
5472805
5472837
5473474
5473619
5473956
5473992
5474097
5474231
5474232
5474262
5474269
5474335
5474347
5474353
5474358
5474418
5474439
5474456
5474469
5474490
5474496
5474569
5474579
5474604
5474649
5474661
5474664
5474667
5474684
5474687
5474709
5475117
5475120
5475122
5475135
5475143
5475146
5475147
5475152
5475161
5475187
5475197
5475207
5475219
5475288
5475421
5475452
5475454
5475457
5475493
5475592
5475701
5475731
5475732
5475758
5475799
5475812
5475813
5475825
5475827
5475840
5475844
5475879
5475889
5475896
5475897
5475911
5475930
5475945
5475959
5475981
5475983
5475985
5475988
5476006
5476047
5476095
5476107
5476138
5476178
5476193
5476246
5476610
5476755
5476876
5476985
5477099
5477154
5477164
5477183
5477192
5477207
5477339
5477394
5477653
5477679
5477933
5477947
5478106
5478186
5478785
5478786
5479170
5479357
5480095
5480214
5480232
5480526
5480875
5480936
5480937
5481001
5481018
5481258
5481333
5481381
5481701
5481740
5482169
5482294
5482355
5482493
5482549
5482560
5482802
5483006
5483077
5483188
5483500
5483517
5483931
5484060
5484067
5484123
5484124
5484157
5484225
5484242
5484243
5484254
5484255
5484301
5484333
5484335
5484346
5484507
5484508
5484512
5484518
5484549
5484552
5484596
5484865
5484917
5485053
5485071
5485106
5485108
5485111
5485138
5485150
5485166
5485210
5485224
5485233
5485244
5485256
5485265
5485272
5485292
5485310
5485313
5485324
5485327
5485332
5485353
5485366
5485367
5485373
5485390
5485406
5485409
5485412
5485414
5485423
5485549
5485574
5485595
5485596
5485642
5485651
5485716
5485720
5485737
5485753
5485755
5485759
5485765
5485892
5486171
5486318
5486324
5486355
5486387
5486404
5486405
5486413
5486424
5486635
5486726
5486954
5487608
5487954
5487987
5488036
5488601
5488755
5488848
5489101
5489211
5489299
5489413
5490182
5491040
5491059
5491096
5491354
5491359
5491461
5491648
5491871
5491890
5491906
5492058
5492263
5492277
5492336
5492484
5492813
5492956
5493064
5493142
5493156
5493170
5493172
5493174
5493175
5493198
5493201
5493275
5493276
5493293
5493353
5493477
5493482
5493520
5493596
5493619
5493692
5493694
5493706
5493725
5493743
5493744
5493747
5493749
5493751
5493805
5493824
5493877
5493983
5493993
5494017
5494022
5494049
5494089
5494097
5494105
5494168
5494311
5494313
5494325
5494334
5494336
5494338
5494341
5494371
5494384
5494447
5494498
5494507
5494512
5494538
5494565
5494566
5494580
5494581
5494673
5494679
5494710
5494738
5494739
5494762
5494774
5494777
5494780
5494784
5494797
5494801
5494802
5494813
5494821
5494822
5494834
5494928
5495160
5495171
5495224
5495233
5495257
5495339
5495370
5495373
5495377
5495390
5495413
5495451
5495454
5495461
5495483
5495490
5495544
5495548
5495592
5495656
5495703
5495757
5495776
5495853
5495989
5495991
5496014
5496087
5496205
5496322
5496325
5496344
5496345
5496353
5496375
5496381
5496725
5496793
5496896
5497460
5497908
5497922
5498234
5498752
5498834
5498944
5499289
5499320
5500311
5500349
5500391
5500410
5500629
5500827
5501102
5501664
5501789
5502175
5502180
5502485
5503188
5503248
5503252
5503515
5503689
5503699
5503710
5503711
5503778
5503779
5503787
5503797
5503814
5503833
5503836
5503849
5503876
5503877
5503894
5503903
5503909
5504039
5504046
5504072
5504172
5504226
5504229
5504235
5504241
5504243
5504288
5504289
5504303
5504332
5504354
5504370
5504371
5504373
5504374
5504387
5504389
5504413
5504414
5504474
5504527
5504538
5504562
5504770
5504782
5504798
5504807
5504808
5504812
5504820
5504842
5504886
5504896
5504913
5505114
5505115
5505117
5505146
5505193
5505209
5505214
5505243
5505286
5505287
5505288
5505291
5505294
5505298
5505305
5505313
5505331
5505336
5505339
5505340
5505362
5505369
5505377
5505398
5505411
5505430
5505452
5505461
5505506
5505507
5505557
5505560
5505563
5505567
5505580
5505584
5505585
5505590
5505591
5505613
5505617
5505671
5505750
5505818
5505819
5505856
5506431
5506600
5507589
5507635
5508388
5508522
5508527
5508703
5508771
5509890
5510421
5510785
5510966
5511058
5511498
5511548
5511678
5511791
5512108
5512446
5512608
5512640
5512701
5512760
5513233
5513514
5513989
5514003
5514004
5514011
5514022
5514099
5514409
5514642
5514963
5515072
5515249
5515258
5515268
5515292
5515293
5515331
5515360
5515392
5515413
5515426
5515428
5515436
5515437
5515438
5515439
5515454
5515463
5515464
5515465
5515468
5515469
5515472
5515483
5515505
5515575
5515606
5515607
5515628
5515631
5515653
5515656
5515661
5515662
5515664
5515669
5515670
5515721
5515886
5516105
5516111
5516112
5516132
5516147
5516165
5516276
5516388
5516412
5516414
5516416
5516424
5516442
5516444
5516447
5516505
5516551
5516555
5516609
5516620
5516651
5516674
5516717
5516719
5516852
5516860
5516862
5516887
5516909
5516913
5516914
5516915
5516917
5516918
5516920
5516922
5516934
5516963
5516969
5516974
5516985
5516987
5516990
5516995
5517013
5517021
5517035
5517047
5517048
5517066
5517081
5517086
5517087
5517089
5517103
5517116
5517130
5517144
5517168
5517175
5517206
5517211
5517213
5517215
5517216
5517233
5517236
5517241
5517244
5517262
5517275
5517288
5517293
5517301
5517311
5517386
5517391
5517392
5517508
5517660
5517663
5517688
5518118
5518141
5518319
5518338
5518366
5518694
5518724
5518903
5518942
5518980
5519106
5519152
5519328
5519652
5520134
5520571
5520692
5520764
5520778
5520961
5520981
5521045
5522213
5522483
5522715
5522764
5523208
5523287
5523843
5523845
5523849
5523908
5523953
5524278
5524489
5524886
5524944
5525019
5525088
5525324
5525337
5525338
5525357
5525390
5525393
5525428
5525431
5525434
5525454
5525474
5525477
5525503
5525519
5525522
5525535
5525540
5525549
5525561
5525565
5525567
5525568
5525575
5525731
5525744
5525745
5525758
5525786
5525787
5525791
5525792
5525796
5525799
5525801
5525851
5525863
5525923
5525941
5525961
5525971
5525976
5526010
5526017
5526025
5526033
5526057
5526155
5526186
5526187
5526194
5526286
5526307
5526396
5526401
5526405
5526548
5526575
5526588
5526619
5526669
5526762
5526767
5526806
5526810
5526832
5526850
5526904
5527017
5527043
5527047
5527049
5527095
5527196
5527208
5527216
5527217
5527223
5527224
5527244
5527246
5527248
5527276
5527292
5527293
5527294
5527297
5527338
5527442
5527476
5527512
5527516
5527537
5527569
5527571
5527583
5527629
5527646
5527648
5527676
5527678
5527765
5527796
5527815
5527832
5527833
5527838
5527848
5527851
5527867
5527869
5527880
5527932
5527989
5528007
5528143
5528157
5528166
5528192
5528198
5528199
5528336
5528690
5528949
5529174
5529177
5529250
5529353
5529494
5529517
5529521
5529523
5529527
5529528
5530023
5530108
5530163
5530164
5530258
5530272
5530392
5530424
5530472
5530692
5530736
5530773
5530982
5530996
5532065
5532470
5533059
5533080
5533132
5533741
5533854
5534178
5534204
5534321
5534415
5534985
5535143
5535327
5536018
5536044
5536101
5536140
5536188
5536611
5536669
5536756
5536758
5537116
5537258
5537424
5537492
5537546
5537747
5537902
5537909
5538080
5538092
5538119
5538171
5538172
5538173
5538174
5538226
5538228
5538251
5538253
5538265
5538370
5538416
5538417
5538475
5538526
5538532
5538549
5538560
5538565
5538576
5538582
5538583
5538585
5538588
5538708
5538722
5538724
5538761
5538833
5538835
5538904
5538935
5538949
5538961
5538962
5538966
5539063
5539066
5539108
5539160
5539225
5539340
5539344
5539386
5539419
5539428
5539436
5539451
5539504
5539511
5539521
5539523
5539527
5539568
5539575
5539588
5539632
5539639
5539640
5539687
5539696
5539713
5539723
5539745
5539747
5539749
5539803
5539805
5539822
5539831
5539841
5539846
5539853
5539854
5539940
5539943
5540065
5540066
5540067
5540074
5540126
5540135
5540158
5540166
5540209
5540212
5540215
5540287
5540289
5540295
5540301
5540341
5540398
5540400
5540503
5540538
5540733
5540734
5540814
5540827
5541173
5541322
5541540
5541598
5541627
5541646
5541708
5541765
5541802
5541820
5541885
5541929
5542057
5542176
5542236
5542249
5542409
5542523
5542634
5542640
5542707
5542762
5542857
5542955
5543241
5543790
5543976
5543994
5544310
5544396
5544420
5544575
5544579
5545714
5545755
5545768
5546426
5546658
5546670
5546870
5546872
5546874
5546880
5546893
5547110
5547111
5547266
5547331
5547358
5547436
5547537
5547556
5547633
5547655
5547783
5548015
5548126
5548158
5548237
5548310
5548427
5548429
5548474
5548521
5548523
5548524
5548552
5548557
5548559
5548619
5548656
5548660
5548664
5548676
5548681
5548741
5548841
5549037
5549201
5549242
5549443
5549487
5549508
5549509
5549530
5549533
5549536
5549537
5549547
5549560
5549712
5549758
5549808
5549843
5549888
5549992
5550009
5550128
5550130
5550143
5550144
5550187
5550255
5550283
5550287
5550303
5550306
5550307
5550308
5550319
5550330
5550333
5550380
5550390
5550478
5550490
5550499
5550525
5550552
5550581
5550584
5550603
5550604
5550609
5550611
5550685
5550691
5550701
5550702
5550705
5550726
5550736
5550737
5550741
5550744
5550750
5550763
5550936
5550944
5551005
5551030
5551056
5551059
5551060
5551179
5551192
5551242
5551261
5551296
5551335
5551345
5551354
5551419
5551458
5551459
5551485
5551532
5551634
5551717
5551718
5551796
5551921
5551976
5552131
5552146
5552166
5552209
5552236
5552238
5552254
5552543
5552637
5552725
5552934
5552949
5553103
5553699
5554169
5554216
5554235
5554236
5554237
5554240
5554487
5554489
5554679
5555360
5555674
5555849
5555881
5555975
5556121
5556332
5556374
5556542
5556552
5556580
5556600
5556701
5557193
5557422
5557425
5557432
5557435
5557447
5557456
5557630
5557910
5558053
5558211
5558214
5558461
5558662
5558748
5558750
5558810
5558824
5558871
5558936
5558955
5558999
5559110
5559418
5559493
5559500
5559544
5559608
5560015
5560115
5560118
5560122
5560128
5560138
5560167
5560260
5560349
5560350
5560355
5560356
5560357
5560361
5560420
5560475
5560490
5560685
5560803
5560888
5561191
5561302
5561387
5561533
5561598
5561652
5561705
5561738
5561745
5561749
5561750
5561752
5561754
5561755
5561781
5561782
5561789
5561790
5561848
5561849
5561905
5561908
5561913
5561918
5561934
5561947
5561957
5561989
5561992
5562029
5562085
5562093
5562133
5562135
5562203
5562226
5562231
5562241
5562272
5562289
5562340
5562342
5562381
5562385
5562402
5562424
5562505
5562518
5562551
5562557
5562585
5562604
5562622
5562632
5562636
5562642
5562648
5562778
5562814
5562841
5562941
5563093
5563287
5563333
5563345
5563348
5563374
5563404
5563406
5563408
5563410
5563428
5563431
5563434
5563435
5563498
5563533
5563585
5563614
5563629
5563695
5563824
5563993
5564097
5564108
5564110
5564129
5564169
5564230
5564238
5564316
5564383
5564603
5564645
5564762
5565303
5565352
5565863
5566001
5566060
5566202
5566204
5566883
5567166
5567381
5567471
5567514
5568551
5568670
5568708
5568724
5568742
5569001
5569164
5569597
5569636
5570104
5570106
5570577
5571068
5571073
5571085
5571252
5571376
5571583
5571596
5571611
5571638
5571649
5571657
5571699
5571708
5571709
5571719
5571760
5571783
5571805
5571806
5571819
5571878
5571889
5571891
5571916
5571925
5571941
5571947
5571959
5571961
5571972
5571976
5571986
5571987
5571993
5572015
5572049
5572050
5572052
5572063
5572067
5572073
5572075
5572174
5572177
5572189
5572193
5572198
5572226
5572328
5572366
5572443
5572444
5572453
5572493
5572543
5572558
5572580
5572583
5572636
5572639
5572643
5572660
5572661
5572666
5572667
5572671
5572672
5572673
5572678
5572679
5572710
5572712
5572767
5572770
5572817
5572828
5572835
5572836
5572837
5572854
5572859
5572863
5572864
5572894
5572909
5572915
5572953
5572965
5572986
5573026
5573040
5573047
5573058
5573111
5573115
5573116
5573127
5573153
5573160
5573177
5573179
5573189
5573232
5573233
5573313
5573319
5573339
5573340
5573347
5573350
5573363
5573370
5573407
5573417
5573423
5573439
5573455
5573461
5573466
5573548
5573575
5573599
5573605
5573616
5573634
5573705
5573716
5573770
5573979
5574160
5574220
5574221
5574293
5574297
5574307
5574309
5574322
5574344
5574351
5574361
5574376
5574380
5574381
5574382
5574384
5574387
5574393
5574425
5574429
5574523
5574530
5574553
5574562
5574564
5574807
5574921
5574972
5574990
5575027
5575036
5575114
5575133
5575173
5575208
5575221
5575355
5575382
5575387
5575392
5575666
5575699
5575765
5575918
5576109
5576147
5576251
5576475
5576587
5576642
5576879
5576992
5577393
5577717
5578696
5578799
5579027
5579060
5579124
5579153
5579183
5579573
5579745
5579875
5580292
5580323
5580376
5580468
5580764
5580793
5580950
5581157
5581273
5581847
5581900
5581950
5582368
5582380
5582429
5582579
5582661
5582667
5582689
5582696
5582698
5582699
5582760
5582763
5582766
5582780
5582786
5582789
5582799
5582824
5582829
5582834
5582835
5582844
5582846
5582847
5582852
5582853
5582858
5582863
5582870
5582874
5582877
5582884
5582898
5582899
5582908
5582919
5582922
5582924
5582926
5582942
5582944
5582946
5582986
5583022
5583049
5583053
5583055
5583057
5583120
5583121
5583122
5583124
5583142
5583145
5583227
5583431
5583583
5583587
5583739
5583761
5583772
5583773
5583838
5583887
5583888
5583906
5583907
5583927
5583937
5583938
5583941
5583967
5583975
5583978
5584007
5584008
5584025
5584031
5584050
5584051
5584058
5584077
5584080
5584091
5584094
5584099
5584109
5584123
5584152
5584186
5584189
5584190
5584191
5584194
5584198
5584294
5584300
5584346
5584347
5584379
5584396
5584417
5584423
5584447
5584486
5584495
5584509
5584516
5584609
5584620
5584628
5584635
5584673
5584680
5584888
5584895
5584912
5584918
5584926
5584953
5584959
5584962
5584965
5584990
5585232
5585243
5585275
5585330
5585435
5585436
5585438
5585443
5585444
5585450
5585463
5585484
5585532
5585620
5585633
5585695
5585781
5585880
5585920
5586087
5586162
5586261
5586440
5586790
5586932
5587204
5587518
5587902
5587906
5587991
5588105
5588362
5588363
5588591
5588824
5589227
5589406
5589504
5589650
5590070
5590858
5590927
5590935
5591311
5591682
5592167
5592323
5592398
5592784
5593123
5593141
5593256
5593297
5593334
5593531
5593537
5593555
5593609
5593610
5593621
5593625
5593626
5593648
5593649
5593650
5593653
5593655
5593656
5593659
5593663
5593666
5593667
5593686
5593692
5593701
5593714
5593723
5593725
5593738
5593892
5593911
5593932
5593933
5593934
5593935
5593950
5593951
5593993
5594023
5594120
5594183
5594248
5594313
5594327
5594359
5594432
5594534
5594537
5594545
5594558
5594583
5594585
5594634
5594636
5594666
5594667
5594703
5594708
5594727
5594742
5594754
5594757
5594832
5594859
5594875
5594889
5594890
5594899
5594909
5594936
5594944
5594948
5594962
5595041
5595045
5595058
5595060
5595062
5595063
5595071
5595078
5595086
5595110
5595122
5595128
5595148
5595152
5595276
5595297
5595370
5595427
5595534
5595539
5595543
5595570
5595574
5595587
5595675
5595691
5595845
5595858
5596134
5596240
5596311
5596313
5596474
5596535
5596585
5596621
5597018
5597039
5597194
5598225
5598303
5598469
5598509
5598803
5598956
5599027
5599945
5600225
5601042
5601490
5601553
5601724
5602014
5602360
5602617
5602739
5602744
5602797
5602803
5602828
5603145
5603718
5603790
5604103
5604104
5604141
5604160
5604173
5604182
5604183
5604188
5604193
5604200
5604205
5604206
5604207
5604215
5604231
5604252
5604285
5604286
5604307
5604309
5604326
5604333
5604346
5604348
5604355
5604361
5604391
5604397
5604467
5604523
5604525
5604528
5604529
5604537
5604539
5604541
5604542
5604545
5604547
5604550
5604597
5604614
5604617
5604619
5604624
5604634
5604638
5604742
5604818
5604906
5604911
5605025
5605028
5605041
5605046
5605144
5605153
5605212
5605213
5605299
5605367
5605374
5605406
5605421
5605430
5605443
5605449
5605460
5605475
5605492
5605495
5605505
5605531
5605551
5605562
5605564
5605572
5605573
5605574
5605577
5605579
5605600
5605648
5605656
5605659
5605679
5605689
5605700
5605701
5605710
5605714
5605718
5605720
5605759
5605763
5605799
5605828
5605885
5605910
5605924
5605926
5605930
5605940
5605945
5605948
5605954
5605979
5606005
5606050
5606058
5606160
5606165
5606187
5606188
5606269
5606313
5606316
5606461
5606520
5606522
5606528
5606771
5607012
5607219
5607244
5607250
5607319
5607471
5607596
5607789
5607790
5607873
5607945
5607978
5608696
5608741
5608773
5608852
5608882
5608913
5609023
5609320
5609409
5609414
5609434
5609484
5609606
5610433
5610489
5611253
5611497
5611819
5614460
5614605
5614653
5614687
5614785
5614859
5614925
5614998
5615315
5615847
5615894
5615904
5615929
5615983
5615985
5615986
5615995
5616002
5616012
5616062
5616085
5616113
5616128
5616136
5616138
5616147
5616166
5616167
5616183
5616186
5616193
5616206
5616217
5616282
5616301
5616349
5616404
5616405
5616416
5616417
5616444
5616462
5616466
5616468
5616474
5616475
5616484
5616499
5616509
5616511
5616517
5616525
5616557
5616558
5616630
5616654
5616663
5616665
5616667
5616668
5616678
5616697
5616739
5616812
5616814
5616820
5616821
5616824
5616825
5616826
5616829
5616836
5616932
5616950
5617028
5617032
5617033
5617038
5617058
5617059
5617062
5617076
5617186
5617300
5617316
5617460
5617467
5617468
5617513
5617532
5617537
5617584
5617588
5617622
5617656
5617695
5617718
5617739
5617753
5617767
5617771
5617802
5617887
5617900
5617979
5617997
5618008
5618022
5618035
5618038
5618040
5618045
5618060
5618061
5618074
5618086
5618095
5618100
5618188
5618203
5618207
5618220
5618228
5618240
5618264
5618279
5618304
5618305
5618306
5618371
5618381
5618395
5618426
5618676
5619118
5619122
5619139
5619151
5619168
5619172
5619376
5619550
5619652
5619706
5619733
5619761
5619805
5619945
5620173
5620188
5620849
5621792
5621794
5621797
5621801
5621820
5623743
5623745
5624088
5624202
5624878
5626186
5626524
5626561
5626997
5627006
5627012
5627063
5627069
5627071
5627095
5627097
5627098
5627099
5627104
5627106
5627107
5627109
5627118
5627125
5627150
5627152
5627185
5627195
5627199
5627210
5627212
5627236
5627292
5627367
5627478
5627542
5627583
5627589
5627601
5627616
5627658
5627659
5627683
5627975
5628029
5628076
5628131
5628149
5628152
5628155
5628158
5628166
5628171
5628177
5628178
5628180
5628182
5628183
5628188
5628189
5628212
5628217
5628347
5628354
5628355
5628393
5628524
5628525
5628526
5628528
5628553
5628556
5628557
5628561
5628582
5628593
5628649
5628652
5628653
5628655
5628659
5628681
5628706
5628770
5628780
5628781
5628803
5628868
5628882
5628934
5629049
5629052
5629577
5629651
5629652
5629675
5629693
5629694
5629714
5629968
5629981
5630018
5630114
5630115
5630272
5630273
5630290
5630423
5630437
5630710
5631128
5631564
5631785
5631789
5631791
5631795
5632350
5632354
5632525
5632633
5633291
5633475
5633550
5633640
5634539
5634845
5634950
5635084
5635319
5635566
5635848
5636322
5636534
5636563
5636564
5636930
5636932
5636972
5636980
5637162
5637169
5637266
5637275
5637288
5637531
5637705
5637778
5637993
5638009
5638010
5638011
5638012
5638014
5638015
5638017
5638024
5638026
5638057
5638061
5638064
5638134
5638135
5638136
5638137
5638139
5638213
5638216
5638367
5638394
5638395
5638421
5638470
5638536
5638538
5638550
5638557
5638582
5638583
5638611
5638613
5638625
5638675
5638693
5638710
5638719
5638746
5638755
5638760
5638865
5638967
5639028
5639081
5639707
5639881
5639882
5640307
5640344
5640417
5640421
5640426
5640487
5640505
5640534
5640604
5640989
5641006
5641172
5641290
5641533
5641557
5641607
5642383
5642726
5642830
5642854
5644042
5644320
5644449
5644596
5644642
5645568
5645844
5645970
5646149
5646540
5646833
5646835
5647071
5648598
5648671
5648741
5648767
5648779
5648782
5649020
5649246
5649251
5649253
5649260
5649266
5649269
5649270
5649273
5649275
5649304
5649307
5649312
5649315
5649326
5649362
5649385
5649405
5649417
5649418
5649427
5649428
5649429
5649434
5649574
5649582
5649612
5649706
5649816
5649972
5649994
5649995
5650077
5650114
5650121
5650126
5650162
5650216
5650387
5650506
5650567
5650635
5650643
5650853
5650932
5650942
5650952
5651044
5651050
5651053
5651107
5651113
5651115
5651126
5651147
5651250
5651265
5651278
5651401
5651570
5651637
5651668
5651835
5651837
5651840
5652265
5652266
5653792
5653850
5653968
5654024
5654066
5654092
5654103
5654407
5654416
5654418
5654433
5654434
5654514
5654571
5654645
5655364
5656059
5656502
5656733
5657181
5658003
5658400
5658996
5659689
5659736
5660104
5660333
5660710
5661161
5661487
5661520
5661576
5661757
5662130
5662143
5662144
5662161
5662186
5662192
5662289
5662311
5662319
5662335
5662343
5662370
5662376
5662388
5662400
5662556
5662580
5662651
5662652
5662687
5662785
5662803
5662804
5662902
5662903
5662907
5662917
5662924
5662934
5662979
5663011
5663033
5663035
5663041
5663177
5663179
5663191
5663196
5663199
5663218
5663237
5663265
5663269
5663281
5663305
5663314
5663346
5663354
5663359
5663374
5663381
5663383
5663388
5663389
5663390
5663392
5663393
5663401
5663409
5663410
5663411
5663419
5663421
5663437
5663557
5663642
5663671
5664102
5664143
5664345
5665142
5665553
5665958
5666174
5666195
5666196
5667177
5667457
5667727
5667811
5667843
5668314
5669752
5669765
5670008
5670153
5670283
5671504
5671683
5671739
5671885
5673383
5673636
5674528
5674680
5675399
5675416
5675540
5675545
5675549
5675558
5675573
5675577
5675734
5675759
5675787
5675795
5675896
5675950
5675984
5675995
5676055
5676129
5676145
5676167
5676243
5676273
5676333
5676486
5676630
5676636
5676894
5676895
5676896
5676906
5676918
5676921
5676939
5676941
5676943
5676945
5676946
5677000
5677045
5677048
5677052
5677057
5677058
5677060
5677075
5677077
5677078
5677214
5677219
5677221
5677239
5677241
5677242
5677243
5677270
5677272
5677275
5677281
5677294
5677300
5677323
5677331
5677336
5677376
5677385
5677388
5677509
5677528
5677745
5677824
5677999
5678094
5678363
5678659
5678752
5678753
5678754
5678761
5678779
5679163
5679236
5679444
5680904
5681766
5681998
5682260
5684354
5684882
5684908
5685220
5685627
5685782
5685809
5685880
5685939
5685985
5686078
5686116
5686252
5686316
5686404
5686525
5686549
5686558
5686564
5686566
5686611
5686692
5686707
5686714
5687018
5687024
5687043
5687071
5687074
5687075
5687077
5687086
5687087
5687088
5687132
5687142
5687151
5687217
5687246
5687262
5687276
5687295
5687298
5687311
5687313
5687331
5687339
5687361
5687380
5687381
5687384
5687395
5687405
5687411
5687415
5687419
5687436
5687481
5687486
5687487
5687511
5687515
5687541
5687587
5687598
5687644
5687718
5687806
5687812
5687827
5687850
5687861
5687869
5687923
5688337
5688385
5688426
5688439
5688870
5688882
5688884
5688888
5688910
5689053
5689352
5689707
5689711
5690340
5690360
5691566
5692154
5692493
5692790
5693859
5693967
5694749
5694914
5695260
5695512
5697027
5697127
5697132
5697143
5697266
5697821
5697829
5698007
5698008
5698009
5698011
5698013
5698014
5698069
5698071
5698072
5698084
5698414
5698432
5698480
5698520
5698522
5698523
5698525
5698526
5698531
5698569
5698667
5698689
5698709
5698710
5698727
5698731
5698733
5698740
5698742
5698748
5698837
5698869
5698965
5699029
5699102
5699218
5699325
5699677
5699720
5699740
5699804
5699870
5700261
5703522
5703572
5704021
5705286
5705438
5706089
5706371
5707123
5707146
5707214
5707276
5707467
5707638
5707853
5707934
5707952
5707963
5708149
5708626
5708886
5708897
5708903
5709142
5709160
5709424
5709518
5709694
5709703
5709710
5709731
5709747
5709753
5709804
5709810
5709855
5709887
5709921
5709993
5710008
5710219
5710334
5710336
5710341
5710361
5710411
5710484
5711135
5711492
5711504
5711539
5711572
5711584
5711602
5711716
5711776
5711862
5712016
5713106
5713277
5713357
5714880
5714885
5715330
5715426
5715985
5716061
5716093
5716245
5716267
5716466
5717196
5717199
5717381
5717897
5717922
5717978
5718088
5718092
5718119
5718154
5718549
5718605
5718611
5718624
5718626
5718629
5718634
5718651
5718787
5718832
5719008
5719010
5719020
5719156
5719165
5719177
5719224
5719333
5719372
5719376
5719401
5719403
5719405
5719406
5719410
5719411
5719412
5719413
5719414
5719510
5719829
5719875
5719894
5719906
5719964
5719980
5720000
5720025
5720086
5720163
5720261
5720283
5720301
5720331
5720332
5720504
5720559
5720572
5720573
5720635
5720666
5720693
5720790
5720804
5720817
5720848
5720874
5720882
5720986
5721247
5721790
5721957
5722749
5722781
5724811
5724826
5724839
5726030
5726032
5726045
5726047
5726727
5726807
5727014
5727627
5728167
5728312
5728573
5728933
5728936
5728949
5728997
5729010
5729020
5729022
5729023
5729025
5729115
5729123
5729269
5729270
5729274
5729284
5729293
5729336
5729447
5729734
5729748
5729909
5729968
5730025
5730199
5730201
5730206
5730470
5730529
5730578
5730606
5730624
5730657
5730719
5730728
5730734
5730742
5730744
5730760
5730830
5730870
5731192
5731199
5731207
5731212
5731227
5731229
5731247
5731256
5731258
5731259
5731279
5731280
5731281
5731290
5731351
5731511
5731517
5731519
5731541
5731542
5731544
5731556
5731558
5731578
5731583
5731598
5731708
5731723
5731728
5731792
5731793
5731811
5731832
5731839
5732042
5732043
5732118
5732122
5732139
5732141
5732142
5732225
5732232
5732770
5732916
5732940
5732942
5732948
5732958
5733122
5733605
5733607
5733671
5733680
5733700
5736033
5737514
5738477
5738719
5738724
5738810
5738891
5738897
5738898
5738954
5738984
5738998
5739008
5739009
5739024
5739329
5739466
5739567
5740222
5740663
5740682
5740859
5740873
5740877
5740973
5740976
5740979
5741072
5741117
5741212
5741280
5741472
5741667
5741706
5741710
5741711
5741741
5741806
5741810
5741910
5741913
5741947
5742260
5742262
5742265
5742266
5742267
5742308
5742346
5742354
5742358
5742379
5742386
5742392
5742393
5742418
5742430
5742432
5742448
5742488
5742504
5742509
5742511
5742525
5742527
5742531
5742570
5742581
5742592
5742593
5742596
5742661
5742691
5742699
5742736
5742737
5742787
5742818
5742833
5742995
5743001
5743004
5743083
5743086
5743093
5743099
5743123
5743195
5743206
5743216
5743233
5743234
5743260
5743373
5743399
5743449
5743464
5743486
5743489
5743491
5743494
5743521
5743536
5743578
5743581
5743600
5743602
5743674
5743988
5744026
5744259
5744410
5744483
5744491
5745271
5745328
5745359
5746015
5746038
5746046
5746291
5746331
5747495
5747497
5747578
5749374
5749895
5749952
5750138
5750530
5750712
5750757
5750760
5750763
5750765
5750772
5750774
5750794
5751408
5751426
5752047
5752048
5752050
5752111
5752241
5752249
5752256
5752261
5752272
5752276
5752428
5752680
5752774
5752899
5753093
5753486
5753496
5753502
5753503
5753532
5753769
5753853
5753896
5754064
5754121
5754122
5754195
5754201
5754257
5754258
5754282
5754536
5754539
5754541
5754549
5754603
5754606
5754612
5754683
5754693
5754810
5754818
5754819
5754821
5754886
5754918
5754921
5755178
5755184
5755201
5755207
5755221
5755222
5755261
5755263
5755282
5755304
5755314
5755336
5755369
5755374
5755384
5755537
5755608
5756355
5756368
5757333
5757334
5757340
5760287
5761960
5762917
5764054
5764222
5764980
5765032
5765092
5765119
5765126
5765128
5765220
5765322
5765587
5765665
5765679
5765825
5765971
5765982
5766056
5766085
5766145
5766304
5766350
5766356
5766366
5766372
5766408
5766430
5766453
5766457
5766459
5766470
5766478
5766480
5766526
5766553
5766554
5766556
5766567
5766570
5766571
5766594
5766612
5766677
5766678
5766682
5766707
5766768
5766782
5766786
5766790
5766803
5766805
5766810
5766819
5766831
5766833
5766872
5766961
5766975
5766998
5767009
5767030
5767038
5767055
5767074
5767228
5767285
5767298
5767416
5767474
5767701
5767766
5768148
5768228
5768233
5768260
5768431
5768891
5768996
5770103
5772684
5773838
5774199
5774272
5774339
5774801
5774803
5775423
5775601
5775603
5775618
5775857
5775873
5775912
5775931
5776063
5776071
5776109
5776224
5776237
5776258
5776266
5776267
5776269
5776279
5776313
5776316
5776369
5776389
5776436
5776440
5776447
5776449
5776451
5776454
5776472
5776488
5776493
5776498
5776660
5776670
5776698
5776826
5776851
5776905
5776925
5776926
5776964
5776965
5776966
5776967
5776969
5776986
5777001
5777016
5777032
5777034
5777139
5777634
5779375
5779664
5779672
5779734
5779766
5782988
5785738
5786644
5788480
5789206
5789472
5789495
5789535
5789539
5789545
5789571
5789610
5789646
5789656
5789699
5789708
5789709
5789719
5789726
5789730
5789742
5789754
5789760
5789766
5789769
5789773
5789791
5789793
5789794
5789819
5789820
5789846
5789862
5789864
5789875
5789906
5789927
5789931
5789945
5789947
5790015
5790156
5790406
5790429
5790692
5790693
5790729
5790802
5790957
5791588
5791683
5791741
5791743
5791895
5792828
5793821
5793900
5801334
5801956
5802046
5802068
5802266
5802276
5802302
5802313
5802330
5802506
5802528
5802533
5802534
5802541
5802542
5802643
5802644
5802645
5802862
5803533
5803557
5803559
5803586
5803593
5803605
5803612
5803664
5803670
5803676
5803770
5803771
5804649
5804656
5813358
5813360
5813863
5813865
5813869
5813871
5813879
5813889
5813895
5813931
5813946
5813959
5813967
5814219
5817084
5817210
